time,score,epochs
2022-03-23 03:40:00+00:00,0.00040767477417759384,260
2022-03-23 03:45:00+00:00,0.00025833195673255276,260
2022-03-23 03:50:00+00:00,0.00026539152439009083,260
2022-03-23 03:55:00+00:00,0.00027662947440027934,260
2022-03-23 04:00:00+00:00,0.0002933035084563,260
2022-03-23 04:05:00+00:00,0.00031368655234581,260
2022-03-23 04:10:00+00:00,0.00032137196702866096,260
2022-03-23 04:15:00+00:00,0.00032233708644349186,260
2022-03-23 04:20:00+00:00,0.0003385845897190754,260
2022-03-23 04:25:00+00:00,0.0003387455842343596,260
2022-03-23 04:30:00+00:00,0.0003280256407944854,260
2022-03-23 04:35:00+00:00,0.0002965658630496702,260
2022-03-23 04:40:00+00:00,0.00035135822538244065,260
2022-03-23 04:45:00+00:00,0.0004417858976661807,260
2022-03-23 04:50:00+00:00,0.0007259653829353444,260
2022-03-23 04:55:00+00:00,0.0005647013728096198,260
2022-03-23 05:00:00+00:00,0.0007320612338874397,260
2022-03-23 05:05:00+00:00,0.0008171038770380273,260
2022-03-23 05:10:00+00:00,0.0010432625671473001,260
2022-03-23 05:15:00+00:00,0.0010180390048685516,260
2022-03-23 05:20:00+00:00,0.001311660901038801,260
2022-03-23 05:25:00+00:00,0.001259051610479329,260
2022-03-23 05:30:00+00:00,0.0013410738162731282,260
2022-03-23 05:35:00+00:00,0.001182149110541669,260
2022-03-23 05:40:00+00:00,0.0012353158387566458,260
2022-03-23 05:45:00+00:00,0.0009608772840148576,260
2022-03-23 05:50:00+00:00,0.000876431398786995,260
2022-03-23 05:55:00+00:00,0.0010034961915024907,260
2022-03-23 06:00:00+00:00,0.0008504505860104499,260
2022-03-23 06:05:00+00:00,0.00028077980990463684,260
2022-03-23 06:10:00+00:00,0.00033870407576159584,260
2022-03-23 06:15:00+00:00,0.0001943947837744453,260
2022-03-23 06:20:00+00:00,0.0001630302733726676,260
2022-03-23 06:25:00+00:00,0.00014153755973986726,260
2022-03-23 06:30:00+00:00,0.000138508784073676,260
2022-03-23 06:35:00+00:00,0.00014289612607063255,260
2022-03-23 06:40:00+00:00,0.00012974926109157828,260
2022-03-23 06:45:00+00:00,0.00011677142437232264,260
2022-03-23 06:50:00+00:00,0.00016758516326731817,260
2022-03-23 06:55:00+00:00,0.001206265394673066,260
2022-03-23 07:00:00+00:00,0.002032704524428094,260
2022-03-23 07:05:00+00:00,0.0018584518873108098,260
2022-03-23 07:10:00+00:00,0.00193095558128662,260
2022-03-23 07:15:00+00:00,0.0019420297912062555,260
2022-03-23 07:20:00+00:00,0.0019792802970884397,260
2022-03-23 07:25:00+00:00,0.0020265187572192996,260
2022-03-23 07:30:00+00:00,0.001937814288096981,260
2022-03-23 07:35:00+00:00,0.0023396064787757787,260
2022-03-23 07:40:00+00:00,0.002087028953167424,260
2022-03-23 07:45:00+00:00,0.002783787640582925,260
2022-03-23 07:50:00+00:00,0.0016640174442671327,260
2022-03-23 07:55:00+00:00,0.0021000770241017446,260
2022-03-23 08:00:00+00:00,0.004555323369943952,260
2022-03-23 08:05:00+00:00,0.0032724644235412378,260
2022-03-23 08:10:00+00:00,0.0040303354722589155,260
2022-03-23 08:15:00+00:00,0.005154016577119032,260
2022-03-23 08:20:00+00:00,0.004563570549654028,260
2022-03-23 08:25:00+00:00,0.005902259151112037,260
2022-03-23 08:30:00+00:00,0.0040684504649231255,260
2022-03-23 08:35:00+00:00,0.004648024574457905,260
2022-03-23 08:40:00+00:00,0.006279508927035145,260
2022-03-23 08:45:00+00:00,0.008425063807380371,260
2022-03-23 08:50:00+00:00,0.0028053802422631532,260
2022-03-23 08:55:00+00:00,0.0021184079365511067,260
2022-03-23 09:00:00+00:00,0.0011822592915174482,260
2022-03-23 09:05:00+00:00,0.0028473977594424774,260
2022-03-23 09:10:00+00:00,0.0023114044568235967,260
2022-03-23 09:15:00+00:00,0.0011351473015482208,260
2022-03-23 09:20:00+00:00,0.0011646620666832333,260
2022-03-23 09:25:00+00:00,0.000610152675743732,260
2022-03-23 09:30:00+00:00,0.0005241797018747244,260
2022-03-23 09:35:00+00:00,0.0013425809579667434,260
2022-03-23 09:40:00+00:00,0.0009380499435101998,260
2022-03-23 09:45:00+00:00,0.0009338970522429406,260
2022-03-23 09:50:00+00:00,0.0006145571958800567,260
2022-03-23 09:55:00+00:00,0.0009761676582056198,260
2022-03-23 10:00:00+00:00,0.0011430951043514734,260
2022-03-23 10:05:00+00:00,0.0011601349277406373,260
2022-03-23 10:10:00+00:00,0.001106935409444992,260
2022-03-23 10:15:00+00:00,0.0013578184024710077,260
2022-03-23 10:20:00+00:00,0.0012990108222382408,260
2022-03-23 10:25:00+00:00,0.0016317170757575337,260
2022-03-23 10:30:00+00:00,0.0013419050535602964,260
2022-03-23 10:35:00+00:00,0.0013318288126011849,260
2022-03-23 10:40:00+00:00,0.0008936723089374596,260
2022-03-23 10:45:00+00:00,0.0008137175137906241,260
2022-03-23 10:50:00+00:00,0.0008713849419540137,260
2022-03-23 10:55:00+00:00,0.0007403978456738207,260
2022-03-23 11:00:00+00:00,0.0005670527256640755,260
2022-03-23 11:05:00+00:00,0.0010824915040667429,260
2022-03-23 11:10:00+00:00,0.0009493471623415268,260
2022-03-23 11:15:00+00:00,0.0009717868179009379,260
2022-03-23 11:20:00+00:00,0.0009349667019766599,260
2022-03-23 11:25:00+00:00,0.0007629912479441876,260
2022-03-23 11:30:00+00:00,0.0007269678258493995,260
2022-03-23 11:35:00+00:00,0.0008461980619361658,260
2022-03-23 11:40:00+00:00,0.0007170040881630476,260
2022-03-23 11:45:00+00:00,0.0007302159763952955,260
2022-03-23 11:50:00+00:00,0.0007304652019125871,260
2022-03-23 11:55:00+00:00,0.0005378865427298066,260
2022-03-23 12:00:00+00:00,0.0004471898359095214,260
2022-03-23 12:05:00+00:00,0.0004283316964570344,260
2022-03-23 12:10:00+00:00,0.00043738326011921784,260
2022-03-23 12:15:00+00:00,0.0004084489528978528,260
2022-03-23 12:20:00+00:00,0.00038863875482142863,260
2022-03-23 12:25:00+00:00,0.00038892096944055475,260
2022-03-23 12:30:00+00:00,0.00038532212620777286,260
2022-03-23 12:35:00+00:00,0.00038813916552437314,260
2022-03-23 12:40:00+00:00,0.0003786528770277139,260
2022-03-23 12:45:00+00:00,0.00036790473596620064,260
2022-03-23 12:50:00+00:00,0.00037759673577392064,260
2022-03-23 12:55:00+00:00,0.00041661357193637394,260
2022-03-23 13:00:00+00:00,0.00038840880417994445,260
2022-03-23 13:05:00+00:00,0.00027701970106705796,260
2022-03-23 13:10:00+00:00,0.00030783532482116905,260
2022-03-23 13:15:00+00:00,0.0003102334803676756,260
2022-03-23 13:20:00+00:00,0.00031749200052463324,260
2022-03-24 03:40:00+00:00,0.000600384142146578,260
2022-03-24 03:45:00+00:00,0.0003336035964185847,260
2022-03-24 03:50:00+00:00,0.0003252435345283773,260
2022-03-24 03:55:00+00:00,0.0003288867573039068,260
2022-03-24 04:00:00+00:00,0.000326320144177642,260
2022-03-24 04:05:00+00:00,0.0002962597740483123,260
2022-03-24 04:10:00+00:00,0.0002902930895389954,260
2022-03-24 04:15:00+00:00,0.0002875743181274396,260
2022-03-24 04:20:00+00:00,0.00027882647632090284,260
2022-03-24 04:25:00+00:00,0.00023260873735902297,260
2022-03-24 04:30:00+00:00,0.00023560088427837262,260
2022-03-24 04:35:00+00:00,0.00023874871423469883,260
2022-03-24 04:40:00+00:00,0.00023574168343753473,260
2022-03-24 04:45:00+00:00,0.00023066084429687234,260
2022-03-24 04:50:00+00:00,0.0002218643384395779,260
2022-03-24 04:55:00+00:00,0.00020970111655836492,260
2022-03-24 05:00:00+00:00,0.0001968643984728371,260
2022-03-24 05:05:00+00:00,0.00019504064374755662,260
2022-03-24 05:10:00+00:00,0.00019431916737149474,260
2022-03-24 05:15:00+00:00,0.0001813826486379905,260
2022-03-24 05:20:00+00:00,0.0001683269342434346,260
2022-03-24 05:25:00+00:00,0.00016925080961741328,260
2022-03-24 05:30:00+00:00,0.00017124613093018757,260
2022-03-24 05:35:00+00:00,0.00016930313811259093,260
2022-03-24 05:40:00+00:00,0.00015862391644687042,260
2022-03-24 05:45:00+00:00,0.0001690262800616814,260
2022-03-24 05:50:00+00:00,0.00017821436878366859,260
2022-03-24 05:55:00+00:00,0.00017502834724973957,260
2022-03-24 06:00:00+00:00,0.00017364639078855178,260
2022-03-24 06:05:00+00:00,0.00017908485819999372,260
2022-03-24 06:10:00+00:00,0.0001857179575852047,260
2022-03-24 06:15:00+00:00,0.00018443844880328703,260
2022-03-24 06:20:00+00:00,0.00017804116597082954,260
2022-03-24 06:25:00+00:00,0.00016995496578883128,260
2022-03-24 06:30:00+00:00,0.0001749700256987547,260
2022-03-24 06:35:00+00:00,0.00018130740772337952,260
2022-03-24 06:40:00+00:00,0.00018752114276368798,260
2022-03-24 06:45:00+00:00,0.00018716411280168344,260
2022-03-24 06:50:00+00:00,0.00018614585236297567,260
2022-03-24 06:55:00+00:00,0.0001961566591379813,260
2022-03-24 07:00:00+00:00,0.00020328748746716502,260
2022-03-24 07:05:00+00:00,0.00022059006316068792,260
2022-03-24 07:10:00+00:00,0.00023955435154910038,260
2022-03-24 07:15:00+00:00,0.00023724040746212814,260
2022-03-24 07:20:00+00:00,0.00022746494159869268,260
2022-03-24 07:25:00+00:00,0.00022116437465082446,260
2022-03-24 07:30:00+00:00,0.00021647188627661856,260
2022-03-24 07:35:00+00:00,0.00020631606254642925,260
2022-03-24 07:40:00+00:00,0.00019019457875811964,260
2022-03-24 07:45:00+00:00,0.00017064968307185742,260
2022-03-24 07:50:00+00:00,0.0001610102306249658,260
2022-03-24 07:55:00+00:00,0.00016161488991570984,260
2022-03-24 08:00:00+00:00,0.00015959911718757246,260
2022-03-24 08:05:00+00:00,0.00016301960186177264,260
2022-03-24 08:10:00+00:00,0.00017491038151941411,260
2022-03-24 08:15:00+00:00,0.00018773790590628973,260
2022-03-24 08:20:00+00:00,0.00020679929363894372,260
2022-03-24 08:25:00+00:00,0.0002235970986585906,260
2022-03-24 08:30:00+00:00,0.00021964622504530766,260
2022-03-24 08:35:00+00:00,0.00021254734380313537,260
2022-03-24 08:40:00+00:00,0.00022721077415946346,260
2022-03-24 08:45:00+00:00,0.00022221255051824214,260
2022-03-24 08:50:00+00:00,0.0002402801141001576,260
2022-03-24 08:55:00+00:00,0.0004671649301156655,260
2022-03-24 09:00:00+00:00,0.00043673132728571317,260
2022-03-24 09:05:00+00:00,0.0004110582366399912,260
2022-03-24 09:10:00+00:00,0.0004095918830254163,260
2022-03-24 09:15:00+00:00,0.00045255391166912313,260
2022-03-24 09:20:00+00:00,0.0004807308762542474,260
2022-03-24 09:25:00+00:00,0.0005422905213529584,260
2022-03-24 09:30:00+00:00,0.0005452298574279709,260
2022-03-24 09:35:00+00:00,0.0006240501391437564,260
2022-03-24 09:40:00+00:00,0.0006353903944178536,260
2022-03-24 09:45:00+00:00,0.0005952126497842784,260
2022-03-24 09:50:00+00:00,0.00036567460548976225,260
2022-03-24 09:55:00+00:00,0.00037176179581550873,260
2022-03-24 10:00:00+00:00,0.000384481362126778,260
2022-03-24 10:05:00+00:00,0.0003581108988500679,260
2022-03-24 10:10:00+00:00,0.0003413516745289247,260
2022-03-24 10:15:00+00:00,0.0003513131733963191,260
2022-03-24 10:20:00+00:00,0.0003651650421905364,260
2022-03-24 10:25:00+00:00,0.0003407298827993448,260
2022-03-24 10:30:00+00:00,0.0003540906266623501,260
2022-03-24 10:35:00+00:00,0.0003489942448287948,260
2022-03-24 10:40:00+00:00,0.0003302988078422581,260
2022-03-24 10:45:00+00:00,0.0003257310942374576,260
2022-03-24 10:50:00+00:00,0.00031191783017161146,260
2022-03-24 10:55:00+00:00,0.00029789815527559165,260
2022-03-24 11:00:00+00:00,0.0002812287025138242,260
2022-03-24 11:05:00+00:00,0.0002757930471100339,260
2022-03-24 11:10:00+00:00,0.000277737158401362,260
2022-03-24 11:15:00+00:00,0.0002750140906923719,260
2022-03-24 11:20:00+00:00,0.0002696965596433745,260
2022-03-24 11:25:00+00:00,0.00027067040354316284,260
2022-03-24 11:30:00+00:00,0.0002778834923770263,260
2022-03-24 11:35:00+00:00,0.0002677237374019195,260
2022-03-24 11:40:00+00:00,0.00026901665180601234,260
2022-03-24 11:45:00+00:00,0.0014093231649792782,260
2022-03-24 11:50:00+00:00,0.0007878099231530886,260
2022-03-24 11:55:00+00:00,0.0008400449756248572,260
2022-03-24 12:00:00+00:00,0.0008444311287005914,260
2022-03-24 12:05:00+00:00,0.000629320514099567,260
2022-03-24 12:10:00+00:00,0.0008925675408921566,260
2022-03-24 12:15:00+00:00,0.0005949257529894428,260
2022-03-24 12:20:00+00:00,0.0007135218342991981,260
2022-03-24 12:25:00+00:00,0.0005143334799464374,260
2022-03-24 12:30:00+00:00,0.0006411213907017606,260
2022-03-24 12:35:00+00:00,0.0003407697332980827,260
2022-03-24 12:40:00+00:00,0.0003295035097470368,260
2022-03-24 12:45:00+00:00,0.00032185121951569767,260
2022-03-24 12:50:00+00:00,0.00031351261459471654,260
2022-03-24 12:55:00+00:00,0.000294789046584011,260
2022-03-24 13:00:00+00:00,0.0001991805107633837,260
2022-03-24 13:05:00+00:00,0.0001345095711724811,260
2022-03-24 13:10:00+00:00,0.00013409730603669985,260
2022-03-24 13:15:00+00:00,0.00013678810851859013,260
2022-03-24 13:20:00+00:00,0.00015078203707909218,260
2022-03-24 13:25:00+00:00,0.00015610653817906705,260
2022-03-24 13:30:00+00:00,0.0001496229846436123,260
2022-03-24 13:35:00+00:00,0.00015439983141187898,260
2022-03-24 13:40:00+00:00,0.0001672464533206133,260
2022-03-24 13:45:00+00:00,0.0001510950259485507,260
2022-03-25 03:40:00+00:00,0.0005106602263878472,260
2022-03-25 03:45:00+00:00,0.0002613762073800609,260
2022-03-25 03:50:00+00:00,0.0002598563122157388,260
2022-03-25 03:55:00+00:00,0.00026436539181291265,260
2022-03-25 04:00:00+00:00,0.00029068371140856804,260
2022-03-25 04:05:00+00:00,0.00030544661172695665,260
2022-03-25 04:10:00+00:00,0.0003054956942773067,260
2022-03-25 04:15:00+00:00,0.0002961387084059334,260
2022-03-25 04:20:00+00:00,0.00029011807188166774,260
2022-03-25 04:25:00+00:00,0.00029089476168045014,260
2022-03-25 04:30:00+00:00,0.0002885978534591736,260
2022-03-25 04:35:00+00:00,0.00027821357077968163,260
2022-03-25 04:40:00+00:00,0.0002684046368177346,260
2022-03-25 04:45:00+00:00,0.00025109762597689514,260
2022-03-25 04:50:00+00:00,0.0002279178165678509,260
2022-03-25 04:55:00+00:00,0.0002060462198668356,260
2022-03-25 05:00:00+00:00,0.00019654851958357436,260
2022-03-25 05:05:00+00:00,0.00019529008632262167,260
2022-03-25 05:10:00+00:00,0.00020016920408705657,260
2022-03-25 05:15:00+00:00,0.00019053030990804124,260
2022-03-25 05:20:00+00:00,0.00017234792665183084,260
2022-03-25 05:25:00+00:00,0.00016160046899571555,260
2022-03-25 05:30:00+00:00,0.00015056613874652323,260
2022-03-25 05:35:00+00:00,0.00015000675790205085,260
2022-03-25 05:40:00+00:00,0.0001535497287439252,260
2022-03-25 05:45:00+00:00,0.00014314056005040803,260
2022-03-25 05:50:00+00:00,0.00013449445640043226,260
2022-03-25 05:55:00+00:00,0.00012561309342688903,260
2022-03-25 06:00:00+00:00,0.00011704299656715892,260
2022-03-25 06:05:00+00:00,0.00010100277231740856,260
2022-03-25 06:10:00+00:00,0.00010205745088067564,260
2022-03-25 06:15:00+00:00,0.0007564330553209052,260
2022-03-25 06:20:00+00:00,0.0012652721424242824,260
2022-03-25 06:25:00+00:00,0.00199447456265896,260
2022-03-25 06:30:00+00:00,0.0027726892467503416,260
2022-03-25 06:35:00+00:00,0.0034371055762232043,260
2022-03-25 06:40:00+00:00,0.004039012191820173,260
2022-03-25 06:45:00+00:00,0.004459561790816375,260
2022-03-25 06:50:00+00:00,0.004757720376449542,260
2022-03-25 06:55:00+00:00,0.005112189835694698,260
2022-03-25 07:00:00+00:00,0.005350202813336225,260
2022-03-25 07:05:00+00:00,0.005233997187242733,260
2022-03-25 07:10:00+00:00,0.005093407001878834,260
2022-03-25 07:15:00+00:00,0.004965296804067632,260
2022-03-25 07:20:00+00:00,0.004783293172157531,260
2022-03-25 07:25:00+00:00,0.004601348218353932,260
2022-03-25 07:30:00+00:00,0.004426798700727051,260
2022-03-25 07:35:00+00:00,0.004355443359395196,260
2022-03-25 07:40:00+00:00,0.00408252672753824,260
2022-03-25 07:45:00+00:00,0.0037989897138108355,260
2022-03-25 07:50:00+00:00,0.0036836746214178426,260
2022-03-25 07:55:00+00:00,0.0048676866011274035,260
2022-03-25 08:00:00+00:00,0.004400126631973527,260
2022-03-25 08:05:00+00:00,0.004441876521592653,260
2022-03-25 08:10:00+00:00,0.0043134227496435746,260
2022-03-25 08:15:00+00:00,0.006957583189217145,260
2022-03-25 08:20:00+00:00,0.009135130344647299,260
2022-03-25 08:25:00+00:00,0.009584349225320291,260
2022-03-25 08:30:00+00:00,0.009811289596727354,260
2022-03-25 08:35:00+00:00,0.010230301243743226,260
2022-03-25 08:40:00+00:00,0.010083449024854396,260
2022-03-25 08:45:00+00:00,0.011337488018628201,260
2022-03-25 08:50:00+00:00,0.008956668888502321,260
2022-03-25 08:55:00+00:00,0.009593896798909624,260
2022-03-25 09:00:00+00:00,0.00828591656835185,260
2022-03-25 09:05:00+00:00,0.008287498714788902,260
2022-03-25 09:10:00+00:00,0.007187514226152115,260
2022-03-25 09:15:00+00:00,0.004693053721784659,260
2022-03-25 09:20:00+00:00,0.0036270222278951287,260
2022-03-25 09:25:00+00:00,0.0034944962509185296,260
2022-03-25 09:30:00+00:00,0.0034025054516025146,260
2022-03-25 09:35:00+00:00,0.0037775448486842634,260
2022-03-25 09:40:00+00:00,0.0027563068232715937,260
2022-03-25 09:45:00+00:00,0.002411659268426955,260
2022-03-25 09:50:00+00:00,0.0020709870235231386,260
2022-03-25 09:55:00+00:00,0.0020004330345120727,260
2022-03-25 10:00:00+00:00,0.002349445793694539,260
2022-03-25 10:05:00+00:00,0.0019382339490864999,260
2022-03-25 10:10:00+00:00,0.0017019171671511719,260
2022-03-25 10:15:00+00:00,0.001478347132633828,260
2022-03-25 10:20:00+00:00,0.001140883705694988,260
2022-03-25 10:25:00+00:00,0.0010264633930295735,260
2022-03-25 10:30:00+00:00,0.0009156466840957036,260
2022-03-25 10:35:00+00:00,0.0003703519141710407,260
2022-03-25 10:40:00+00:00,0.0004318148102427264,260
2022-03-25 10:45:00+00:00,0.0003960505192640929,260
2022-03-25 10:50:00+00:00,0.00042340340472523785,260
2022-03-25 10:55:00+00:00,0.0003967183432094749,260
2022-03-25 11:00:00+00:00,0.00030866468320371924,260
2022-03-25 11:05:00+00:00,0.0002496361245957884,260
2022-03-25 11:10:00+00:00,0.00020805663304730878,260
2022-03-25 11:15:00+00:00,0.00020435649839761234,260
2022-03-25 11:20:00+00:00,0.00017707752055767838,260
2022-03-25 11:25:00+00:00,0.00013404525424333188,260
2022-03-25 11:30:00+00:00,0.00011548927420128091,260
2022-03-25 11:35:00+00:00,0.0001325687680547195,260
2022-03-25 11:40:00+00:00,0.00011919691411932604,260
2022-03-25 11:45:00+00:00,0.00010656776053698816,260
2022-03-25 11:50:00+00:00,0.00010825388054468977,260
2022-03-25 11:55:00+00:00,0.00012507236496172878,260
2022-03-25 12:00:00+00:00,0.0001468735475601075,260
2022-03-25 12:05:00+00:00,0.00016106799960009249,260
2022-03-25 12:10:00+00:00,0.00017178428565141856,260
2022-03-25 12:15:00+00:00,0.00015806338292543722,260
2022-03-25 12:20:00+00:00,0.0001437836606854542,260
2022-03-25 12:25:00+00:00,0.0001599524052987691,260
2022-03-25 12:30:00+00:00,0.000166897693266678,260
2022-03-25 12:35:00+00:00,0.00019294124607297262,260
2022-03-25 12:40:00+00:00,0.0001821967798640683,260
2022-03-25 12:45:00+00:00,0.00016294583884625234,260
2022-03-25 12:50:00+00:00,0.00016603159160017152,260
2022-03-25 12:55:00+00:00,0.00017073941332722547,260
2022-03-25 13:00:00+00:00,0.00016852309074381403,260
2022-03-25 13:05:00+00:00,0.00014591615831850908,260
2022-03-25 13:10:00+00:00,0.0001315575484135198,260
2022-03-26 03:40:00+00:00,0.0005677331683343149,260
2022-03-26 03:45:00+00:00,0.00031735152756392875,260
2022-03-26 03:50:00+00:00,0.0003536239737563462,260
2022-03-26 03:55:00+00:00,0.00034253850153167137,260
2022-03-26 04:00:00+00:00,0.00039969975348064734,260
2022-03-26 04:05:00+00:00,0.000419302237998481,260
2022-03-26 04:10:00+00:00,0.00040093895724479226,260
2022-03-26 04:15:00+00:00,0.0003877742247363812,260
2022-03-26 04:20:00+00:00,0.00038055284123524096,260
2022-03-26 04:25:00+00:00,0.00037458525076232343,260
2022-03-26 04:30:00+00:00,0.0003524902317329608,260
2022-03-26 04:35:00+00:00,0.00033535773128852767,260
2022-03-26 04:40:00+00:00,0.00033137634225447105,260
2022-03-26 04:45:00+00:00,0.0003198759023687091,260
2022-03-26 04:50:00+00:00,0.00029316438842507645,260
2022-03-26 04:55:00+00:00,0.00028040525544074105,260
2022-03-26 05:00:00+00:00,0.0002826804293562197,260
2022-03-26 05:05:00+00:00,0.0002842160923827471,260
2022-03-26 05:10:00+00:00,0.00027763594663827475,260
2022-03-26 05:15:00+00:00,0.0002770859989023298,260
2022-03-26 05:20:00+00:00,0.0002686592444264,260
2022-03-26 05:25:00+00:00,0.0002406440305918598,260
2022-03-26 05:30:00+00:00,0.00020965610510591522,260
2022-03-26 05:35:00+00:00,0.00019064847736642693,260
2022-03-26 05:40:00+00:00,0.00017968431263451002,260
2022-03-26 05:45:00+00:00,0.00017013199893283057,260
2022-03-26 05:50:00+00:00,0.00015592743096448162,260
2022-03-26 05:55:00+00:00,0.00015137301372188073,260
2022-03-26 06:00:00+00:00,0.00015199383426859833,260
2022-03-26 06:05:00+00:00,0.0001465157403948948,260
2022-03-26 06:10:00+00:00,0.00013880841901249745,260
2022-03-26 06:15:00+00:00,0.00012790125199268695,260
2022-03-26 06:20:00+00:00,0.00012540382388978062,260
2022-03-26 06:25:00+00:00,0.00012481681633678501,260
2022-03-26 06:30:00+00:00,0.000120630953796972,260
2022-03-26 06:35:00+00:00,0.00011960391469182005,260
2022-03-26 06:40:00+00:00,0.00012669802020573277,260
2022-03-26 06:45:00+00:00,0.00013750533909351047,260
2022-03-26 06:50:00+00:00,0.0001449986440837615,260
2022-03-26 06:55:00+00:00,0.00014940570048537548,260
2022-03-26 07:00:00+00:00,0.00014753256399815704,260
2022-03-26 07:05:00+00:00,0.00013291618299455152,260
2022-03-26 07:10:00+00:00,0.00013461351505190895,260
2022-03-26 07:15:00+00:00,0.00013577237115907964,260
2022-03-26 07:20:00+00:00,0.0001432739653143198,260
2022-03-26 07:25:00+00:00,0.0001396217939772106,260
2022-03-26 07:30:00+00:00,0.0001449314252703891,260
2022-03-26 07:35:00+00:00,0.00015608705455197246,260
2022-03-26 07:40:00+00:00,0.00016340936295624936,260
2022-03-26 07:45:00+00:00,0.00015816029100280073,260
2022-03-26 07:50:00+00:00,0.00018319323527467835,260
2022-03-26 07:55:00+00:00,0.00018656939945881928,260
2022-03-26 08:00:00+00:00,0.00019819053989782856,260
2022-03-26 08:05:00+00:00,0.00020065568397862132,260
2022-03-26 08:10:00+00:00,0.00020003743970762526,260
2022-03-26 08:15:00+00:00,0.00020059479410291148,260
2022-03-26 08:20:00+00:00,0.0001892104086877803,260
2022-03-26 08:25:00+00:00,0.00016611538046051378,260
2022-03-26 08:30:00+00:00,0.00014692809890088593,260
2022-03-26 08:35:00+00:00,0.00014089303332360902,260
2022-03-26 08:40:00+00:00,0.000143058623248631,260
2022-03-26 08:45:00+00:00,0.00012906901531174598,260
2022-03-26 08:50:00+00:00,0.00013043630999511332,260
2022-03-26 08:55:00+00:00,0.0001362613813294418,260
2022-03-26 09:00:00+00:00,0.00014367592657136822,260
2022-03-26 09:05:00+00:00,0.00015414645894086304,260
2022-03-26 09:10:00+00:00,0.00017383339526690802,260
2022-03-26 09:15:00+00:00,0.00018682738307304657,260
2022-03-26 09:20:00+00:00,0.00019501699368603168,260
2022-03-26 09:25:00+00:00,0.00019841713052844956,260
2022-03-26 09:30:00+00:00,0.00019589094099720474,260
2022-03-26 09:35:00+00:00,0.00020494277004165563,260
2022-03-26 09:40:00+00:00,0.000226543672887434,260
2022-03-26 09:45:00+00:00,0.0002487458001352709,260
2022-03-26 09:50:00+00:00,0.0002529280334883488,260
2022-03-26 09:55:00+00:00,0.0002529859228611507,260
2022-03-26 10:00:00+00:00,0.0002640664068081517,260
2022-03-26 10:05:00+00:00,0.000281212226348037,260
2022-03-26 10:10:00+00:00,0.00028034164816457467,260
2022-03-26 10:15:00+00:00,0.00028181985758352177,260
2022-03-26 10:20:00+00:00,0.00030226200760351756,260
2022-03-26 10:25:00+00:00,0.0003202817692560802,260
2022-03-26 10:30:00+00:00,0.00031459135806103495,260
2022-03-26 10:35:00+00:00,0.000339923024390697,260
2022-03-26 10:40:00+00:00,0.0003577893567691919,260
2022-03-26 10:45:00+00:00,0.00033570812918459867,260
2022-03-26 10:50:00+00:00,0.00033681198110352715,260
2022-03-26 10:55:00+00:00,0.00029854226382926264,260
2022-03-26 11:00:00+00:00,0.00028556736129389825,260
2022-03-26 11:05:00+00:00,0.0003521596193065059,260
2022-03-26 11:10:00+00:00,0.0007809353991839985,260
2022-03-26 11:15:00+00:00,0.0004481331201579269,260
2022-03-26 11:20:00+00:00,0.002728142317187923,260
2022-03-26 11:25:00+00:00,0.0022118679287455568,260
2022-03-26 11:30:00+00:00,0.002600570310349351,260
2022-03-26 11:35:00+00:00,0.00196623026268609,260
2022-03-26 11:40:00+00:00,0.002078861366034556,260
2022-03-26 11:45:00+00:00,0.0017067547446453165,260
2022-03-26 11:50:00+00:00,0.001923753826127164,260
2022-03-26 11:55:00+00:00,0.001540581197936066,260
2022-03-26 12:00:00+00:00,0.0017566035816168485,260
2022-03-26 12:05:00+00:00,0.0013837149659568211,260
2022-03-26 12:10:00+00:00,0.0019346461964317614,260
2022-03-26 12:15:00+00:00,0.001126428699892817,260
2022-03-26 12:20:00+00:00,0.0007372367402324171,260
2022-03-26 12:25:00+00:00,0.0005581002529941096,260
2022-03-26 12:30:00+00:00,0.0005099161428323617,260
2022-03-26 12:35:00+00:00,0.000439109631230494,260
2022-03-26 12:40:00+00:00,0.0004561542534149587,260
2022-03-26 12:45:00+00:00,0.00042513305843111033,260
2022-03-26 12:50:00+00:00,0.0004114684018143232,260
2022-03-26 12:55:00+00:00,0.000350165468030133,260
2022-03-26 13:00:00+00:00,0.000347420249121329,260
2022-03-26 13:05:00+00:00,0.00018833540796570907,260
2022-03-26 13:10:00+00:00,0.000195974247871447,260
2022-03-26 13:15:00+00:00,0.00021571315901427115,260
2022-03-26 13:20:00+00:00,0.00020991670748183558,260
2022-03-27 04:30:00+00:00,6.872244588516737e-05,260
2022-03-27 04:35:00+00:00,5.971592847590664e-05,260
2022-03-27 04:40:00+00:00,6.426139618702553e-05,260
2022-03-27 04:45:00+00:00,6.697295766306449e-05,260
2022-03-27 04:50:00+00:00,5.136005461502833e-05,260
2022-03-27 04:55:00+00:00,7.94105819772022e-05,260
2022-03-27 05:00:00+00:00,7.691155900771804e-05,260
2022-03-27 05:05:00+00:00,0.00024612881254032433,260
2022-03-27 05:10:00+00:00,0.00017739374874573802,260
2022-03-27 05:15:00+00:00,0.00023397041047470299,260
2022-03-27 05:20:00+00:00,0.0002499744683613827,260
2022-03-27 05:25:00+00:00,0.0009991472210061508,260
2022-03-27 05:30:00+00:00,0.0013260255065508841,260
2022-03-27 05:35:00+00:00,0.0013999838069202696,260
2022-03-27 05:40:00+00:00,0.0021140932016272696,260
2022-03-27 05:45:00+00:00,0.002009087557651843,260
2022-03-27 05:50:00+00:00,0.0018416417000335955,260
2022-03-27 05:55:00+00:00,0.0035404180402591407,260
2022-03-27 06:00:00+00:00,0.0031378860205527126,260
2022-03-27 06:05:00+00:00,0.004010197760479413,260
2022-03-27 06:10:00+00:00,0.004074185347158466,260
2022-03-27 06:15:00+00:00,0.004837103208300858,260
2022-03-27 06:20:00+00:00,0.0031043328084142535,260
2022-03-27 06:25:00+00:00,0.00325588161267662,260
2022-03-27 06:30:00+00:00,0.0028129692774138664,260
2022-03-27 06:35:00+00:00,0.0058282501306768835,260
2022-03-27 06:40:00+00:00,0.0063260956681890565,260
2022-03-27 06:45:00+00:00,0.004617342919961155,260
2022-03-27 06:50:00+00:00,0.00306181002892628,260
2022-03-27 06:55:00+00:00,0.0036476133261383967,260
2022-03-27 07:00:00+00:00,0.0034496985026634536,260
2022-03-27 07:05:00+00:00,0.0048110218285799195,260
2022-03-27 07:10:00+00:00,0.004844533688516791,260
2022-03-27 07:15:00+00:00,0.004662905475826807,260
2022-03-27 07:20:00+00:00,0.005163592023084025,260
2022-03-27 07:25:00+00:00,0.0024749559235853736,260
2022-03-27 07:30:00+00:00,0.002054758795690528,260
2022-03-27 07:35:00+00:00,0.0012155028271431652,260
2022-03-27 07:40:00+00:00,0.0006434738851740539,260
2022-03-27 07:45:00+00:00,0.0007577863714308987,260
2022-03-27 07:50:00+00:00,0.0007376585260360819,260
2022-03-27 07:55:00+00:00,0.0016093100360334374,260
2022-03-27 08:00:00+00:00,0.0007818380368267783,260
2022-03-27 08:05:00+00:00,0.0004338907432284606,260
2022-03-27 08:10:00+00:00,0.0003402438142658493,260
2022-03-27 08:15:00+00:00,0.00043353362199546376,260
2022-03-27 08:20:00+00:00,0.00045343113107503924,260
2022-03-27 08:25:00+00:00,0.00033403558625513715,260
2022-03-27 08:30:00+00:00,0.0006266790077931459,260
2022-03-27 08:35:00+00:00,0.0006226019011662148,260
2022-03-27 08:40:00+00:00,0.0007624805981890927,260
2022-03-27 08:45:00+00:00,0.0007975089175188554,260
2022-03-27 08:50:00+00:00,0.0019337601217328626,260
2022-03-27 08:55:00+00:00,0.000820158823638776,260
2022-03-27 09:00:00+00:00,0.0007607963136017135,260
2022-03-27 09:05:00+00:00,0.0007587461728892871,260
2022-03-27 09:10:00+00:00,0.001762578949120354,260
2022-03-27 09:15:00+00:00,0.0036014295374138666,260
2022-03-27 09:20:00+00:00,0.00320986351860006,260
2022-03-27 09:25:00+00:00,0.002837213052766574,260
2022-03-27 09:30:00+00:00,0.00278430997338198,260
2022-03-27 09:35:00+00:00,0.002616724536418789,260
2022-03-27 09:40:00+00:00,0.0025466840755348358,260
2022-03-27 09:45:00+00:00,0.0020768086286479127,260
2022-03-27 09:50:00+00:00,0.0021787896457711523,260
2022-03-27 09:55:00+00:00,0.0017852875600138424,260
2022-03-27 10:00:00+00:00,0.0025225233119997967,260
2022-03-27 10:05:00+00:00,0.001069468133240661,260
2022-03-27 10:10:00+00:00,0.0006565481563389116,260
2022-03-27 10:15:00+00:00,0.0003935956428528897,260
2022-03-27 10:20:00+00:00,0.00014873443668467735,260
2022-03-27 10:25:00+00:00,8.551588557098839e-05,260
2022-03-27 10:30:00+00:00,0.0001057235443454019,260
2022-03-27 10:35:00+00:00,0.00012505167887769583,260
2022-03-27 10:40:00+00:00,0.00014572774742600445,260
2022-03-27 10:45:00+00:00,0.000175871281400373,260
2022-03-27 10:50:00+00:00,0.0001809349526522913,260
2022-03-27 10:55:00+00:00,0.00018918286361820517,260
2022-03-27 11:00:00+00:00,0.00019032061010604894,260
2022-03-27 11:05:00+00:00,0.00017888257373064014,260
2022-03-27 11:10:00+00:00,0.0001570209901512478,260
2022-03-27 11:15:00+00:00,0.00014208033481612458,260
2022-03-27 11:20:00+00:00,0.00013472745562555466,260
2022-03-27 11:25:00+00:00,0.00012507563627479727,260
2022-03-27 11:30:00+00:00,0.00011375175360242939,260
2022-03-27 11:35:00+00:00,0.00011007384909001317,260
2022-03-27 11:40:00+00:00,0.0001224672065490242,260
2022-03-27 11:45:00+00:00,0.0001356007452958218,260
2022-03-27 11:50:00+00:00,0.00014244407024582923,260
2022-03-27 11:55:00+00:00,0.00015843683357524352,260
2022-03-27 12:00:00+00:00,0.0001695976876421704,260
2022-03-27 12:05:00+00:00,0.00017279320064342055,260
2022-03-27 12:10:00+00:00,0.0001815576668713931,260
2022-03-27 12:15:00+00:00,0.00018488045729805352,260
2022-03-27 12:20:00+00:00,0.000179571536775051,260
2022-03-27 12:25:00+00:00,0.00020125971195407568,260
2022-03-27 12:30:00+00:00,0.00021359626123688182,260
2022-03-27 12:35:00+00:00,0.00020661638634855521,260
2022-03-27 12:40:00+00:00,0.0001843637195626832,260
2022-03-27 12:45:00+00:00,0.00016066279368737114,260
2022-03-27 12:50:00+00:00,0.00015559132392496634,260
2022-03-27 12:55:00+00:00,0.00013211712877704635,260
2022-03-27 13:00:00+00:00,0.00011002392227441,260
2022-03-27 13:05:00+00:00,0.00010747026760925133,260
2022-03-27 13:10:00+00:00,0.00010924796316732498,260
2022-03-27 13:15:00+00:00,0.00011595071611064978,260
2022-03-27 13:20:00+00:00,0.0001114956373923669,260
2022-03-27 13:25:00+00:00,0.00010791828123811963,260
2022-03-28 04:00:00+00:00,0.0002558133131457048,260
2022-03-28 04:05:00+00:00,0.0003934147057891486,260
2022-03-28 04:10:00+00:00,0.000186731054194967,260
2022-03-28 04:15:00+00:00,0.0002617355822593355,260
2022-03-28 04:20:00+00:00,0.0002552935412998517,260
2022-03-28 04:25:00+00:00,0.0003319281992083769,260
2022-03-28 04:30:00+00:00,0.00035399493773376786,260
2022-03-28 04:35:00+00:00,0.0003484282219583661,260
2022-03-28 04:40:00+00:00,0.00034988742698110407,260
2022-03-28 04:45:00+00:00,0.00025373303605152984,260
2022-03-28 04:50:00+00:00,0.0005142138121124507,260
2022-03-28 04:55:00+00:00,0.0007114482374514882,260
2022-03-28 05:00:00+00:00,0.0005469354107785017,260
2022-03-28 05:05:00+00:00,0.00028409000153583285,260
2022-03-28 05:10:00+00:00,0.0002411500883830313,260
2022-03-28 05:15:00+00:00,0.00022602161219786315,260
2022-03-28 05:20:00+00:00,0.0002377899578161808,260
2022-03-28 05:25:00+00:00,0.00019592510853440272,260
2022-03-28 05:30:00+00:00,0.000208921012560922,260
2022-03-28 05:35:00+00:00,0.00029887160338376334,260
2022-03-28 05:40:00+00:00,0.00031365826585609,260
2022-03-28 05:45:00+00:00,0.00031409062169528666,260
2022-03-28 05:50:00+00:00,0.00042838986895281654,260
2022-03-28 05:55:00+00:00,0.0004280857780163357,260
2022-03-28 06:00:00+00:00,0.00048184681977993336,260
2022-03-28 06:05:00+00:00,0.0004349827570727269,260
2022-03-28 06:10:00+00:00,0.0004151286957537127,260
2022-03-28 06:15:00+00:00,0.0004496795607043718,260
2022-03-28 06:20:00+00:00,0.00046203101170183585,260
2022-03-28 06:25:00+00:00,0.0004759237746261813,260
2022-03-28 06:30:00+00:00,0.0005091854704016695,260
2022-03-28 06:35:00+00:00,0.0004589653153677414,260
2022-03-28 06:40:00+00:00,0.0005101192763265161,260
2022-03-28 06:45:00+00:00,0.00036055547761307635,260
2022-03-28 06:50:00+00:00,0.0005404273276742867,260
2022-03-28 06:55:00+00:00,0.0005017025647011866,260
2022-03-28 07:00:00+00:00,0.0006260086544214715,260
2022-03-28 07:05:00+00:00,0.000608964580062253,260
2022-03-28 07:10:00+00:00,0.0007120394187548506,260
2022-03-28 07:15:00+00:00,0.0006644293051993396,260
2022-03-28 07:20:00+00:00,0.0007248295719509312,260
2022-03-28 07:25:00+00:00,0.0008002835319252589,260
2022-03-28 07:30:00+00:00,0.001691490553047767,260
2022-03-28 07:35:00+00:00,0.0014657268602388267,260
2022-03-28 07:40:00+00:00,0.002018243889497081,260
2022-03-28 07:45:00+00:00,0.0019713004382549294,260
2022-03-28 07:50:00+00:00,0.0019041736394531255,260
2022-03-28 07:55:00+00:00,0.0023836663699179183,260
2022-03-28 08:00:00+00:00,0.00248105174010205,260
2022-03-28 08:05:00+00:00,0.002358381350157046,260
2022-03-28 08:10:00+00:00,0.0021277915182417676,260
2022-03-28 08:15:00+00:00,0.002399216766224138,260
2022-03-28 08:20:00+00:00,0.002058830770345894,260
2022-03-28 08:25:00+00:00,0.0013869685750106783,260
2022-03-28 08:30:00+00:00,0.0017756511175892802,260
2022-03-28 08:35:00+00:00,0.0014707303417857073,260
2022-03-28 08:40:00+00:00,0.0013353616097317384,260
2022-03-28 08:45:00+00:00,0.0017150660614684255,260
2022-03-28 08:50:00+00:00,0.003776621060985753,260
2022-03-28 08:55:00+00:00,0.0042291209963057665,260
2022-03-28 09:00:00+00:00,0.004553548734378037,260
2022-03-28 09:05:00+00:00,0.003918282909620997,260
2022-03-28 09:10:00+00:00,0.003971068708445143,260
2022-03-28 09:15:00+00:00,0.004288587563604311,260
2022-03-28 09:20:00+00:00,0.004357880952322791,260
2022-03-28 09:25:00+00:00,0.004847599254977563,260
2022-03-28 09:30:00+00:00,0.0050989200027826915,260
2022-03-28 09:35:00+00:00,0.005178913247660299,260
2022-03-28 09:40:00+00:00,0.005380533536297873,260
2022-03-28 09:45:00+00:00,0.005730350225286315,260
2022-03-28 09:50:00+00:00,0.005035012041151992,260
2022-03-28 09:55:00+00:00,0.005118193840987578,260
2022-03-28 10:00:00+00:00,0.0032390534778209477,260
2022-03-28 10:05:00+00:00,0.003993916890159244,260
2022-03-28 10:10:00+00:00,0.0023316915398537293,260
2022-03-28 10:15:00+00:00,0.0035391320430379625,260
2022-03-28 10:20:00+00:00,0.0008698795496884253,260
2022-03-28 10:25:00+00:00,0.0009670973912658497,260
2022-03-28 10:30:00+00:00,0.00044094522315918697,260
2022-03-28 10:35:00+00:00,0.0008512565314241278,260
2022-03-28 10:40:00+00:00,0.0003395758466206432,260
2022-03-28 10:45:00+00:00,9.261500807455668e-05,260
2022-03-28 10:50:00+00:00,8.30419648558297e-05,260
2022-03-28 10:55:00+00:00,9.154964966617116e-05,260
2022-03-28 11:00:00+00:00,0.00011738488308641306,260
2022-03-28 11:05:00+00:00,0.00012143657746425772,260
2022-03-28 11:10:00+00:00,0.00012053579072861953,260
2022-03-28 11:15:00+00:00,0.00014667018343627607,260
2022-03-28 11:20:00+00:00,0.0001257906334762365,260
2022-03-28 11:25:00+00:00,0.00012522353845864027,260
2022-03-28 11:30:00+00:00,0.00016665639855967647,260
2022-03-28 11:35:00+00:00,0.00018262848404907182,260
2022-03-28 11:40:00+00:00,0.00021354099527542004,260
2022-03-28 11:45:00+00:00,0.0003032869499126952,260
2022-03-28 11:50:00+00:00,0.0001673372244759523,260
2022-03-28 11:55:00+00:00,0.00015318458721482608,260
2022-03-28 12:00:00+00:00,0.00029270791026623263,260
2022-03-28 12:05:00+00:00,0.00040208461532417744,260
2022-03-28 12:10:00+00:00,0.0002935951356686797,260
2022-03-28 12:15:00+00:00,0.0002141814046422948,260
2022-03-28 12:20:00+00:00,0.0002008931932345615,260
2022-03-28 12:25:00+00:00,0.0002959742184783999,260
2022-03-28 12:30:00+00:00,0.0005213387483068462,260
2022-03-29 03:40:00+00:00,0.00036536705079489966,260
2022-03-29 03:45:00+00:00,0.00032279486627237263,260
2022-03-29 03:50:00+00:00,0.0003006965379520392,260
2022-03-29 03:55:00+00:00,0.00032027579274607323,260
2022-03-29 04:00:00+00:00,0.00033485626508838995,260
2022-03-29 04:05:00+00:00,0.00037253459803862583,260
2022-03-29 04:10:00+00:00,0.0002944073469775037,260
2022-03-29 04:15:00+00:00,0.0002660193451618721,260
2022-03-29 04:20:00+00:00,0.0003298511702017768,260
2022-03-29 04:25:00+00:00,0.00035993375835791075,260
2022-03-29 04:30:00+00:00,0.0003834031019751964,260
2022-03-29 04:35:00+00:00,0.0003396492120323985,260
2022-03-29 04:40:00+00:00,0.0005255828946692327,260
2022-03-29 04:45:00+00:00,0.0006941872733983202,260
2022-03-29 04:50:00+00:00,0.00047117161395603065,260
2022-03-29 04:55:00+00:00,0.00042776666407109574,260
2022-03-29 05:00:00+00:00,0.0003528475226930561,260
2022-03-29 05:05:00+00:00,0.0007572490944829711,260
2022-03-29 05:10:00+00:00,0.0005218608510785546,260
2022-03-29 05:15:00+00:00,0.0013053496807886801,260
2022-03-29 05:20:00+00:00,0.0007946994267251436,260
2022-03-29 05:25:00+00:00,0.0025806399044253103,260
2022-03-29 05:30:00+00:00,0.003196629438923042,260
2022-03-29 05:35:00+00:00,0.003640362962774763,260
2022-03-29 05:40:00+00:00,0.0027007940578436286,260
2022-03-29 05:45:00+00:00,0.002759087013271185,260
2022-03-29 05:50:00+00:00,0.002663542898005849,260
2022-03-29 05:55:00+00:00,0.003025221626548558,260
2022-03-29 06:00:00+00:00,0.0022994118623142993,260
2022-03-29 06:05:00+00:00,0.0026491337901375306,260
2022-03-29 06:10:00+00:00,0.0031209694513525408,260
2022-03-29 06:15:00+00:00,0.002315734945342048,260
2022-03-29 06:20:00+00:00,0.0036844387435913443,260
2022-03-29 06:25:00+00:00,0.0037402646715575636,260
2022-03-29 06:30:00+00:00,0.0033350362168509417,260
2022-03-29 06:35:00+00:00,0.003908293009766288,260
2022-03-29 06:40:00+00:00,0.003829794385728182,260
2022-03-29 06:45:00+00:00,0.0036656247615668804,260
2022-03-29 06:50:00+00:00,0.005106232621978289,260
2022-03-29 06:55:00+00:00,0.004845855111815397,260
2022-03-29 07:00:00+00:00,0.005978977322405563,260
2022-03-29 07:05:00+00:00,0.006503310545103025,260
2022-03-29 07:10:00+00:00,0.006513848359569651,260
2022-03-29 07:15:00+00:00,0.005850998294532131,260
2022-03-29 07:20:00+00:00,0.003389954066907498,260
2022-03-29 07:25:00+00:00,0.0023210337238168473,260
2022-03-29 07:30:00+00:00,0.002227218468891238,260
2022-03-29 07:35:00+00:00,0.0014679525382695526,260
2022-03-29 07:40:00+00:00,0.001855726436276237,260
2022-03-29 07:45:00+00:00,0.0008587712502125468,260
2022-03-29 07:50:00+00:00,0.0008368853292740179,260
2022-03-29 07:55:00+00:00,0.0002308270836034214,260
2022-03-29 08:00:00+00:00,0.00010971835994821149,260
2022-03-29 08:05:00+00:00,0.00024311561851867865,260
2022-03-29 08:10:00+00:00,0.00024256604300132705,260
2022-03-29 08:15:00+00:00,0.00030574086444236495,260
2022-03-29 08:20:00+00:00,0.0002728198823802539,260
2022-03-29 08:25:00+00:00,0.00032399834769678747,260
2022-03-29 08:30:00+00:00,0.0003140687616964992,260
2022-03-29 08:35:00+00:00,0.00029168669336981863,260
2022-03-29 08:40:00+00:00,0.0003193284901114444,260
2022-03-29 08:45:00+00:00,0.0003615432669646128,260
2022-03-29 08:50:00+00:00,0.00035776417264674597,260
2022-03-29 08:55:00+00:00,0.00041847028863473926,260
2022-03-29 09:00:00+00:00,0.00037449836025915835,260
2022-03-29 09:05:00+00:00,0.00034659407350191,260
2022-03-29 09:10:00+00:00,0.000354296423867768,260
2022-03-29 09:15:00+00:00,0.000421033239498839,260
2022-03-29 09:20:00+00:00,0.0005460791143598115,260
2022-03-29 09:25:00+00:00,0.0005049224371126969,260
2022-03-29 09:30:00+00:00,0.0004262676317598034,260
2022-03-29 09:35:00+00:00,0.00031593527129926,260
2022-03-29 09:40:00+00:00,0.00040948486364287884,260
2022-03-29 09:45:00+00:00,0.00037964949225215047,260
2022-03-29 09:50:00+00:00,0.00036132706056559723,260
2022-03-29 09:55:00+00:00,0.0003383952997284359,260
2022-03-29 10:00:00+00:00,0.00038567028115630924,260
2022-03-29 10:05:00+00:00,0.00029452189954165997,260
2022-03-29 10:10:00+00:00,0.00044495209145011466,260
2022-03-29 10:15:00+00:00,0.0005808259457369493,260
2022-03-29 10:20:00+00:00,0.00028879037550124845,260
2022-03-29 10:25:00+00:00,0.00018386696393843225,260
2022-03-29 10:30:00+00:00,0.00020738016746533601,260
2022-03-29 10:35:00+00:00,0.000219254456809874,260
2022-03-29 10:40:00+00:00,0.0002351430647060444,260
2022-03-29 10:45:00+00:00,0.00029239112763504595,260
2022-03-29 10:50:00+00:00,0.0002339911663609445,260
2022-03-29 10:55:00+00:00,0.0002018826047711017,260
2022-03-30 04:15:00+00:00,0.00029169417220372443,260
2022-03-30 04:20:00+00:00,0.000268705146883558,260
2022-03-30 04:25:00+00:00,0.0003980852549307353,260
2022-03-30 04:30:00+00:00,0.00042542893592153314,260
2022-03-30 04:35:00+00:00,0.00038461284141459706,260
2022-03-30 04:40:00+00:00,0.0006416232992431594,260
2022-03-30 04:45:00+00:00,0.0007074714699404999,260
2022-03-30 04:50:00+00:00,0.0006612077369840491,260
2022-03-30 04:55:00+00:00,0.0006326412414093386,260
2022-03-30 05:00:00+00:00,0.001833737451403159,260
2022-03-30 05:05:00+00:00,0.001049352073579478,260
2022-03-30 05:10:00+00:00,0.0011671260216152624,260
2022-03-30 05:15:00+00:00,0.0007984945382746449,260
2022-03-30 05:20:00+00:00,0.0010804098829330943,260
2022-03-30 05:25:00+00:00,0.0008284010660880472,260
2022-03-30 05:30:00+00:00,0.0009366038134088595,260
2022-03-30 05:35:00+00:00,0.0006392000126630979,260
2022-03-30 05:40:00+00:00,0.0009308077864226619,260
2022-03-30 05:45:00+00:00,0.0010784665176354182,260
2022-03-30 05:50:00+00:00,0.0010166527761759333,260
2022-03-30 05:55:00+00:00,0.00107735221554293,260
2022-03-30 06:00:00+00:00,0.0010962073629635525,260
2022-03-30 06:05:00+00:00,0.0011790505982898969,260
2022-03-30 06:10:00+00:00,0.0009186659122539755,260
2022-03-30 06:15:00+00:00,0.0007827039418853415,260
2022-03-30 06:20:00+00:00,0.000754695992783033,260
2022-03-30 06:25:00+00:00,0.0007944860435380568,260
2022-03-30 06:30:00+00:00,0.0005558082452139911,260
2022-03-30 06:35:00+00:00,0.001057082693324233,260
2022-03-30 06:40:00+00:00,0.0005562042720734554,260
2022-03-30 06:45:00+00:00,0.00040537553524122843,260
2022-03-30 06:50:00+00:00,0.0007140672840664574,260
2022-03-30 06:55:00+00:00,0.0005809026338220224,260
2022-03-30 07:00:00+00:00,0.0006323481083742316,260
2022-03-30 07:05:00+00:00,0.0005999822870934389,260
2022-03-30 07:10:00+00:00,0.0008294678833907697,260
2022-03-30 07:15:00+00:00,0.0007220416005106132,260
2022-03-30 07:20:00+00:00,0.001926643807101835,260
2022-03-30 07:25:00+00:00,0.003892584702186044,260
2022-03-30 07:30:00+00:00,0.005280350302175074,260
2022-03-30 07:35:00+00:00,0.004626394125829885,260
2022-03-30 07:40:00+00:00,0.004652363786955022,260
2022-03-30 07:45:00+00:00,0.004432420448391008,260
2022-03-30 07:50:00+00:00,0.004478311852108696,260
2022-03-30 07:55:00+00:00,0.004362240017264992,260
2022-03-30 08:00:00+00:00,0.006869286509263155,260
2022-03-30 08:05:00+00:00,0.009771358087265366,260
2022-03-30 08:10:00+00:00,0.009080351815403362,260
2022-03-30 08:15:00+00:00,0.009820577923462996,260
2022-03-30 08:20:00+00:00,0.009379654505324578,260
2022-03-30 08:25:00+00:00,0.008596874165259292,260
2022-03-30 08:30:00+00:00,0.0068212595968520535,260
2022-03-30 08:35:00+00:00,0.006001514646203006,260
2022-03-30 08:40:00+00:00,0.007048339670384053,260
2022-03-30 08:45:00+00:00,0.005316763150262551,260
2022-03-30 08:50:00+00:00,0.006752666525753337,260
2022-03-30 08:55:00+00:00,0.003081857499321273,260
2022-03-30 09:00:00+00:00,0.0014466832394158192,260
2022-03-30 09:05:00+00:00,0.0007962701536432555,260
2022-03-30 09:10:00+00:00,0.000597431474450487,260
2022-03-30 09:15:00+00:00,0.0008420557202271852,260
2022-03-30 09:20:00+00:00,0.0008226252561173748,260
2022-03-30 09:25:00+00:00,0.0008367488545282984,260
2022-03-30 09:30:00+00:00,0.000848793167097428,260
2022-03-30 09:35:00+00:00,0.001154838543708994,260
2022-03-30 09:40:00+00:00,0.0011589945149987847,260
2022-03-30 09:45:00+00:00,0.000950191569622648,260
2022-03-30 09:50:00+00:00,0.001042046132604447,260
2022-03-30 09:55:00+00:00,0.0013942914950830856,260
2022-03-30 10:00:00+00:00,0.002049207534222261,260
2022-03-30 10:05:00+00:00,0.001567777697547496,260
2022-03-30 10:10:00+00:00,0.00556992990004862,260
2022-03-30 10:15:00+00:00,0.0018241813394957818,260
2022-03-30 10:20:00+00:00,0.002006217859372319,260
2022-03-30 10:25:00+00:00,0.0013864759506766304,260
2022-03-30 10:30:00+00:00,0.0017019389711283512,260
2022-03-30 10:35:00+00:00,0.0014762314404743347,260
2022-03-30 10:40:00+00:00,0.0014218350067464127,260
2022-03-30 10:45:00+00:00,0.001481113514216506,260
2022-03-30 10:50:00+00:00,0.001301268169702799,260
2022-03-30 10:55:00+00:00,0.0010836477598132669,260
2022-03-30 11:00:00+00:00,0.0029033462764852897,260
2022-03-30 11:05:00+00:00,0.0012654079746732758,260
2022-03-30 11:10:00+00:00,0.0012069770521187144,260
2022-03-30 11:15:00+00:00,0.0012989066012633217,260
2022-03-30 11:20:00+00:00,0.0015325918063305841,260
2022-03-30 11:25:00+00:00,0.0015350392284754438,260
2022-03-30 11:30:00+00:00,0.0015948988766957533,260
2022-03-30 11:35:00+00:00,0.0015094272887786458,260
2022-03-30 11:40:00+00:00,0.0012830322882961703,260
2022-03-30 11:45:00+00:00,0.002210277205529928,260
2022-03-30 11:50:00+00:00,0.001129768345014386,260
2022-03-30 11:55:00+00:00,0.0011675140509152168,260
2022-03-30 12:00:00+00:00,0.0008297234038135666,260
2022-03-30 12:05:00+00:00,0.001520096966002114,260
2022-03-30 12:10:00+00:00,0.0006780577256443001,260
2022-03-30 12:15:00+00:00,0.0006642310522341582,260
2022-03-30 12:20:00+00:00,0.0011010808942737169,260
2022-03-30 12:25:00+00:00,0.0011502401404026154,260
2022-03-30 12:30:00+00:00,0.0015755075373503553,260
2022-03-30 12:35:00+00:00,0.0019833302806930445,260
2022-03-30 12:40:00+00:00,0.0018454027298502517,260
2022-03-30 12:45:00+00:00,0.001888641923883415,260
2022-03-30 12:50:00+00:00,0.0019432082104175533,260
2022-03-30 12:55:00+00:00,0.0018803575194533777,260
2022-03-30 13:00:00+00:00,0.001908862622712136,260
2022-03-30 13:05:00+00:00,0.0016412214584335548,260
2022-03-30 13:10:00+00:00,0.0016684234728621525,260
2022-03-30 13:15:00+00:00,0.001026145783585318,260
2022-03-30 13:20:00+00:00,0.0008412590942917445,260
2022-03-30 13:25:00+00:00,0.000685121891598618,260
2022-03-30 13:30:00+00:00,0.0003168549453469018,260
2022-03-30 13:35:00+00:00,0.000239133335169029,260
2022-03-30 13:40:00+00:00,0.0002673451087555065,260
2022-03-31 03:50:00+00:00,0.0003545304107260936,260
2022-03-31 03:55:00+00:00,0.0003411134995296326,260
2022-03-31 04:00:00+00:00,0.0003279685938739245,260
2022-03-31 04:05:00+00:00,0.00031149543042609056,260
2022-03-31 04:10:00+00:00,0.00036087511936763294,260
2022-03-31 04:15:00+00:00,0.00031091705176896484,260
2022-03-31 04:20:00+00:00,0.0002710424116025241,260
2022-03-31 04:25:00+00:00,0.00024058252348195246,260
2022-03-31 04:30:00+00:00,0.00020044934750223505,260
2022-03-31 04:35:00+00:00,0.0003476510724377021,260
2022-03-31 04:40:00+00:00,0.00022727416537547172,260
2022-03-31 04:45:00+00:00,0.00022152768814884776,260
2022-03-31 04:50:00+00:00,0.00034990499856905904,260
2022-03-31 04:55:00+00:00,0.0004940091357334736,260
2022-03-31 05:00:00+00:00,0.0007528447754225292,260
2022-03-31 05:05:00+00:00,0.0019300073802086424,260
2022-03-31 05:10:00+00:00,0.0017557614163268777,260
2022-03-31 05:15:00+00:00,0.0019851061636481627,260
2022-03-31 05:20:00+00:00,0.0020893624047740944,260
2022-03-31 05:25:00+00:00,0.002257390436762133,260
2022-03-31 05:30:00+00:00,0.002162506608596654,260
2022-03-31 05:35:00+00:00,0.0021795412331225826,260
2022-03-31 05:40:00+00:00,0.002085705466872555,260
2022-03-31 05:45:00+00:00,0.002206160328346111,260
2022-03-31 05:50:00+00:00,0.001797637953653573,260
2022-03-31 05:55:00+00:00,0.0015501555918783483,260
2022-03-31 06:00:00+00:00,0.0006242469525085879,260
2022-03-31 06:05:00+00:00,0.0004775602675828611,260
2022-03-31 06:10:00+00:00,0.0003569738818198691,260
2022-03-31 06:15:00+00:00,0.0003805569484773976,260
2022-03-31 06:20:00+00:00,0.00041615036712701575,260
2022-03-31 06:25:00+00:00,0.00036818017077308194,260
2022-03-31 06:30:00+00:00,0.0002686315240024925,260
2022-03-31 06:35:00+00:00,0.0002841507484699164,260
2022-03-31 06:40:00+00:00,0.0002905549126248173,260
2022-03-31 06:45:00+00:00,0.0002928088875506093,260
2022-03-31 06:50:00+00:00,0.00029903013403544267,260
2022-03-31 06:55:00+00:00,0.00030386129745662427,260
2022-03-31 07:00:00+00:00,0.0003350134454680253,260
2022-03-31 07:05:00+00:00,0.0003887426855393018,260
2022-03-31 07:10:00+00:00,0.0005599204058647482,260
2022-03-31 07:15:00+00:00,0.0005532448451054767,260
2022-03-31 07:20:00+00:00,0.0005824869835677673,260
2022-03-31 07:25:00+00:00,0.0005814439410528447,260
2022-03-31 07:30:00+00:00,0.0006404841612227519,260
2022-03-31 07:35:00+00:00,0.0006068956582405087,260
2022-03-31 07:40:00+00:00,0.0005763259464576351,260
2022-03-31 07:45:00+00:00,0.0006773334926101437,260
2022-03-31 07:50:00+00:00,0.0007847127168552196,260
2022-03-31 07:55:00+00:00,0.000762000202218797,260
2022-03-31 08:00:00+00:00,0.0004556364230422837,260
2022-03-31 08:05:00+00:00,0.0004616895776679107,260
2022-03-31 08:10:00+00:00,0.000525926623466629,260
2022-03-31 08:15:00+00:00,0.00044977715455820196,260
2022-03-31 08:20:00+00:00,0.0006185900440030415,260
2022-03-31 08:25:00+00:00,0.0007687828820673525,260
2022-03-31 08:30:00+00:00,0.0005668781020924761,260
2022-03-31 08:35:00+00:00,0.0004113111446898605,260
2022-03-31 08:40:00+00:00,0.0006612047796622714,260
2022-03-31 08:45:00+00:00,0.0008157780267963252,260
2022-03-31 08:50:00+00:00,0.0007448908705973983,260
2022-03-31 08:55:00+00:00,0.0006288576894050123,260
2022-03-31 09:00:00+00:00,0.0007297113315496687,260
2022-03-31 09:05:00+00:00,0.0003684741870314885,260
2022-03-31 09:10:00+00:00,0.00023744329706629132,260
2022-03-31 09:15:00+00:00,0.00028175246197464227,260
2022-03-31 09:20:00+00:00,0.0008519680438377356,260
2022-03-31 09:25:00+00:00,0.0014113295781063837,260
2022-03-31 09:30:00+00:00,0.0016511242350759354,260
2022-03-31 09:35:00+00:00,0.0016648827904975517,260
2022-03-31 09:40:00+00:00,0.0017313310541398428,260
2022-03-31 09:45:00+00:00,0.001636697154481539,260
2022-03-31 09:50:00+00:00,0.0017769148059287672,260
2022-03-31 09:55:00+00:00,0.0017529502227319502,260
2022-03-31 10:00:00+00:00,0.002039587855030262,260
2022-03-31 10:05:00+00:00,0.0021771122081866673,260
2022-03-31 10:10:00+00:00,0.002375417767759327,260
2022-03-31 10:15:00+00:00,0.0017045862126876278,260
2022-03-31 10:20:00+00:00,0.0015097869088868247,260
2022-03-31 10:25:00+00:00,0.0016082278932110351,260
2022-03-31 10:30:00+00:00,0.0011960918664054778,260
2022-03-31 10:35:00+00:00,0.001226601607885811,260
2022-03-31 10:40:00+00:00,0.0017705137222581073,260
2022-03-31 10:45:00+00:00,0.0012431858642183138,260
2022-03-31 10:50:00+00:00,0.0009360755327666505,260
2022-03-31 10:55:00+00:00,0.0012845202094676348,260
2022-03-31 11:00:00+00:00,0.0012836864395590294,260
2022-03-31 11:05:00+00:00,0.0011566900934619482,260
2022-03-31 11:10:00+00:00,0.0016730589436423507,260
2022-03-31 11:15:00+00:00,0.0018981369965393813,260
2022-03-31 11:20:00+00:00,0.001522209298765328,260
2022-03-31 11:25:00+00:00,0.0013098282933474942,260
2022-03-31 11:30:00+00:00,0.001206089431318807,260
2022-03-31 11:35:00+00:00,0.0013136144053693599,260
2022-03-31 11:40:00+00:00,0.001304074471631014,260
2022-03-31 11:45:00+00:00,0.0013053186842896622,260
2022-03-31 11:50:00+00:00,0.000951891053623878,260
2022-03-31 11:55:00+00:00,0.0011347326314603715,260
2022-03-31 12:00:00+00:00,0.0004472005141395404,260
2022-03-31 12:05:00+00:00,0.00026066221412105405,260
2022-03-31 12:10:00+00:00,0.00029424164147118806,260
2022-03-31 12:15:00+00:00,0.00021736795042436607,260
2022-03-31 12:20:00+00:00,0.0001913409125985382,260
2022-03-31 12:25:00+00:00,0.00016586670690567286,260
2022-03-31 12:30:00+00:00,0.00011473823553834734,260
2022-03-31 12:35:00+00:00,0.00011367334103517393,260
2022-03-31 12:40:00+00:00,0.00011135912175801577,260
2022-03-31 12:45:00+00:00,9.569433585606762e-05,260
2022-03-31 12:50:00+00:00,9.448019006232615e-05,260
2022-03-31 12:55:00+00:00,9.27847323511334e-05,260
2022-03-31 13:00:00+00:00,8.905418055239888e-05,260
2022-03-31 13:05:00+00:00,8.654822389133482e-05,260
2022-03-31 13:10:00+00:00,8.063942618414535e-05,260
2022-03-31 13:15:00+00:00,7.68819898237213e-05,260
2022-03-31 13:20:00+00:00,9.296749541412104e-05,260
2022-03-31 13:25:00+00:00,9.981577193828358e-05,260
2022-04-01 07:20:00+00:00,0.0004103366477847258,260
2022-04-01 07:25:00+00:00,0.0005815881054864427,260
2022-04-01 07:30:00+00:00,0.0008841279198545672,260
2022-04-01 07:35:00+00:00,0.0008713581607454618,260
2022-04-01 07:40:00+00:00,0.0005696653131567674,260
2022-04-01 07:45:00+00:00,0.0005564367150466881,260
2022-04-01 07:50:00+00:00,0.0006562867971832996,260
2022-04-01 07:55:00+00:00,0.000602135844097069,260
2022-04-01 08:00:00+00:00,0.0004952051244144991,260
2022-04-01 08:05:00+00:00,0.0005380125312677743,260
2022-04-01 08:10:00+00:00,0.0004971947067418517,260
2022-04-01 08:15:00+00:00,0.000549253212629881,260
2022-04-01 08:20:00+00:00,0.00040354566226976783,260
2022-04-01 08:25:00+00:00,0.0003754830372887249,260
2022-04-01 08:30:00+00:00,0.000304304801954334,260
2022-04-01 08:35:00+00:00,0.00046517516871108413,260
2022-04-01 08:40:00+00:00,0.00045385436265395825,260
2022-04-01 08:45:00+00:00,0.00043289505924213326,260
2022-04-01 08:50:00+00:00,0.0005299973001391241,260
2022-04-01 08:55:00+00:00,0.00035013951205517855,260
2022-04-01 09:00:00+00:00,0.0005638919617759529,260
2022-04-01 09:05:00+00:00,0.0005805409684600146,260
2022-04-01 09:10:00+00:00,0.0005062000212845899,260
2022-04-01 09:15:00+00:00,0.0003188261811700649,260
2022-04-01 09:20:00+00:00,0.00029149489286995684,260
2022-04-01 09:25:00+00:00,0.00034868340310841977,260
2022-04-01 09:30:00+00:00,0.0004099396803540225,260
2022-04-01 09:35:00+00:00,0.00040317603989644345,260
2022-04-01 09:40:00+00:00,0.00043257391946391305,260
2022-04-01 09:45:00+00:00,0.00045866724810580267,260
2022-04-01 09:50:00+00:00,0.0006096368155482274,260
2022-04-01 09:55:00+00:00,0.0005015514834672684,260
2022-04-01 10:00:00+00:00,0.0003811854722588425,260
2022-04-01 10:05:00+00:00,0.0006801021885430141,260
2022-04-01 10:10:00+00:00,0.0007097483114359503,260
2022-04-01 10:15:00+00:00,0.0006087082302938716,260
2022-04-01 10:20:00+00:00,0.001089131112034433,260
2022-04-01 10:25:00+00:00,0.0010881855373792509,260
2022-04-01 10:30:00+00:00,0.0024324900597220986,260
2022-04-01 10:35:00+00:00,0.0018615316447932195,260
2022-04-01 10:40:00+00:00,0.0014803538304934683,260
2022-04-01 10:45:00+00:00,0.0017006653739496298,260
2022-04-01 10:50:00+00:00,0.0016964387909927544,260
2022-04-01 10:55:00+00:00,0.0023083392367034493,260
2022-04-01 11:00:00+00:00,0.0010741822619624918,260
2022-04-01 11:05:00+00:00,0.0011899300433117468,260
2022-04-01 11:10:00+00:00,0.0007411995847531073,260
2022-04-01 11:15:00+00:00,0.0008550583499934428,260
2022-04-01 11:20:00+00:00,0.0008010815877244638,260
2022-04-01 11:25:00+00:00,0.00032140794329188493,260
2022-04-01 11:30:00+00:00,0.0003625544206324032,260
2022-04-01 11:35:00+00:00,0.00034143336873229815,260
2022-04-01 11:40:00+00:00,0.0003205363894457734,260
2022-04-01 11:45:00+00:00,0.0003069090892448396,260
2022-04-01 11:50:00+00:00,0.00029509531623020114,260
2022-04-01 11:55:00+00:00,0.0003095962504722091,260
2022-04-01 12:00:00+00:00,0.0002722884664414959,260
2022-04-01 12:05:00+00:00,0.00018837272952562127,260
2022-04-01 12:10:00+00:00,0.00015267159487404147,260
2022-04-01 12:15:00+00:00,0.00013938573521688562,260
2022-04-01 12:20:00+00:00,0.00019979278352195865,260
2022-04-01 12:25:00+00:00,0.0002474523102503524,260
2022-04-01 12:30:00+00:00,0.00029901305730574933,260
2022-04-01 12:35:00+00:00,0.0003903639783815451,260
2022-04-01 12:40:00+00:00,0.0003391575609774576,260
2022-04-04 06:30:00+00:00,0.0001557067938777234,260
2022-04-04 06:35:00+00:00,0.0001208385386924318,260
2022-04-04 06:40:00+00:00,0.00011789746428401881,260
2022-04-04 06:45:00+00:00,0.00012065398646797283,260
2022-04-04 06:50:00+00:00,0.00012339873178852286,260
2022-04-04 06:55:00+00:00,0.00014777780631503533,260
2022-04-04 07:00:00+00:00,0.00018842235533524522,260
2022-04-04 07:05:00+00:00,0.000175070759396797,260
2022-04-04 07:10:00+00:00,0.0002177551575059261,260
2022-04-04 07:15:00+00:00,0.00023239326931103567,260
2022-04-04 07:20:00+00:00,0.0002222512705278741,260
2022-04-04 07:25:00+00:00,0.00022138562303623225,260
2022-04-04 07:30:00+00:00,0.0002248976784124475,260
2022-04-04 07:35:00+00:00,0.0002149824805458075,260
2022-04-04 07:40:00+00:00,0.0002271399033765651,260
2022-04-04 07:45:00+00:00,0.00026231683008387486,260
2022-04-04 07:50:00+00:00,0.0002681285723239764,260
2022-04-04 07:55:00+00:00,0.0002689785233393864,260
2022-04-04 08:00:00+00:00,0.00023458078142899293,260
2022-04-04 08:05:00+00:00,0.00022795496249588144,260
2022-04-04 08:10:00+00:00,0.00022035434462997907,260
2022-04-04 08:15:00+00:00,0.00029461630949866057,260
2022-04-04 08:20:00+00:00,0.00038520875230363974,260
2022-04-04 08:25:00+00:00,0.0004626291888060467,260
2022-04-04 08:30:00+00:00,0.0004525574075670834,260
2022-04-04 08:35:00+00:00,0.00042579540308082243,260
2022-04-04 08:40:00+00:00,0.0004468153466725359,260
2022-04-04 08:45:00+00:00,0.00045104832309677753,260
2022-04-04 08:50:00+00:00,0.000480659248383106,260
2022-04-04 08:55:00+00:00,0.00036577019739907155,260
2022-04-04 09:00:00+00:00,0.00020846248647125558,260
2022-04-04 09:05:00+00:00,0.00019132278377247757,260
2022-04-04 09:10:00+00:00,0.00016490815251661486,260
2022-04-04 09:15:00+00:00,0.00029229174744085473,260
2022-04-04 09:20:00+00:00,0.00021930145614124357,260
2022-04-04 09:25:00+00:00,0.00030052572487096187,260
2022-04-04 09:30:00+00:00,0.0002798791201950629,260
2022-04-04 09:35:00+00:00,0.00023889034832418402,260
2022-04-04 09:40:00+00:00,0.0002499458558718738,260
2022-04-04 09:45:00+00:00,0.0002945714421861671,260
2022-04-04 09:50:00+00:00,0.0003033250427004129,260
2022-04-04 09:55:00+00:00,0.00029015975657519763,260
2022-04-04 11:00:00+00:00,0.0001920407805370379,260
2022-04-04 11:05:00+00:00,0.00020749553219107154,260
2022-04-04 11:10:00+00:00,0.00020333236892007767,260
2022-04-04 11:15:00+00:00,0.0001925263101507231,260
2022-04-04 11:20:00+00:00,0.0002077684598741315,260
2022-04-04 11:25:00+00:00,0.00022410687617750526,260
2022-04-04 11:30:00+00:00,0.00020907840327912049,260
2022-04-04 11:35:00+00:00,0.00014666662948858725,260
2022-04-04 11:40:00+00:00,0.00016053133985297638,260
2022-04-04 11:45:00+00:00,0.00016376548564700963,260
2022-04-04 11:50:00+00:00,0.00018543595699552196,260
2022-04-04 11:55:00+00:00,0.00019132888940204764,260
2022-04-04 12:00:00+00:00,0.00016500141647930605,260
2022-04-04 12:05:00+00:00,0.0001422670095115806,260
2022-04-04 12:10:00+00:00,0.00013717299541850388,260
2022-04-04 12:15:00+00:00,0.00015578772255426943,260
2022-04-04 12:20:00+00:00,0.00015177501645749188,260
2022-04-04 12:25:00+00:00,0.00013644570018885447,260
2022-04-04 12:30:00+00:00,0.0001348563418991997,260
2022-04-04 12:35:00+00:00,0.00012037146303073022,260
2022-04-04 12:40:00+00:00,9.867759848728831e-05,260
2022-04-04 12:45:00+00:00,0.00010376073956892862,260
2022-04-04 12:50:00+00:00,9.417081211569915e-05,260
2022-04-04 12:55:00+00:00,8.262157071826362e-05,260
2022-04-05 03:55:00+00:00,0.000981176584314212,260
2022-04-05 04:00:00+00:00,0.0015767457696326734,260
2022-04-05 04:05:00+00:00,0.001361769625539844,260
2022-04-05 04:10:00+00:00,0.0015840727755861222,260
2022-04-05 04:15:00+00:00,0.001099581479174866,260
2022-04-05 04:20:00+00:00,0.001137137282888709,260
2022-04-05 04:25:00+00:00,0.001045543538758247,260
2022-04-05 04:30:00+00:00,0.0009990416458008455,260
2022-04-05 04:35:00+00:00,0.0007982982535512299,260
2022-04-05 04:40:00+00:00,0.000765499707884543,260
2022-04-05 04:45:00+00:00,0.0004855796100389784,260
2022-04-05 04:50:00+00:00,0.0005255139266474773,260
2022-04-05 04:55:00+00:00,0.0004748289762954254,260
2022-04-05 05:00:00+00:00,0.00034123194908057184,260
2022-04-05 05:05:00+00:00,0.00031197454135159383,260
2022-04-05 05:10:00+00:00,0.00028961254273284984,260
2022-04-05 05:15:00+00:00,0.0001934386571315471,260
2022-04-05 05:20:00+00:00,0.0001936020695843052,260
2022-04-05 05:25:00+00:00,0.00023849390037101927,260
2022-04-05 05:30:00+00:00,0.00019903949941441467,260
2022-04-05 05:35:00+00:00,0.00014435858941413274,260
2022-04-05 05:40:00+00:00,0.00016325251062407917,260
2022-04-05 05:45:00+00:00,0.00021315189187759908,260
2022-04-05 05:50:00+00:00,0.00022116804496424277,260
2022-04-05 05:55:00+00:00,0.0003565493672481243,260
2022-04-05 06:00:00+00:00,0.0002597690780786523,260
2022-04-05 06:05:00+00:00,0.00048783305076191097,260
2022-04-05 06:10:00+00:00,0.0006710750380407143,260
2022-04-05 06:15:00+00:00,0.0009408826067888362,260
2022-04-05 06:20:00+00:00,0.0009128906473494419,260
2022-04-05 06:25:00+00:00,0.0010727184417144654,260
2022-04-05 06:30:00+00:00,0.0012279046635781065,260
2022-04-05 06:35:00+00:00,0.0009683906578541532,260
2022-04-05 06:40:00+00:00,0.0008736043505758487,260
2022-04-05 06:45:00+00:00,0.000691245719463901,260
2022-04-05 06:50:00+00:00,0.0010672997407889144,260
2022-04-05 06:55:00+00:00,0.0006748821295397209,260
2022-04-05 07:00:00+00:00,0.0004040522411937068,260
2022-04-05 07:05:00+00:00,0.00043484646129791335,260
2022-04-05 07:10:00+00:00,0.00048446037129914213,260
2022-04-05 07:15:00+00:00,0.0009800896587544574,260
2022-04-05 07:20:00+00:00,0.00223578077981464,260
2022-04-05 07:25:00+00:00,0.0018814059287555482,260
2022-04-05 07:30:00+00:00,0.001634022778212751,260
2022-04-05 07:35:00+00:00,0.0015599437335351296,260
2022-04-05 07:40:00+00:00,0.0018227890936964007,260
2022-04-05 07:45:00+00:00,0.0018074034401054954,260
2022-04-05 07:50:00+00:00,0.0017398094981759206,260
2022-04-05 07:55:00+00:00,0.001919667342496709,260
2022-04-05 08:00:00+00:00,0.0018504176147406026,260
2022-04-05 08:05:00+00:00,0.0029411820620070445,260
2022-04-05 08:10:00+00:00,0.0017872240626769335,260
2022-04-05 08:15:00+00:00,0.0008243279833706845,260
2022-04-05 08:20:00+00:00,0.001321666402329747,260
2022-04-05 08:25:00+00:00,0.0014365602915077662,260
2022-04-05 08:30:00+00:00,0.0014442245047052611,260
2022-04-05 08:35:00+00:00,0.0013549960298194586,260
2022-04-05 08:40:00+00:00,0.001318627187139285,260
2022-04-05 08:45:00+00:00,0.0012863553729188287,260
2022-04-05 08:50:00+00:00,0.0011793062376832747,260
2022-04-05 08:55:00+00:00,0.001277791314090779,260
2022-04-05 09:00:00+00:00,0.001422243111717723,260
2022-04-05 09:05:00+00:00,0.0018004102685621197,260
2022-04-05 09:10:00+00:00,0.002372788898163459,260
2022-04-05 09:15:00+00:00,0.0018569120735495521,260
2022-04-05 09:20:00+00:00,0.0015010379148930255,260
2022-04-05 09:25:00+00:00,0.002088570532871465,260
2022-04-05 09:30:00+00:00,0.0015492331209234467,260
2022-04-05 09:35:00+00:00,0.0023290888329478916,260
2022-04-05 09:40:00+00:00,0.001245435939397669,260
2022-04-05 09:45:00+00:00,0.0012419602284639598,260
2022-04-05 09:50:00+00:00,0.0006905179442539455,260
2022-04-05 09:55:00+00:00,0.0005915950530647805,260
2022-04-05 10:00:00+00:00,0.00044663246624371614,260
2022-04-05 10:05:00+00:00,0.0003011275584873448,260
2022-04-05 10:10:00+00:00,0.0004310422212596939,260
2022-04-05 10:15:00+00:00,0.0011417991519448306,260
2022-04-05 10:20:00+00:00,0.0009383038614259236,260
2022-04-05 10:25:00+00:00,0.0006479242231755383,260
2022-04-05 10:30:00+00:00,0.0007400803143133726,260
2022-04-05 10:35:00+00:00,0.0008196949897822302,260
2022-04-05 10:40:00+00:00,0.0007968025055664718,260
2022-04-05 10:45:00+00:00,0.0005317650015442599,260
2022-04-05 10:50:00+00:00,0.0006803751927245863,260
2022-04-05 10:55:00+00:00,0.0004922414420295391,260
2022-04-05 11:00:00+00:00,0.0006899939149226493,260
2022-04-05 11:05:00+00:00,0.00024531106213173163,260
2022-04-05 11:10:00+00:00,0.00024335171134712893,260
2022-04-05 11:15:00+00:00,0.00018858496757898028,260
2022-04-05 11:20:00+00:00,0.00010785245579636693,260
2022-04-05 11:25:00+00:00,9.804701016747648e-05,260
2022-04-05 11:30:00+00:00,0.00012912877544258246,260
2022-04-05 11:35:00+00:00,0.00012673646522455402,260
2022-04-05 11:40:00+00:00,0.00012865343191030443,260
2022-04-05 11:45:00+00:00,0.00014381275501403003,260
2022-04-05 11:50:00+00:00,0.00017089584644683212,260
2022-04-05 11:55:00+00:00,0.00020013739210590154,260
2022-04-05 12:00:00+00:00,0.00021978660699798258,260
2022-04-05 12:05:00+00:00,0.000244862109450185,260
2022-04-05 12:10:00+00:00,0.0002471592608505643,260
2022-04-05 12:15:00+00:00,0.0002411950526694924,260
2022-04-05 12:20:00+00:00,0.00023790507428802062,260
2022-04-05 12:25:00+00:00,0.0002442386428616422,260
2022-04-05 12:30:00+00:00,0.00024033511917025553,260
2022-04-05 12:35:00+00:00,0.00023325894007837292,260
2022-04-05 12:40:00+00:00,0.00022889104104470315,260
2022-04-05 12:45:00+00:00,0.00021747661703631148,260
2022-04-05 12:50:00+00:00,0.00021124703035931962,260
2022-04-05 12:55:00+00:00,0.00018196579704392446,260
2022-04-05 13:00:00+00:00,0.00015242752339541345,260
2022-04-05 13:05:00+00:00,0.0001239631861322789,260
2022-04-05 13:10:00+00:00,0.00011823806725526257,260
2022-04-05 13:15:00+00:00,0.0001126823503106042,260
2022-04-05 13:20:00+00:00,0.00012126592037108406,260
2022-04-05 13:25:00+00:00,0.00012692002771292333,260
2022-04-05 13:30:00+00:00,0.00010746948498662546,260
2022-04-05 13:35:00+00:00,0.00014901726178566532,260
2022-04-06 04:45:00+00:00,0.0008840028957857313,260
2022-04-06 04:50:00+00:00,0.001219525572699686,260
2022-04-06 04:55:00+00:00,0.001212722755977129,260
2022-04-06 05:00:00+00:00,0.0009838695142561898,260
2022-04-06 05:05:00+00:00,0.0011180117030697612,260
2022-04-06 05:10:00+00:00,0.000750396711970166,260
2022-04-06 05:15:00+00:00,0.0013410781628157653,260
2022-04-06 05:20:00+00:00,0.001164655937344643,260
2022-04-06 05:25:00+00:00,0.002039972752852664,260
2022-04-06 05:30:00+00:00,0.0011851303460396984,260
2022-04-06 05:35:00+00:00,0.0018220968541798005,260
2022-04-06 05:40:00+00:00,0.0024028561056197825,260
2022-04-06 05:45:00+00:00,0.0018317329447640385,260
2022-04-06 05:50:00+00:00,0.00234632953313463,260
2022-04-06 05:55:00+00:00,0.0014262733968300487,260
2022-04-06 06:00:00+00:00,0.0015817935442648888,260
2022-04-06 06:05:00+00:00,0.00194700948505082,260
2022-04-06 06:10:00+00:00,0.0017563429383319093,260
2022-04-06 06:15:00+00:00,0.0029899722604479983,260
2022-04-06 06:20:00+00:00,0.0033626830456837207,260
2022-04-06 06:25:00+00:00,0.0029023671498222114,260
2022-04-06 06:30:00+00:00,0.0034295307952193366,260
2022-04-06 06:35:00+00:00,0.0036036034863227806,260
2022-04-06 06:40:00+00:00,0.0029976667869251747,260
2022-04-06 06:45:00+00:00,0.003350834557872658,260
2022-04-06 06:50:00+00:00,0.003130119934654491,260
2022-04-06 06:55:00+00:00,0.0029656221882856707,260
2022-04-06 07:00:00+00:00,0.001262031839317852,260
2022-04-06 07:05:00+00:00,0.00102615324735374,260
2022-04-06 07:10:00+00:00,0.0006715485024626623,260
2022-04-06 07:15:00+00:00,0.00042646973672528257,260
2022-04-06 07:20:00+00:00,0.0012142359046618965,260
2022-04-06 07:25:00+00:00,0.0030996546825864287,260
2022-04-06 07:30:00+00:00,0.0024268549565708486,260
2022-04-06 07:35:00+00:00,0.0027936767164698628,260
2022-04-06 07:40:00+00:00,0.0031162657382124096,260
2022-04-06 07:45:00+00:00,0.004427684669242736,260
2022-04-06 07:50:00+00:00,0.004398634060596129,260
2022-04-06 07:55:00+00:00,0.004049780463506648,260
2022-04-06 08:00:00+00:00,0.004506330318182119,260
2022-04-06 08:05:00+00:00,0.0051274210155228045,260
2022-04-06 08:10:00+00:00,0.0050935837093825055,260
2022-04-06 08:15:00+00:00,0.004774954573339337,260
2022-04-06 08:20:00+00:00,0.004371727088752041,260
2022-04-06 08:25:00+00:00,0.0040710875577229695,260
2022-04-06 08:30:00+00:00,0.005275026394743464,260
2022-04-06 08:35:00+00:00,0.005310711306598903,260
2022-04-06 08:40:00+00:00,0.008021257304249971,260
2022-04-06 08:45:00+00:00,0.005947537908664632,260
2022-04-06 08:50:00+00:00,0.00632507690931235,260
2022-04-06 08:55:00+00:00,0.005702219087410299,260
2022-04-06 09:00:00+00:00,0.00785300488407502,260
2022-04-06 09:05:00+00:00,0.008047829299152508,260
2022-04-06 09:10:00+00:00,0.0061351903306922475,260
2022-04-06 09:15:00+00:00,0.0029414417634581387,260
2022-04-06 09:20:00+00:00,0.0032044180867860043,260
2022-04-06 09:25:00+00:00,0.0016930954707243587,260
2022-04-06 09:30:00+00:00,0.0027603780904876434,260
2022-04-06 09:35:00+00:00,0.0010743463776053347,260
2022-04-06 09:40:00+00:00,0.0005102117934159202,260
2022-04-06 09:45:00+00:00,0.00023162855342435777,260
2022-04-06 09:50:00+00:00,0.00019714149399006306,260
2022-04-06 09:55:00+00:00,0.0001467494589544661,260
2022-04-06 10:00:00+00:00,0.00012012396978385073,260
2022-04-06 10:05:00+00:00,0.00013198512537586945,260
2022-04-06 10:10:00+00:00,0.00013640657598034845,260
2022-04-06 10:15:00+00:00,0.0001179652640915172,260
2022-04-06 10:20:00+00:00,0.00025317980155642347,260
2022-04-06 10:25:00+00:00,0.00019592308003617167,260
2022-04-06 10:30:00+00:00,0.0002049656582695323,260
2022-04-06 10:35:00+00:00,0.00021472679212004096,260
2022-04-06 10:40:00+00:00,0.00025402331728070673,260
2022-04-06 10:45:00+00:00,0.0003993230158302378,260
2022-04-06 10:50:00+00:00,0.0003955483208792632,260
2022-04-06 10:55:00+00:00,0.000491268058676891,260
2022-04-06 11:00:00+00:00,0.00035846437821420704,260
2022-04-06 11:05:00+00:00,0.00031764992664786167,260
2022-04-06 11:10:00+00:00,0.00031716931504053566,260
2022-04-06 11:15:00+00:00,0.00025502986381000854,260
2022-04-06 11:20:00+00:00,0.00026721815528455334,260
2022-04-06 11:25:00+00:00,0.00019457561049191245,260
2022-04-06 11:30:00+00:00,0.000292431891401896,260
2022-04-06 11:35:00+00:00,0.00014483873013500397,260
2022-04-06 11:40:00+00:00,0.00013453968461657982,260
2022-04-06 11:45:00+00:00,0.00011596337642757174,260
2022-04-06 11:50:00+00:00,0.00011935817873350794,260
2022-04-06 11:55:00+00:00,0.00013027430225752683,260
2022-04-06 12:00:00+00:00,0.00014309691461062817,260
2022-04-06 12:05:00+00:00,0.00014768150541551316,260
2022-04-06 12:10:00+00:00,0.00015563315976076936,260
2022-04-06 12:15:00+00:00,0.00015879235886012035,260
2022-04-06 12:20:00+00:00,0.00016135960111216376,260
2022-04-06 12:25:00+00:00,0.00016690832919055633,260
2022-04-06 12:30:00+00:00,0.00013596739891775906,260
2022-04-06 12:35:00+00:00,0.0001426127556377606,260
2022-04-06 12:40:00+00:00,0.00014564831727107295,260
2022-04-06 12:45:00+00:00,0.00013450430284495777,260
2022-04-06 12:50:00+00:00,0.0001361501899231637,260
2022-04-06 12:55:00+00:00,0.00013816567217116743,260
2022-04-06 13:00:00+00:00,0.00013508669259345026,260
2022-04-06 13:05:00+00:00,0.0001149494911490375,260
2022-04-06 13:10:00+00:00,0.00010821980302809691,260
2022-04-06 13:15:00+00:00,0.00010363928687961088,260
2022-04-06 13:20:00+00:00,0.00013719043860311545,260
2022-04-07 03:40:00+00:00,0.00029534377377015,260
2022-04-07 03:45:00+00:00,8.16227191730792e-05,260
2022-04-07 03:50:00+00:00,7.506746552412098e-05,260
2022-04-07 03:55:00+00:00,6.511311263877007e-05,260
2022-04-07 04:00:00+00:00,6.926554272632171e-05,260
2022-04-07 04:05:00+00:00,6.049068791440053e-05,260
2022-04-07 04:10:00+00:00,8.348967492579016e-05,260
2022-04-07 04:15:00+00:00,0.00016236899106827183,260
2022-04-07 04:20:00+00:00,0.00014802176495811535,260
2022-04-07 04:25:00+00:00,0.00034057187645545326,260
2022-04-07 04:30:00+00:00,0.0003437994451102467,260
2022-04-07 04:35:00+00:00,0.0004493526054628308,260
2022-04-07 04:40:00+00:00,0.00043161920365126626,260
2022-04-07 04:45:00+00:00,0.00039776746410308234,260
2022-04-07 04:50:00+00:00,0.0006681294666387489,260
2022-04-07 04:55:00+00:00,0.0010233146861435807,260
2022-04-07 05:00:00+00:00,0.0006910637735745068,260
2022-04-07 05:05:00+00:00,0.0006690614826142435,260
2022-04-07 05:10:00+00:00,0.0007231580612927077,260
2022-04-07 05:15:00+00:00,0.0006110750264530451,260
2022-04-07 05:20:00+00:00,0.00042088071027323996,260
2022-04-07 05:25:00+00:00,0.0005847764080898523,260
2022-04-07 05:30:00+00:00,0.000678619355075473,260
2022-04-07 05:35:00+00:00,0.0005436211604287734,260
2022-04-07 05:40:00+00:00,0.0005617806602752792,260
2022-04-07 05:45:00+00:00,0.0005748921445253473,260
2022-04-07 05:50:00+00:00,0.0004945416055862643,260
2022-04-07 05:55:00+00:00,0.0005863973679690305,260
2022-04-07 06:00:00+00:00,0.0005737680684832634,260
2022-04-07 06:05:00+00:00,0.0007656699074571327,260
2022-04-07 06:10:00+00:00,0.0019507266449276597,260
2022-04-07 06:15:00+00:00,0.001621533940158414,260
2022-04-07 06:20:00+00:00,0.002170310180806908,260
2022-04-07 06:25:00+00:00,0.0031005146569005088,260
2022-04-07 06:30:00+00:00,0.0029210447364326894,260
2022-04-07 06:35:00+00:00,0.0030262980591661904,260
2022-04-07 06:40:00+00:00,0.0029308324549051105,260
2022-04-07 06:45:00+00:00,0.0030874858932421296,260
2022-04-07 06:50:00+00:00,0.0030333630629762027,260
2022-04-07 06:55:00+00:00,0.0029757560790533294,260
2022-04-07 07:00:00+00:00,0.0034796244268012638,260
2022-04-07 07:05:00+00:00,0.0026994748400412834,260
2022-04-07 07:10:00+00:00,0.0027112639881180702,260
2022-04-07 07:15:00+00:00,0.0020319849980657712,260
2022-04-07 07:20:00+00:00,0.0021607184662172725,260
2022-04-07 07:25:00+00:00,0.0027260020057856696,260
2022-04-07 07:30:00+00:00,0.0022786363875788116,260
2022-04-07 07:35:00+00:00,0.0026290650142492145,260
2022-04-07 07:40:00+00:00,0.0027023933663088357,260
2022-04-07 07:45:00+00:00,0.0029565687893262412,260
2022-04-07 07:50:00+00:00,0.0032222815153878388,260
2022-04-07 07:55:00+00:00,0.004363388784715727,260
2022-04-07 08:00:00+00:00,0.00211127261417199,260
2022-04-07 08:05:00+00:00,0.003682420114133489,260
2022-04-07 08:10:00+00:00,0.0021706749963443057,260
2022-04-07 08:15:00+00:00,0.001961033927643097,260
2022-04-07 08:20:00+00:00,0.002136477048516947,260
2022-04-07 08:25:00+00:00,0.0021882610667733624,260
2022-04-07 08:30:00+00:00,0.002727300825664659,260
2022-04-07 08:35:00+00:00,0.002541164095093888,260
2022-04-07 08:40:00+00:00,0.003958918201429726,260
2022-04-07 08:45:00+00:00,0.007094746713207094,260
2022-04-07 08:50:00+00:00,0.006588829378203299,260
2022-04-07 08:55:00+00:00,0.007840581057483665,260
2022-04-07 09:00:00+00:00,0.007395732577073473,260
2022-04-07 09:05:00+00:00,0.006027887732766506,260
2022-04-07 09:10:00+00:00,0.012165421294442475,260
2022-04-07 09:15:00+00:00,0.016447738757699625,260
2022-04-07 09:20:00+00:00,0.013442743807670677,260
2022-04-07 09:25:00+00:00,0.01450272070789872,260
2022-04-07 09:30:00+00:00,0.014733261673342221,260
2022-04-07 09:35:00+00:00,0.01038296467554042,260
2022-04-07 09:40:00+00:00,0.009424279826958436,260
2022-04-07 09:45:00+00:00,0.011548121809627051,260
2022-04-07 09:50:00+00:00,0.010993966969013601,260
2022-04-07 09:55:00+00:00,0.011820721713776652,260
2022-04-07 10:00:00+00:00,0.010465713114036705,260
2022-04-07 10:05:00+00:00,0.0075567493683782756,260
2022-04-07 10:10:00+00:00,0.0031564121995284224,260
2022-04-07 10:15:00+00:00,0.003532143211414416,260
2022-04-07 10:20:00+00:00,0.0029478317867374527,260
2022-04-07 10:25:00+00:00,0.0031618441043376033,260
2022-04-07 10:30:00+00:00,0.0032413407068728126,260
2022-04-07 10:35:00+00:00,0.0036651409628909054,260
2022-04-07 10:40:00+00:00,0.0023466446898937343,260
2022-04-07 10:45:00+00:00,0.0018475600061157835,260
2022-04-07 10:50:00+00:00,0.001073159020056126,260
2022-04-07 10:55:00+00:00,0.0010194710868259536,260
2022-04-07 11:00:00+00:00,0.000845284431952031,260
2022-04-07 11:05:00+00:00,0.0007503350653426835,260
2022-04-07 11:10:00+00:00,0.00046256851899846633,260
2022-04-07 11:15:00+00:00,0.00030915802661700745,260
2022-04-07 11:20:00+00:00,0.0002115668384100512,260
2022-04-07 11:25:00+00:00,0.00016545115318203208,260
2022-04-07 11:30:00+00:00,0.00017301214269246267,260
2022-04-07 11:35:00+00:00,0.00012987797665337927,260
2022-04-07 11:40:00+00:00,0.00014122087848518434,260
2022-04-07 11:45:00+00:00,0.00014707711686584061,260
2022-04-07 11:50:00+00:00,0.0001446627454277643,260
2022-04-07 11:55:00+00:00,0.00013152081882252182,260
2022-04-07 12:00:00+00:00,0.00014332593742803534,260
2022-04-07 12:05:00+00:00,0.0001267114453562973,260
2022-04-07 12:10:00+00:00,0.00010689036455757055,260
2022-04-07 12:15:00+00:00,9.500537519432574e-05,260
2022-04-07 12:20:00+00:00,0.00013398710440293195,260
2022-04-07 12:25:00+00:00,0.0001420195786244681,260
2022-04-07 12:30:00+00:00,0.00011980694365758804,260
2022-04-07 12:35:00+00:00,0.00010948345727091853,260
2022-04-07 12:40:00+00:00,0.00010315706892864614,260
2022-04-07 12:45:00+00:00,9.71626768462015e-05,260
2022-04-07 12:50:00+00:00,9.89584450782868e-05,260
2022-04-07 12:55:00+00:00,0.00011561662533091465,260
2022-04-07 13:00:00+00:00,0.00010798242099612834,260
2022-04-07 13:05:00+00:00,0.0001071589689601834,260
2022-04-07 13:10:00+00:00,0.00013287659789210917,260
2022-04-07 13:15:00+00:00,0.0001712167045832064,260
2022-04-07 13:20:00+00:00,0.0001568469225762396,260
2022-04-07 13:25:00+00:00,0.00015684363376614621,260
2022-04-08 03:45:00+00:00,0.0008786574383217341,260
2022-04-08 03:50:00+00:00,0.0008652415115653798,260
2022-04-08 03:55:00+00:00,0.0007920943862039314,260
2022-04-08 04:00:00+00:00,0.0006175705915967228,260
2022-04-08 04:05:00+00:00,0.000530036717836633,260
2022-04-08 04:10:00+00:00,0.000437950230076458,260
2022-04-08 04:15:00+00:00,0.0003069570403813443,260
2022-04-08 04:20:00+00:00,0.00027260099968761157,260
2022-04-08 04:25:00+00:00,0.0002704620377689917,260
2022-04-08 04:30:00+00:00,0.0002812698511745855,260
2022-04-08 04:35:00+00:00,0.0002746304340654124,260
2022-04-08 04:40:00+00:00,0.0002700587866608138,260
2022-04-08 04:45:00+00:00,0.000269449250916732,260
2022-04-08 04:50:00+00:00,0.000264582247730796,260
2022-04-08 04:55:00+00:00,0.0002511996511029484,260
2022-04-08 05:00:00+00:00,0.00024245799281810427,260
2022-04-08 05:05:00+00:00,0.0002451696629584637,260
2022-04-08 05:10:00+00:00,0.00024397110703932489,260
2022-04-08 05:15:00+00:00,0.0002444166649670761,260
2022-04-08 05:20:00+00:00,0.00024938323900728916,260
2022-04-08 05:25:00+00:00,0.0002443633702132028,260
2022-04-08 05:30:00+00:00,0.00023757580390648266,260
2022-04-08 05:35:00+00:00,0.0002284148974294502,260
2022-04-08 05:40:00+00:00,0.0002174766098898448,260
2022-04-08 05:45:00+00:00,0.0002033236124638952,260
2022-04-08 05:50:00+00:00,0.0001898853081234591,260
2022-04-08 05:55:00+00:00,0.00018749335189138675,260
2022-04-08 06:00:00+00:00,0.00018214630915916748,260
2022-04-08 06:05:00+00:00,0.00018935165136000885,260
2022-04-08 06:10:00+00:00,0.00019045064619285462,260
2022-04-08 06:15:00+00:00,0.00019406857417571954,260
2022-04-08 06:20:00+00:00,0.00019840971706191376,260
2022-04-08 06:25:00+00:00,0.00020143862163128783,260
2022-04-08 06:30:00+00:00,0.0001926836797216576,260
2022-04-08 06:35:00+00:00,0.0001945729029739071,260
2022-04-08 06:40:00+00:00,0.0001867321627896089,260
2022-04-08 06:45:00+00:00,0.00017797438205432198,260
2022-04-08 06:50:00+00:00,0.0001836282715662419,260
2022-04-08 06:55:00+00:00,0.00018858309563577196,260
2022-04-08 07:00:00+00:00,0.00020618287420306168,260
2022-04-08 07:05:00+00:00,0.00019498958679019387,260
2022-04-08 07:10:00+00:00,0.00020059486875651034,260
2022-04-08 07:15:00+00:00,0.00020216117213579956,260
2022-04-08 07:20:00+00:00,0.0001947514168546939,260
2022-04-08 07:25:00+00:00,0.0004883465696847888,260
2022-04-08 07:30:00+00:00,0.001458222919940982,260
2022-04-08 07:35:00+00:00,0.001198958517653166,260
2022-04-08 07:40:00+00:00,0.0013408941851553767,260
2022-04-08 07:45:00+00:00,0.001354743778705743,260
2022-04-08 07:50:00+00:00,0.0015094769363658163,260
2022-04-08 07:55:00+00:00,0.0014506180255804794,260
2022-04-08 08:00:00+00:00,0.0014728950626038137,260
2022-04-08 08:05:00+00:00,0.0013568143254644239,260
2022-04-08 08:10:00+00:00,0.001642761660749146,260
2022-04-08 08:15:00+00:00,0.0016939708654705081,260
2022-04-08 08:20:00+00:00,0.0011284521242704857,260
2022-04-08 08:25:00+00:00,0.00040864316370451477,260
2022-04-08 08:30:00+00:00,0.000360629816169875,260
2022-04-08 08:35:00+00:00,0.00033968435588776276,260
2022-04-08 08:40:00+00:00,0.00032084465868536697,260
2022-04-08 08:45:00+00:00,0.00036202761902023113,260
2022-04-08 08:50:00+00:00,0.00041255977745256956,260
2022-04-08 08:55:00+00:00,0.0004486270580169603,260
2022-04-08 09:00:00+00:00,0.00047257807487335386,260
2022-04-08 09:05:00+00:00,0.0005733768725510713,260
2022-04-08 09:10:00+00:00,0.0007232633180867939,260
2022-04-08 09:15:00+00:00,0.0006336275899346939,260
2022-04-08 09:20:00+00:00,0.0006883859601566668,260
2022-04-08 09:25:00+00:00,0.0009098122864740091,260
2022-04-08 09:30:00+00:00,0.0007950102890278332,260
2022-04-08 09:35:00+00:00,0.000883594237876776,260
2022-04-08 09:40:00+00:00,0.001327477862453914,260
2022-04-08 09:45:00+00:00,0.0010910564724267385,260
2022-04-08 09:50:00+00:00,0.001299974162036553,260
2022-04-08 09:55:00+00:00,0.0012075896898270798,260
2022-04-08 10:00:00+00:00,0.001887133625288367,260
2022-04-08 10:05:00+00:00,0.0034692603658261,260
2022-04-08 10:10:00+00:00,0.002752097592270577,260
2022-04-08 10:15:00+00:00,0.003103443522778212,260
2022-04-08 10:20:00+00:00,0.0032596993667566377,260
2022-04-08 10:25:00+00:00,0.005714529215089224,260
2022-04-08 10:30:00+00:00,0.004368118486602398,260
2022-04-08 10:35:00+00:00,0.004748016822376496,260
2022-04-08 10:40:00+00:00,0.0071056531117128134,260
2022-04-08 10:45:00+00:00,0.006909800884737537,260
2022-04-08 10:50:00+00:00,0.005257159950865831,260
2022-04-08 10:55:00+00:00,0.0069815769325712535,260
2022-04-08 11:00:00+00:00,0.0030330363795521885,260
2022-04-08 11:05:00+00:00,0.0036351793802734695,260
2022-04-08 11:10:00+00:00,0.0025201542070900458,260
2022-04-08 11:15:00+00:00,0.0027405059777085225,260
2022-04-08 11:20:00+00:00,0.0014802738780792092,260
2022-04-08 11:25:00+00:00,0.0019756639700149927,260
2022-04-08 11:30:00+00:00,0.0007371265030877972,260
2022-04-08 11:35:00+00:00,0.0005161518106571,260
2022-04-08 11:40:00+00:00,0.0003392883931545249,260
2022-04-08 11:45:00+00:00,0.0002467071705497609,260
2022-04-08 11:50:00+00:00,0.00019428837130297682,260
2022-04-08 11:55:00+00:00,0.00014967382490477636,260
2022-04-08 12:00:00+00:00,0.00012156957223262987,260
2022-04-08 12:05:00+00:00,0.00013723090494345504,260
2022-04-08 12:10:00+00:00,0.00013637216706790563,260
2022-04-08 12:15:00+00:00,0.0001370936903086904,260
2022-04-08 12:20:00+00:00,0.00013367783027169034,260
2022-04-08 12:25:00+00:00,0.00012294892885382166,260
2022-04-08 12:30:00+00:00,0.00012131130240860627,260
2022-04-08 12:35:00+00:00,0.0001234974454211067,260
2022-04-08 12:40:00+00:00,0.00014582699653548716,260
2022-04-08 12:45:00+00:00,0.000142126083880079,260
2022-04-08 12:50:00+00:00,0.0001462585015322741,260
2022-04-08 12:55:00+00:00,0.0001489407014025828,260
2022-04-08 13:00:00+00:00,0.00014231580250599155,260
2022-04-08 13:05:00+00:00,0.00011531965789806014,260
2022-04-08 13:10:00+00:00,8.383953452631611e-05,260
2022-04-08 13:15:00+00:00,7.748429890206456e-05,260
2022-04-08 13:20:00+00:00,7.332321605544334e-05,260
2022-04-08 13:25:00+00:00,0.00012874015227911758,260
2022-04-09 04:00:00+00:00,0.0007105104251988471,260
2022-04-09 04:05:00+00:00,0.0005725867573456751,260
2022-04-09 04:10:00+00:00,0.0004303618635900432,260
2022-04-09 04:15:00+00:00,0.00033741380191344104,260
2022-04-09 04:20:00+00:00,0.00021394213336285869,260
2022-04-09 04:25:00+00:00,0.00024659046465391076,260
2022-04-09 04:30:00+00:00,0.00022901113840638793,260
2022-04-09 04:35:00+00:00,0.00021823346637598587,260
2022-04-09 04:40:00+00:00,0.00021058584576095498,260
2022-04-09 04:45:00+00:00,0.00020445152736639822,260
2022-04-09 04:50:00+00:00,0.0002022051644222523,260
2022-04-09 04:55:00+00:00,0.0001913395222601534,260
2022-04-09 05:00:00+00:00,0.00018470278130848413,260
2022-04-09 05:05:00+00:00,0.00019074059200046369,260
2022-04-09 05:10:00+00:00,0.00019720104485993145,260
2022-04-09 05:15:00+00:00,0.0002024220468578361,260
2022-04-09 05:20:00+00:00,0.0001923368532894693,260
2022-04-09 05:25:00+00:00,0.00018783481456964045,260
2022-04-09 05:30:00+00:00,0.00018324728346000543,260
2022-04-09 05:35:00+00:00,0.00017636907564583612,260
2022-04-09 05:40:00+00:00,0.0002280533130066055,260
2022-04-09 05:45:00+00:00,0.00026000159649248983,260
2022-04-09 05:50:00+00:00,0.00034650211434995355,260
2022-04-09 05:55:00+00:00,0.0003161194196541972,260
2022-04-09 06:00:00+00:00,0.0005446553669815982,260
2022-04-09 06:05:00+00:00,0.00044624508030946454,260
2022-04-09 06:10:00+00:00,0.00039218499321577743,260
2022-04-09 06:15:00+00:00,0.00040950101569749164,260
2022-04-09 06:20:00+00:00,0.00044854303517156735,260
2022-04-09 06:25:00+00:00,0.0006408384585883362,260
2022-04-09 06:30:00+00:00,0.000621658044817594,260
2022-04-09 06:35:00+00:00,0.0008710006918903712,260
2022-04-09 06:40:00+00:00,0.0011187789143978699,260
2022-04-09 06:45:00+00:00,0.0009091181656148502,260
2022-04-09 06:50:00+00:00,0.0011021118468485613,260
2022-04-09 06:55:00+00:00,0.0011614443476611212,260
2022-04-09 07:00:00+00:00,0.001102060214876614,260
2022-04-09 07:05:00+00:00,0.0016709750302435365,260
2022-04-09 07:10:00+00:00,0.0012647966871948814,260
2022-04-09 07:15:00+00:00,0.0019862007972293663,260
2022-04-09 07:20:00+00:00,0.001433172323376869,260
2022-04-09 07:25:00+00:00,0.0012010445527767819,260
2022-04-09 07:30:00+00:00,0.0012970130627201744,260
2022-04-09 07:35:00+00:00,0.0017931170096714792,260
2022-04-09 07:40:00+00:00,0.0016023955454589989,260
2022-04-09 07:45:00+00:00,0.0024496604638438104,260
2022-04-09 07:50:00+00:00,0.00413030603969965,260
2022-04-09 07:55:00+00:00,0.004609479405115828,260
2022-04-09 08:00:00+00:00,0.004937609264650146,260
2022-04-09 08:05:00+00:00,0.004919988229580816,260
2022-04-09 08:10:00+00:00,0.004627696849870102,260
2022-04-09 08:15:00+00:00,0.004795112142916538,260
2022-04-09 08:20:00+00:00,0.004732749144254688,260
2022-04-09 08:25:00+00:00,0.005216885953216004,260
2022-04-09 08:30:00+00:00,0.005032001209651288,260
2022-04-09 08:35:00+00:00,0.0048112583702079525,260
2022-04-09 08:40:00+00:00,0.004602198393865482,260
2022-04-09 08:45:00+00:00,0.003154835098281043,260
2022-04-09 08:50:00+00:00,0.005091843770647737,260
2022-04-09 08:55:00+00:00,0.004163936410192843,260
2022-04-09 09:00:00+00:00,0.0035704201479447107,260
2022-04-09 09:05:00+00:00,0.004419516151000544,260
2022-04-09 09:10:00+00:00,0.0038173382351660745,260
2022-04-09 09:15:00+00:00,0.004818099490975578,260
2022-04-09 09:20:00+00:00,0.003872039254674308,260
2022-04-09 09:25:00+00:00,0.00361835069448325,260
2022-04-09 09:30:00+00:00,0.0036024298279615802,260
2022-04-09 09:35:00+00:00,0.0039132170471958055,260
2022-04-09 09:40:00+00:00,0.0039953438916806765,260
2022-04-09 09:45:00+00:00,0.003195830764817153,260
2022-04-09 09:50:00+00:00,0.0014621996803339675,260
2022-04-09 09:55:00+00:00,0.001750770040433622,260
2022-04-09 10:00:00+00:00,0.0008339974148386481,260
2022-04-09 10:05:00+00:00,0.0015801924214125147,260
2022-04-09 10:10:00+00:00,0.0010951049351717547,260
2022-04-09 10:15:00+00:00,0.0011282236976186658,260
2022-04-09 10:20:00+00:00,0.0008215666196478566,260
2022-04-09 10:25:00+00:00,0.0005756847957656708,260
2022-04-09 10:30:00+00:00,0.0005208259908600211,260
2022-04-09 10:35:00+00:00,0.0006790868270152565,260
2022-04-09 10:40:00+00:00,0.0005598069578259227,260
2022-04-09 10:45:00+00:00,0.0005157181330836796,260
2022-04-09 10:50:00+00:00,0.0004873579685488925,260
2022-04-09 10:55:00+00:00,0.0007855401141997615,260
2022-04-09 11:00:00+00:00,0.0007668775380677941,260
2022-04-09 11:05:00+00:00,0.0014581064546681645,260
2022-04-09 11:10:00+00:00,0.0007600718835353083,260
2022-04-09 11:15:00+00:00,0.0008702434429038208,260
2022-04-09 11:20:00+00:00,0.0005595626978447941,260
2022-04-09 11:25:00+00:00,0.0005961640534599328,260
2022-04-09 11:30:00+00:00,0.0005490041567250476,260
2022-04-09 11:35:00+00:00,0.0005339105004335637,260
2022-04-09 11:40:00+00:00,0.0005222957945026178,260
2022-04-09 11:45:00+00:00,0.0006301080280653212,260
2022-04-09 11:50:00+00:00,0.0003714490472488752,260
2022-04-09 11:55:00+00:00,0.00027314326040976753,260
2022-04-09 12:00:00+00:00,0.0004108155654705827,260
2022-04-09 12:05:00+00:00,0.0005176237391401247,260
2022-04-09 12:10:00+00:00,0.0006478424342548124,260
2022-04-09 12:15:00+00:00,0.000817082052383378,260
2022-04-09 12:20:00+00:00,0.000923691840530799,260
2022-04-09 12:25:00+00:00,0.0008106412560426275,260
2022-04-09 12:30:00+00:00,0.0008892206034399145,260
2022-04-09 12:35:00+00:00,0.0009082502949021911,260
2022-04-09 12:40:00+00:00,0.0008984141927682725,260
2022-04-09 12:45:00+00:00,0.0007366026057753133,260
2022-04-09 12:50:00+00:00,0.0007038404389155173,260
2022-04-09 12:55:00+00:00,0.0006452061443638639,260
2022-04-09 13:00:00+00:00,0.0005783109614275218,260
2022-04-09 13:05:00+00:00,0.0003867088412594944,260
2022-04-10 04:00:00+00:00,0.0005275203731563383,260
2022-04-10 04:05:00+00:00,0.0006322377636084332,260
2022-04-10 04:10:00+00:00,0.0008017598234567789,260
2022-04-10 04:15:00+00:00,0.0010870483852679586,260
2022-04-10 04:20:00+00:00,0.0008234405852439392,260
2022-04-10 04:25:00+00:00,0.0007755563790551282,260
2022-04-10 04:30:00+00:00,0.000825070329101716,260
2022-04-10 04:35:00+00:00,0.0013004751769809574,260
2022-04-10 04:40:00+00:00,0.0013894582590990015,260
2022-04-10 04:45:00+00:00,0.0023204712500340214,260
2022-04-10 04:50:00+00:00,0.001598551059649362,260
2022-04-10 04:55:00+00:00,0.002717279930316714,260
2022-04-10 05:00:00+00:00,0.001882891882207231,260
2022-04-10 05:05:00+00:00,0.0022321118298078355,260
2022-04-10 05:10:00+00:00,0.0019816325548917724,260
2022-04-10 05:15:00+00:00,0.002642703711718023,260
2022-04-10 05:20:00+00:00,0.0020850986444400366,260
2022-04-10 05:25:00+00:00,0.0017764805217381715,260
2022-04-10 05:30:00+00:00,0.00090193993621846,260
2022-04-10 05:35:00+00:00,0.0013405778059382804,260
2022-04-10 05:40:00+00:00,0.0008804368917703939,260
2022-04-10 05:45:00+00:00,0.0009711371608032033,260
2022-04-10 05:50:00+00:00,0.0007626802864311562,260
2022-04-10 05:55:00+00:00,0.0007587121898112783,260
2022-04-10 06:00:00+00:00,0.0006930403684673766,260
2022-04-10 06:05:00+00:00,0.0005345416587552729,260
2022-04-10 06:10:00+00:00,0.0003443347517735147,260
2022-04-10 06:15:00+00:00,0.0003388339471011768,260
2022-04-10 06:20:00+00:00,0.0003495385299496021,260
2022-04-10 06:25:00+00:00,0.00034138526383480333,260
2022-04-10 06:30:00+00:00,0.0003114034749678334,260
2022-04-10 06:35:00+00:00,0.0003204139164506064,260
2022-04-10 06:40:00+00:00,0.00032651947196988667,260
2022-04-10 06:45:00+00:00,0.0002567134165623391,260
2022-04-10 06:50:00+00:00,0.00014024871422417683,260
2022-04-10 06:55:00+00:00,0.00015005233348288594,260
2022-04-10 07:00:00+00:00,0.0001719586573678807,260
2022-04-10 07:05:00+00:00,0.00018202066589849774,260
2022-04-10 07:10:00+00:00,0.00019930649102348766,260
2022-04-10 07:15:00+00:00,0.0002080261435267369,260
2022-04-10 07:20:00+00:00,0.00022609759071383977,260
2022-04-10 07:25:00+00:00,0.0002350459563387824,260
2022-04-10 07:30:00+00:00,0.00022789306374503717,260
2022-04-10 07:35:00+00:00,0.00022377570001572622,260
2022-04-10 07:40:00+00:00,0.00019974272226416158,260
2022-04-10 07:45:00+00:00,0.0001974495538639393,260
2022-04-10 07:50:00+00:00,0.00019207553310976412,260
2022-04-10 07:55:00+00:00,0.00015263115912237356,260
2022-04-10 08:00:00+00:00,0.0001416116818528866,260
2022-04-10 08:05:00+00:00,0.00012766136864908142,260
2022-04-10 08:10:00+00:00,0.0001158707042437307,260
2022-04-10 08:15:00+00:00,0.00010404135209488085,260
2022-04-10 08:20:00+00:00,0.00010404554020704359,260
2022-04-10 08:25:00+00:00,0.0001044774493620559,260
2022-04-10 08:30:00+00:00,0.00010820926944556146,260
2022-04-10 08:35:00+00:00,0.00011858489903539732,260
2022-04-10 08:40:00+00:00,0.00012123922521080555,260
2022-04-10 08:45:00+00:00,0.00010977650825903976,260
2022-04-10 08:50:00+00:00,0.00014388403591378168,260
2022-04-10 08:55:00+00:00,0.00013890496583434018,260
2022-04-10 09:00:00+00:00,0.00012198095588425297,260
2022-04-10 09:05:00+00:00,0.00013357128415217084,260
2022-04-10 09:10:00+00:00,0.00016058961589489608,260
2022-04-10 09:15:00+00:00,0.00021024310235838738,260
2022-04-10 09:20:00+00:00,0.0008951981211620926,260
2022-04-10 09:25:00+00:00,0.0031437481537435236,260
2022-04-10 09:30:00+00:00,0.0031347805938553,260
2022-04-10 09:35:00+00:00,0.003157517360699664,260
2022-04-10 09:40:00+00:00,0.003263754251914652,260
2022-04-10 09:45:00+00:00,0.0034815183376921705,260
2022-04-10 09:50:00+00:00,0.003364871953270723,260
2022-04-10 09:55:00+00:00,0.0043921382366461145,260
2022-04-10 10:00:00+00:00,0.004560244791706069,260
2022-04-10 10:05:00+00:00,0.005032844913956126,260
2022-04-10 10:10:00+00:00,0.007147566791737124,260
2022-04-10 10:15:00+00:00,0.005248219400493801,260
2022-04-10 10:20:00+00:00,0.0028832984280053823,260
2022-04-10 10:25:00+00:00,0.0022836249078011135,260
2022-04-10 10:30:00+00:00,0.002077805587587772,260
2022-04-10 10:35:00+00:00,0.0019993427258053723,260
2022-04-10 10:40:00+00:00,0.0016294584498860061,260
2022-04-10 10:45:00+00:00,0.0026712787971869744,260
2022-04-10 10:50:00+00:00,0.000778020677571947,260
2022-04-10 10:55:00+00:00,0.0004773924387717782,260
2022-04-10 11:00:00+00:00,0.00045042322846455075,260
2022-04-10 11:05:00+00:00,0.0005097910017421972,260
2022-04-10 11:10:00+00:00,0.0003001146236100499,260
2022-04-10 11:15:00+00:00,0.00013849516239222202,260
2022-04-10 11:20:00+00:00,8.574115334114792e-05,260
2022-04-10 11:25:00+00:00,0.00010570807453922237,260
2022-04-10 11:30:00+00:00,8.394710935796434e-05,260
2022-04-10 11:35:00+00:00,7.932953559916949e-05,260
2022-04-10 11:40:00+00:00,8.100310914133334e-05,260
2022-04-10 11:45:00+00:00,9.442545592548188e-05,260
2022-04-10 11:50:00+00:00,0.00010952818611716088,260
2022-04-10 11:55:00+00:00,0.0001270685385763818,260
2022-04-10 12:00:00+00:00,0.0001429865833197908,260
2022-04-10 12:05:00+00:00,0.0001471572241278831,260
2022-04-10 12:10:00+00:00,0.00018543816662871393,260
2022-04-10 12:15:00+00:00,0.00018321043911650943,260
2022-04-10 12:20:00+00:00,0.00016951814716923092,260
2022-04-10 12:25:00+00:00,0.000166523861516707,260
2022-04-10 12:30:00+00:00,0.00016377229337825297,260
2022-04-10 12:35:00+00:00,0.00017421467518261225,260
2022-04-10 12:40:00+00:00,0.00017829930915796324,260
2022-04-10 12:45:00+00:00,0.00017614258005393745,260
2022-04-10 12:50:00+00:00,0.00016769763511631391,260
2022-04-10 12:55:00+00:00,0.00014110726902756709,260
2022-04-10 13:00:00+00:00,0.00013303252016687094,260
2022-04-10 13:05:00+00:00,0.0001250159649608406,260
2022-04-10 13:10:00+00:00,0.00011665491466487634,260
2022-04-11 03:55:00+00:00,0.0004086813718627602,260
2022-04-11 04:00:00+00:00,0.0003800696972108099,260
2022-04-11 04:05:00+00:00,0.00037164482260737243,260
2022-04-11 04:10:00+00:00,0.00038138669092615006,260
2022-04-11 04:15:00+00:00,0.000400207290827408,260
2022-04-11 04:20:00+00:00,0.0003098888758285487,260
2022-04-11 04:25:00+00:00,0.00029516954031680423,260
2022-04-11 04:30:00+00:00,0.0002746256403027157,260
2022-04-11 04:35:00+00:00,0.00026211666855550806,260
2022-04-11 04:40:00+00:00,0.00024898020752812315,260
2022-04-11 04:45:00+00:00,0.00024684453194897545,260
2022-04-11 04:50:00+00:00,0.0002638410297444531,260
2022-04-11 04:55:00+00:00,0.00025895487275003217,260
2022-04-11 05:00:00+00:00,0.0002489524750490705,260
2022-04-11 05:05:00+00:00,0.00024660141164951216,260
2022-04-11 05:10:00+00:00,0.0002582754160654678,260
2022-04-11 05:15:00+00:00,0.00027550240141467077,260
2022-04-11 05:20:00+00:00,0.0002811929127166988,260
2022-04-11 05:25:00+00:00,0.00028741841644229125,260
2022-04-11 05:30:00+00:00,0.00029924387044557416,260
2022-04-11 05:35:00+00:00,0.00028920373678354756,260
2022-04-11 05:40:00+00:00,0.00026326056227421853,260
2022-04-11 05:45:00+00:00,0.00025729977787124496,260
2022-04-11 05:50:00+00:00,0.00022265014788111324,260
2022-04-11 05:55:00+00:00,0.0001955533943417602,260
2022-04-11 06:00:00+00:00,0.0001754132568042511,260
2022-04-11 06:05:00+00:00,0.00017329319294913544,260
2022-04-11 06:10:00+00:00,0.0001676767339163421,260
2022-04-11 06:15:00+00:00,0.00016070501920736365,260
2022-04-11 06:20:00+00:00,0.00016989814221784184,260
2022-04-11 06:25:00+00:00,0.0001701426324665086,260
2022-04-11 06:30:00+00:00,0.00017105891764852322,260
2022-04-11 06:35:00+00:00,0.00016582029311965453,260
2022-04-11 06:40:00+00:00,0.00017007607890324864,260
2022-04-11 06:45:00+00:00,0.00017311228328449897,260
2022-04-11 06:50:00+00:00,0.0001766205143302607,260
2022-04-11 06:55:00+00:00,0.0001721227077759629,260
2022-04-11 07:00:00+00:00,0.0001728445425447537,260
2022-04-11 07:05:00+00:00,0.0001777391469351097,260
2022-04-11 07:10:00+00:00,0.0001872155172938574,260
2022-04-11 07:15:00+00:00,0.0001874093845846092,260
2022-04-11 07:20:00+00:00,0.0001919582001525813,260
2022-04-11 07:25:00+00:00,0.0001968902329273826,260
2022-04-11 07:30:00+00:00,0.00020403373075720817,260
2022-04-11 07:35:00+00:00,0.0001937379579994913,260
2022-04-11 07:40:00+00:00,0.00018811908050525523,260
2022-04-11 07:45:00+00:00,0.0001859751725555013,260
2022-04-11 07:50:00+00:00,0.00020293882255239013,260
2022-04-11 07:55:00+00:00,0.0002348374532948326,260
2022-04-11 08:00:00+00:00,0.0002723099798440552,260
2022-04-11 08:05:00+00:00,0.00031606490117989976,260
2022-04-11 08:10:00+00:00,0.00033908820434071636,260
2022-04-11 08:15:00+00:00,0.00033472511631716485,260
2022-04-11 08:20:00+00:00,0.00029443730986153914,260
2022-04-11 08:25:00+00:00,0.0002668583401264568,260
2022-04-11 08:30:00+00:00,0.00025445330800213484,260
2022-04-11 08:35:00+00:00,0.00025066321066127205,260
2022-04-11 08:40:00+00:00,0.0002777403440478321,260
2022-04-11 08:45:00+00:00,0.00024266156875646968,260
2022-04-11 08:50:00+00:00,0.0001549800456584188,260
2022-04-11 08:55:00+00:00,0.00012448883423888746,260
2022-04-11 09:00:00+00:00,0.00010301775892402885,260
2022-04-11 09:05:00+00:00,0.00011667605969604869,260
2022-04-11 09:10:00+00:00,0.00016207362018299187,260
2022-04-11 09:15:00+00:00,0.0002124723122573499,260
2022-04-11 09:20:00+00:00,0.00021275698561724026,260
2022-04-11 09:25:00+00:00,0.00019223142028885283,260
2022-04-11 09:30:00+00:00,0.00021700098065879125,260
2022-04-11 09:35:00+00:00,0.00023223300237953663,260
2022-04-11 09:40:00+00:00,0.0008815115613741034,260
2022-04-11 09:45:00+00:00,0.0005377620289156741,260
2022-04-11 09:50:00+00:00,0.0010724300623753034,260
2022-04-11 09:55:00+00:00,0.0011292607001893128,260
2022-04-11 10:00:00+00:00,0.0008527182633997816,260
2022-04-11 10:05:00+00:00,0.0009690233821718853,260
2022-04-11 10:10:00+00:00,0.0011516282363727478,260
2022-04-11 10:15:00+00:00,0.0012892259695190906,260
2022-04-11 10:20:00+00:00,0.0012224561929365285,260
2022-04-11 10:25:00+00:00,0.0011789959703058213,260
2022-04-11 10:30:00+00:00,0.0015163777524545585,260
2022-04-11 10:35:00+00:00,0.0018747899486652423,260
2022-04-11 10:40:00+00:00,0.0009735411583016306,260
2022-04-11 10:45:00+00:00,0.0010404313274989217,260
2022-04-11 10:50:00+00:00,0.0002959007979809807,260
2022-04-11 10:55:00+00:00,0.00016513407362663714,260
2022-04-11 11:00:00+00:00,0.00010686747298723313,260
2022-04-11 11:05:00+00:00,0.00014392671013368632,260
2022-04-11 11:10:00+00:00,0.00018907747264688138,260
2022-04-11 11:15:00+00:00,0.00019523178160056625,260
2022-04-11 11:20:00+00:00,0.00017766335690701568,260
2022-04-11 11:25:00+00:00,0.0002000628879339472,260
2022-04-11 11:30:00+00:00,0.00021968111652460192,260
2022-04-11 11:35:00+00:00,0.00022477360533955314,260
2022-04-11 11:40:00+00:00,0.00021261160991967108,260
2022-04-11 11:45:00+00:00,0.0002220191372590764,260
2022-04-11 11:50:00+00:00,0.0002516152679393217,260
2022-04-11 11:55:00+00:00,0.0002551332118528257,260
2022-04-11 12:00:00+00:00,0.00036316161728960385,260
2022-04-11 12:05:00+00:00,0.0005085790321755842,260
2022-04-11 12:10:00+00:00,0.0006157131596824779,260
2022-04-11 12:15:00+00:00,0.0006530756799784833,260
2022-04-11 12:20:00+00:00,0.0009481819093336702,260
2022-04-11 12:25:00+00:00,0.0012561635262941556,260
2022-04-11 12:30:00+00:00,0.0015425820656737171,260
2022-04-11 12:35:00+00:00,0.0018377259402896887,260
2022-04-11 12:40:00+00:00,0.0019032354049913136,260
2022-04-11 12:45:00+00:00,0.0019830738458181687,260
2022-04-11 12:50:00+00:00,0.0020238487555075996,260
2022-04-11 12:55:00+00:00,0.0020083650031365932,260
2022-04-11 13:00:00+00:00,0.0019831100362223664,260
2022-04-11 13:05:00+00:00,0.0018684406143942578,260
2022-04-11 13:10:00+00:00,0.0017829826629676805,260
2022-04-11 13:15:00+00:00,0.0017670460686597196,260
2022-04-11 13:20:00+00:00,0.001488640945886111,260
2022-04-11 13:25:00+00:00,0.001211034019451054,260
2022-04-11 13:30:00+00:00,0.001760354851725011,260
2022-04-12 03:45:00+00:00,0.002265077040207552,260
2022-04-12 03:50:00+00:00,0.0022056936340139857,260
2022-04-12 03:55:00+00:00,0.0018077135953395887,260
2022-04-12 04:00:00+00:00,0.001141723719804735,260
2022-04-12 04:05:00+00:00,0.0008069970229349498,260
2022-04-12 04:10:00+00:00,0.0007716805158013563,260
2022-04-12 04:15:00+00:00,0.0011492632407283769,260
2022-04-12 04:20:00+00:00,0.0012928667527526841,260
2022-04-12 04:25:00+00:00,0.0014461254307670775,260
2022-04-12 04:30:00+00:00,0.0012361261579407186,260
2022-04-12 04:35:00+00:00,0.0012437101419938985,260
2022-04-12 04:40:00+00:00,0.0013494706831292112,260
2022-04-12 04:45:00+00:00,0.0012665857369249618,260
2022-04-12 04:50:00+00:00,0.0015709208702720618,260
2022-04-12 04:55:00+00:00,0.0014737957754085492,260
2022-04-12 05:00:00+00:00,0.0014804072919867028,260
2022-04-12 05:05:00+00:00,0.0014848396179273418,260
2022-04-12 05:10:00+00:00,0.0016734881012918329,260
2022-04-12 05:15:00+00:00,0.0029421051764105324,260
2022-04-12 05:20:00+00:00,0.0026019362829488037,260
2022-04-12 05:25:00+00:00,0.002806489565569395,260
2022-04-12 05:30:00+00:00,0.002678942694520537,260
2022-04-12 05:35:00+00:00,0.0029717221157015677,260
2022-04-12 05:40:00+00:00,0.0036121797652797862,260
2022-04-12 05:45:00+00:00,0.0038906294822502307,260
2022-04-12 05:50:00+00:00,0.003767448191824432,260
2022-04-12 05:55:00+00:00,0.0039036452140318294,260
2022-04-12 06:00:00+00:00,0.003779511955140213,260
2022-04-12 06:05:00+00:00,0.003325626452053041,260
2022-04-12 06:10:00+00:00,0.0018978691495005002,260
2022-04-12 06:15:00+00:00,0.0017440458076068551,260
2022-04-12 06:20:00+00:00,0.0017176653640501318,260
2022-04-12 06:25:00+00:00,0.0017786245633551968,260
2022-04-12 06:30:00+00:00,0.0020648759524199943,260
2022-04-12 06:35:00+00:00,0.0010978125446430532,260
2022-04-12 06:40:00+00:00,0.0006571749407242286,260
2022-04-12 06:45:00+00:00,0.0007971052489754336,260
2022-04-12 06:50:00+00:00,0.000813090083960916,260
2022-04-12 06:55:00+00:00,0.0008156570557964732,260
2022-04-12 07:00:00+00:00,0.0008550790552198273,260
2022-04-12 07:05:00+00:00,0.0010480924778280955,260
2022-04-12 07:10:00+00:00,0.0011102909422097528,260
2022-04-12 07:15:00+00:00,0.001067241967564958,260
2022-04-12 07:20:00+00:00,0.0010543601419976407,260
2022-04-12 07:25:00+00:00,0.001185627955073921,260
2022-04-12 07:30:00+00:00,0.0015715781820802854,260
2022-04-12 07:35:00+00:00,0.0008185502199502955,260
2022-04-12 07:40:00+00:00,0.0003339116446512105,260
2022-04-12 07:45:00+00:00,0.0002917273163064646,260
2022-04-12 07:50:00+00:00,0.00033492427143082693,260
2022-04-12 07:55:00+00:00,0.0002057329170513651,260
2022-04-12 08:00:00+00:00,0.00016552980397709546,260
2022-04-12 08:05:00+00:00,0.00014878518961173237,260
2022-04-12 08:10:00+00:00,0.00013517917882690804,260
2022-04-12 08:15:00+00:00,0.00011523808769750194,260
2022-04-12 08:20:00+00:00,0.00010610760701252093,260
2022-04-12 08:25:00+00:00,0.00010271169711179135,260
2022-04-12 08:30:00+00:00,0.00010446066804151311,260
2022-04-12 08:35:00+00:00,0.00012600300148189771,260
2022-04-12 08:40:00+00:00,0.00014987547127630308,260
2022-04-12 08:45:00+00:00,0.00013499655949343554,260
2022-04-12 08:50:00+00:00,0.00013553503586684397,260
2022-04-12 08:55:00+00:00,0.00014960306359741032,260
2022-04-12 09:00:00+00:00,0.00016227668092592403,260
2022-04-12 09:05:00+00:00,0.00014077627159001982,260
2022-04-12 09:10:00+00:00,0.0001513532637523471,260
2022-04-12 09:15:00+00:00,0.0011355108916499808,260
2022-04-12 09:20:00+00:00,0.0011006507578555796,260
2022-04-12 09:25:00+00:00,0.0011628963770395078,260
2022-04-12 09:30:00+00:00,0.0009599985286531073,260
2022-04-12 09:35:00+00:00,0.0011837511811209475,260
2022-04-12 09:40:00+00:00,0.0014110443337932883,260
2022-04-12 09:45:00+00:00,0.0014213262693543681,260
2022-04-12 09:50:00+00:00,0.0011057826366139836,260
2022-04-12 09:55:00+00:00,0.0012777307791737142,260
2022-04-12 10:00:00+00:00,0.0010483944964443598,260
2022-04-12 10:05:00+00:00,0.0021635172145023224,260
2022-04-12 10:10:00+00:00,0.0010069040082554184,260
2022-04-12 10:15:00+00:00,0.00045430831116853376,260
2022-04-12 10:20:00+00:00,0.0004089488831956467,260
2022-04-12 10:25:00+00:00,0.00016599683762056662,260
2022-04-12 10:30:00+00:00,0.0001634863452110839,260
2022-04-12 10:35:00+00:00,0.0001616525947815342,260
2022-04-12 10:40:00+00:00,0.00016913809741350304,260
2022-04-12 10:45:00+00:00,0.0006511720476805112,260
2022-04-12 10:50:00+00:00,0.00042169586874192685,260
2022-04-12 10:55:00+00:00,0.0005419725292747913,260
2022-04-12 11:00:00+00:00,0.000645335950613604,260
2022-04-12 11:05:00+00:00,0.0006362542917073869,260
2022-04-12 11:10:00+00:00,0.002108282396025973,260
2022-04-12 11:15:00+00:00,0.001380540951274108,260
2022-04-12 11:20:00+00:00,0.0019336158975965152,260
2022-04-12 11:25:00+00:00,0.0015926198180908218,260
2022-04-12 11:30:00+00:00,0.0013659057902438386,260
2022-04-12 11:35:00+00:00,0.0013435418241632764,260
2022-04-12 11:40:00+00:00,0.0012610901967184927,260
2022-04-12 11:45:00+00:00,0.0017100901712333162,260
2022-04-12 11:50:00+00:00,0.001312241769121164,260
2022-04-12 11:55:00+00:00,0.0015084394187866634,260
2022-04-12 12:00:00+00:00,0.0010973839006580897,260
2022-04-12 12:05:00+00:00,0.000753966983952808,260
2022-04-12 12:10:00+00:00,0.0007292866089459919,260
2022-04-12 12:15:00+00:00,0.00078129008462425,260
2022-04-12 12:20:00+00:00,0.001101436595282429,260
2022-04-12 12:25:00+00:00,0.001332199549536844,260
2022-04-12 12:30:00+00:00,0.0015831776239885148,260
2022-04-12 12:35:00+00:00,0.0018063575710102876,260
2022-04-12 12:40:00+00:00,0.0019066654303956164,260
2022-04-12 12:45:00+00:00,0.001972785413890706,260
2022-04-12 12:50:00+00:00,0.0020327464996847187,260
2022-04-12 12:55:00+00:00,0.0020151198752260523,260
2022-04-12 13:00:00+00:00,0.0020082060007634004,260
2022-04-12 13:05:00+00:00,0.0018746387877112399,260
2022-04-12 13:10:00+00:00,0.0017980352091482824,260
2022-04-12 13:15:00+00:00,0.0017595083663983118,260
2022-04-12 13:20:00+00:00,0.0014528927152093814,260
2022-04-12 13:25:00+00:00,0.0011782257530358674,260
2022-04-12 13:30:00+00:00,0.0015356757483312468,260
2022-04-13 03:55:00+00:00,0.0009956912591400312,260
2022-04-13 04:00:00+00:00,0.0011237804167242636,260
2022-04-13 04:05:00+00:00,0.0010322933334671143,260
2022-04-13 04:10:00+00:00,0.0011864800192248118,260
2022-04-13 04:15:00+00:00,0.0010410999710712661,260
2022-04-13 04:20:00+00:00,0.001042750815956061,260
2022-04-13 04:25:00+00:00,0.0009170159623422882,260
2022-04-13 04:30:00+00:00,0.0015983877709283582,260
2022-04-13 04:35:00+00:00,0.0011826942037514545,260
2022-04-13 04:40:00+00:00,0.0012809952518561324,260
2022-04-13 04:45:00+00:00,0.0019930447712662985,260
2022-04-13 04:50:00+00:00,0.0010791626126388529,260
2022-04-13 04:55:00+00:00,0.002277872201547423,260
2022-04-13 05:00:00+00:00,0.0015102865722953,260
2022-04-13 05:05:00+00:00,0.0010930006817368944,260
2022-04-13 05:10:00+00:00,0.0009286840933700442,260
2022-04-13 05:15:00+00:00,0.0013383262116500169,260
2022-04-13 05:20:00+00:00,0.0007610055603197645,260
2022-04-13 05:25:00+00:00,0.0009361944430551507,260
2022-04-13 05:30:00+00:00,0.0009075169466572123,260
2022-04-13 05:35:00+00:00,0.0006213972633985539,260
2022-04-13 05:40:00+00:00,0.0006905078020842758,260
2022-04-13 05:45:00+00:00,0.0005538434313758382,260
2022-04-13 05:50:00+00:00,0.000383777443857586,260
2022-04-13 05:55:00+00:00,0.0004991856557452168,260
2022-04-13 06:00:00+00:00,0.0004113500146400702,260
2022-04-13 06:05:00+00:00,0.0005282148188761178,260
2022-04-13 06:10:00+00:00,0.000702851034334007,260
2022-04-13 06:15:00+00:00,0.0008847293483684056,260
2022-04-13 06:20:00+00:00,0.0010319785960612598,260
2022-04-13 06:25:00+00:00,0.0011543471687079445,260
2022-04-13 06:30:00+00:00,0.0014377714386427606,260
2022-04-13 06:35:00+00:00,0.001831056104215535,260
2022-04-13 06:40:00+00:00,0.0013468686574376063,260
2022-04-13 06:45:00+00:00,0.0009932079009954563,260
2022-04-13 06:50:00+00:00,0.0009876496833852494,260
2022-04-13 06:55:00+00:00,0.0010625499485118375,260
2022-04-13 07:00:00+00:00,0.0009823515529373175,260
2022-04-13 07:05:00+00:00,0.001008693962780707,260
2022-04-13 07:10:00+00:00,0.001201503060839567,260
2022-04-13 07:15:00+00:00,0.001870096658243173,260
2022-04-13 07:20:00+00:00,0.0014389220832541061,260
2022-04-13 07:25:00+00:00,0.0016110728304992061,260
2022-04-13 07:30:00+00:00,0.0014508690606606183,260
2022-04-13 07:35:00+00:00,0.0008318386823163011,260
2022-04-13 07:40:00+00:00,0.0010384530171781104,260
2022-04-13 07:45:00+00:00,0.00123882686506588,260
2022-04-13 07:50:00+00:00,0.0013506707292887203,260
2022-04-13 07:55:00+00:00,0.0015090932414751471,260
2022-04-13 08:00:00+00:00,0.0011924908901259888,260
2022-04-13 08:05:00+00:00,0.0013450253065734683,260
2022-04-13 08:10:00+00:00,0.00447240480565772,260
2022-04-13 08:15:00+00:00,0.00201063923610582,260
2022-04-13 08:20:00+00:00,0.0016853640283224492,260
2022-04-13 08:25:00+00:00,0.0014456378230968874,260
2022-04-13 08:30:00+00:00,0.0018678401565395677,260
2022-04-13 08:35:00+00:00,0.002385314868725766,260
2022-04-13 08:40:00+00:00,0.0029292110745850696,260
2022-04-13 08:45:00+00:00,0.002522681553716962,260
2022-04-13 08:50:00+00:00,0.0032254032735327537,260
2022-04-13 08:55:00+00:00,0.003770585078625851,260
2022-04-13 09:00:00+00:00,0.0032421621042868897,260
2022-04-13 09:05:00+00:00,0.002817849043705782,260
2022-04-13 09:10:00+00:00,0.0032326814011706326,260
2022-04-13 09:15:00+00:00,0.005946565612903134,260
2022-04-13 09:20:00+00:00,0.005745018323646404,260
2022-04-13 09:25:00+00:00,0.00590980883380057,260
2022-04-13 09:30:00+00:00,0.0026769415455437243,260
2022-04-13 09:35:00+00:00,0.0043961641006348496,260
2022-04-13 09:40:00+00:00,0.002093781795636388,260
2022-04-13 09:45:00+00:00,0.0022917194156530235,260
2022-04-13 09:50:00+00:00,0.002002702653706146,260
2022-04-13 09:55:00+00:00,0.002216920336475282,260
2022-04-13 10:00:00+00:00,0.0021651360163536786,260
2022-04-13 10:05:00+00:00,0.0017538246418173048,260
2022-04-13 10:10:00+00:00,0.0010621416250901905,260
2022-04-13 10:15:00+00:00,0.0015611205986924381,260
2022-04-13 10:20:00+00:00,0.0011961628462237638,260
2022-04-13 10:25:00+00:00,0.0006117224998955992,260
2022-04-13 10:30:00+00:00,0.0004544152435271711,260
2022-04-13 10:35:00+00:00,0.00047732324261210113,260
2022-04-13 10:40:00+00:00,0.0005319082292597425,260
2022-04-13 10:45:00+00:00,0.0005695699062221978,260
2022-04-13 10:50:00+00:00,0.0005378748090441809,260
2022-04-13 10:55:00+00:00,0.0004747762676483139,260
2022-04-13 11:00:00+00:00,0.0004854493398880566,260
2022-04-13 11:05:00+00:00,0.00048546298455714293,260
2022-04-13 11:10:00+00:00,0.0003629696779578474,260
2022-04-13 11:15:00+00:00,0.00021431016551440088,260
2022-04-13 11:20:00+00:00,0.00018680931509257865,260
2022-04-13 11:25:00+00:00,0.0002877385833875417,260
2022-04-13 11:30:00+00:00,0.0007699923771340386,260
2022-04-13 11:35:00+00:00,0.0008612468696142248,260
2022-04-13 11:40:00+00:00,0.0009703301021000479,260
2022-04-13 11:45:00+00:00,0.0007267483593132916,260
2022-04-13 11:50:00+00:00,0.000968718699923619,260
2022-04-13 11:55:00+00:00,0.0009603489263455556,260
2022-04-13 12:00:00+00:00,0.00077226244380664,260
2022-04-13 12:05:00+00:00,0.0006798424323467195,260
2022-04-13 12:10:00+00:00,0.0008586938336393486,260
2022-04-13 12:15:00+00:00,0.0008520945478827772,260
2022-04-13 12:20:00+00:00,0.000825704919864253,260
2022-04-13 12:25:00+00:00,0.0005704562279936019,260
2022-04-13 12:30:00+00:00,0.00047357924320563647,260
2022-04-13 12:35:00+00:00,0.00040815083075813056,260
2022-04-13 12:40:00+00:00,0.0003473070056042749,260
2022-04-13 12:45:00+00:00,0.0003024916585487368,260
2022-04-13 12:50:00+00:00,0.00029319530112646686,260
2022-04-13 12:55:00+00:00,0.0002872215326941115,260
2022-04-14 04:15:00+00:00,0.0009914176355833347,260
2022-04-14 04:20:00+00:00,0.0009670178596759312,260
2022-04-14 04:25:00+00:00,0.0010729608302628923,260
2022-04-14 04:30:00+00:00,0.0009594085102499387,260
2022-04-14 04:35:00+00:00,0.0009907805714250168,260
2022-04-14 04:40:00+00:00,0.001352250853208292,260
2022-04-14 04:45:00+00:00,0.0012168176990481573,260
2022-04-14 04:50:00+00:00,0.0012174025052811368,260
2022-04-14 04:55:00+00:00,0.0011952770510157754,260
2022-04-14 05:00:00+00:00,0.0014760238585470843,260
2022-04-14 05:05:00+00:00,0.0012194836737459925,260
2022-04-14 05:10:00+00:00,0.001016545532243904,260
2022-04-14 05:15:00+00:00,0.0009939226799962854,260
2022-04-14 05:20:00+00:00,0.000893116542849941,260
2022-04-14 05:25:00+00:00,0.0009183947059162639,260
2022-04-14 05:30:00+00:00,0.0007476074230580505,260
2022-04-14 05:35:00+00:00,0.0007794066549251932,260
2022-04-14 05:40:00+00:00,0.0027486876886423533,260
2022-04-14 05:45:00+00:00,0.0032306692948803253,260
2022-04-14 05:50:00+00:00,0.003416780824944158,260
2022-04-14 05:55:00+00:00,0.003302862508702316,260
2022-04-14 06:00:00+00:00,0.0031551993955978705,260
2022-04-14 06:05:00+00:00,0.0030932316875796092,260
2022-04-14 06:10:00+00:00,0.0033687209588689755,260
2022-04-14 06:15:00+00:00,0.003540771941835687,260
2022-04-14 06:20:00+00:00,0.003792591249049865,260
2022-04-14 06:25:00+00:00,0.004798869518482498,260
2022-04-14 06:30:00+00:00,0.005096881309984822,260
2022-04-14 06:35:00+00:00,0.003180314907717623,260
2022-04-14 06:40:00+00:00,0.0016643373384610432,260
2022-04-14 06:45:00+00:00,0.002309381207471776,260
2022-04-14 06:50:00+00:00,0.002300067176571332,260
2022-04-14 06:55:00+00:00,0.0022273785187144554,260
2022-04-14 07:00:00+00:00,0.0021511512412627967,260
2022-04-14 07:05:00+00:00,0.0026281686088611513,260
2022-04-14 07:10:00+00:00,0.002016037686872228,260
2022-04-14 07:15:00+00:00,0.0026276376580829076,260
2022-04-14 07:20:00+00:00,0.0014005724777870672,260
2022-04-14 07:25:00+00:00,0.0012986713125430387,260
2022-04-14 07:30:00+00:00,0.0013492367483438344,260
2022-04-14 07:35:00+00:00,0.000725495299597372,260
2022-04-14 07:40:00+00:00,0.00018843102208593697,260
2022-04-14 07:45:00+00:00,0.00021123967713815666,260
2022-04-14 07:50:00+00:00,0.0002990928714503712,260
2022-04-14 07:55:00+00:00,0.0001792444150275052,260
2022-04-14 08:00:00+00:00,0.00017307458108919025,260
2022-04-14 08:05:00+00:00,0.00017876694433967822,260
2022-04-14 08:10:00+00:00,0.0001819628110300073,260
2022-04-14 08:15:00+00:00,0.00013633986785301148,260
2022-04-14 08:20:00+00:00,0.0001578754647793682,260
2022-04-14 08:25:00+00:00,0.00017215089417517228,260
2022-04-14 08:30:00+00:00,0.00015776980055761476,260
2022-04-14 08:35:00+00:00,0.00014508715758685938,260
2022-04-14 08:40:00+00:00,0.00013519055223212338,260
2022-04-14 08:45:00+00:00,0.0001104202207974174,260
2022-04-14 08:50:00+00:00,0.00010014393053263748,260
2022-04-14 08:55:00+00:00,0.00011449804934727464,260
2022-04-14 09:00:00+00:00,0.00010531586655720631,260
2022-04-14 09:05:00+00:00,0.00014266947232981052,260
2022-04-14 09:10:00+00:00,0.00017627705416616563,260
2022-04-14 09:15:00+00:00,0.00023197994588853427,260
2022-04-14 09:20:00+00:00,0.000292820522987588,260
2022-04-14 09:25:00+00:00,0.0002231133586245686,260
2022-04-14 09:30:00+00:00,0.0001882660944440525,260
2022-04-14 09:35:00+00:00,0.000255601901420797,260
2022-04-14 09:40:00+00:00,0.00026297698874326136,260
2022-04-14 09:45:00+00:00,0.0002449054601179089,260
2022-04-14 09:50:00+00:00,0.0002302649287235359,260
2022-04-14 09:55:00+00:00,0.00023982944516727785,260
2022-04-14 10:00:00+00:00,0.0002875909073337652,260
2022-04-14 10:05:00+00:00,9.88350481947089e-05,260
2022-04-14 10:10:00+00:00,9.734187547564444e-05,260
2022-04-14 10:15:00+00:00,0.00015542343560442137,260
2022-04-14 10:20:00+00:00,0.0001459494028771543,260
2022-04-14 10:25:00+00:00,0.00011962356304562441,260
2022-04-14 10:30:00+00:00,0.00011545893415078939,260
2022-04-14 10:35:00+00:00,0.00012055293922746087,260
2022-04-14 10:40:00+00:00,0.00010362720420065125,260
2022-04-14 10:45:00+00:00,9.789918678020451e-05,260
2022-04-14 10:50:00+00:00,0.00010376185849987893,260
2022-04-14 10:55:00+00:00,0.00013523698699945705,260
2022-04-14 11:00:00+00:00,0.00021790000012732026,260
2022-04-14 11:05:00+00:00,0.00025024562890791605,260
2022-04-14 11:10:00+00:00,0.00028629493075363793,260
2022-04-14 11:15:00+00:00,0.0002832379769353995,260
2022-04-14 11:20:00+00:00,0.0002968731510746863,260
2022-04-14 11:25:00+00:00,0.0002960732099675282,260
2022-04-14 11:30:00+00:00,0.0004638864261421708,260
2022-04-14 11:35:00+00:00,0.00046606217857968646,260
2022-04-14 11:40:00+00:00,0.0005259306647141345,260
2022-04-14 11:45:00+00:00,0.000586692301038788,260
2022-04-14 11:50:00+00:00,0.0010598732681981428,260
2022-04-14 11:55:00+00:00,0.0007533498926477294,260
2022-04-14 12:00:00+00:00,0.000740130494677241,260
2022-04-14 12:05:00+00:00,0.0008576152406246308,260
2022-04-14 12:10:00+00:00,0.0006848788779067938,260
2022-04-14 12:15:00+00:00,0.00099301448999381,260
2022-04-14 12:20:00+00:00,0.0006061164908312734,260
2022-04-14 12:25:00+00:00,0.0007887310560275237,260
2022-04-14 12:30:00+00:00,0.0005839984197492099,260
2022-04-14 12:35:00+00:00,0.000639904042970977,260
2022-04-14 12:40:00+00:00,0.0005495388317641679,260
2022-04-14 12:45:00+00:00,0.00040880671507255765,260
2022-04-14 12:50:00+00:00,0.00039869767380069075,260
2022-04-14 12:55:00+00:00,0.00042501126851395764,260
2022-04-14 13:00:00+00:00,0.0004730885055402639,260
2022-04-14 13:05:00+00:00,0.00023470033980436077,260
2022-04-14 13:10:00+00:00,0.00021575597025968294,260
2022-04-14 13:15:00+00:00,0.00019345456950832447,260
2022-04-14 13:20:00+00:00,0.0001636087218723175,260
2022-04-14 13:25:00+00:00,0.00014473029567073584,260
2022-04-14 13:30:00+00:00,0.000175053632348426,260
2022-04-15 04:30:00+00:00,0.0005491781793460863,260
2022-04-15 04:35:00+00:00,0.0006505402038389056,260
2022-04-15 04:40:00+00:00,0.000758299165345735,260
2022-04-15 04:45:00+00:00,0.0007997892876323504,260
2022-04-15 04:50:00+00:00,0.001220673249782013,260
2022-04-15 04:55:00+00:00,0.0008463364989646224,260
2022-04-15 05:00:00+00:00,0.0009184341684028217,260
2022-04-15 05:05:00+00:00,0.00095177450458495,260
2022-04-15 05:10:00+00:00,0.000903340588993076,260
2022-04-15 05:15:00+00:00,0.0015788110320008235,260
2022-04-15 05:20:00+00:00,0.0022270336061475334,260
2022-04-15 05:25:00+00:00,0.0012758516821174378,260
2022-04-15 05:30:00+00:00,0.005309010099724941,260
2022-04-15 05:35:00+00:00,0.00649605389751458,260
2022-04-15 05:40:00+00:00,0.007087716113430552,260
2022-04-15 05:45:00+00:00,0.006062094363266827,260
2022-04-15 05:50:00+00:00,0.006248791536368406,260
2022-04-15 05:55:00+00:00,0.005609364324014107,260
2022-04-15 06:00:00+00:00,0.006104444012629839,260
2022-04-15 06:05:00+00:00,0.004619007795388359,260
2022-04-15 06:10:00+00:00,0.0055382072155069385,260
2022-04-15 06:15:00+00:00,0.004698361560849753,260
2022-04-15 06:20:00+00:00,0.004707044443734333,260
2022-04-15 06:25:00+00:00,0.0021137133299573944,260
2022-04-15 06:30:00+00:00,0.0007611440184215853,260
2022-04-15 06:35:00+00:00,0.0006470263476052347,260
2022-04-15 06:40:00+00:00,0.0006045490760786713,260
2022-04-15 06:45:00+00:00,0.0006259131692534231,260
2022-04-15 06:50:00+00:00,0.0007814451440392748,260
2022-04-15 06:55:00+00:00,0.0004080142316912788,260
2022-04-15 07:00:00+00:00,0.0003197222330558046,260
2022-04-15 07:05:00+00:00,0.00047996314225012577,260
2022-04-15 07:10:00+00:00,0.0017080228034569535,260
2022-04-15 07:15:00+00:00,0.0024846523776716877,260
2022-04-15 07:20:00+00:00,0.001843653564806862,260
2022-04-15 07:25:00+00:00,0.003105631333550157,260
2022-04-15 07:30:00+00:00,0.0024721020339896114,260
2022-04-15 07:35:00+00:00,0.002851040163338933,260
2022-04-15 07:40:00+00:00,0.004893604161504158,260
2022-04-15 07:45:00+00:00,0.0032191370105611582,260
2022-04-15 07:50:00+00:00,0.005012900549610219,260
2022-04-15 07:55:00+00:00,0.004731537854383256,260
2022-04-15 08:00:00+00:00,0.007809111454126503,260
2022-04-15 08:05:00+00:00,0.0033314205377307383,260
2022-04-15 08:10:00+00:00,0.0026099605231781915,260
2022-04-15 08:15:00+00:00,0.0020140764330668823,260
2022-04-15 08:20:00+00:00,0.0022339599845539867,260
2022-04-15 08:25:00+00:00,0.0018805816070747916,260
2022-04-15 08:30:00+00:00,0.004094484815821127,260
2022-04-15 08:35:00+00:00,0.0026862240665917877,260
2022-04-15 08:40:00+00:00,0.00221535308683374,260
2022-04-15 08:45:00+00:00,0.001765703128582529,260
2022-04-15 08:50:00+00:00,0.002041798788299382,260
2022-04-15 08:55:00+00:00,0.0018966045085442816,260
2022-04-15 09:00:00+00:00,0.0029167189076319882,260
2022-04-15 09:05:00+00:00,0.0021614054377190797,260
2022-04-15 09:10:00+00:00,0.002955202308717127,260
2022-04-15 09:15:00+00:00,0.003202591633015946,260
2022-04-15 09:20:00+00:00,0.004130864787749271,260
2022-04-15 09:25:00+00:00,0.002102831607963052,260
2022-04-15 09:30:00+00:00,0.002043606725048641,260
2022-04-15 09:35:00+00:00,0.001911675725557676,260
2022-04-15 09:40:00+00:00,0.002578292960906139,260
2022-04-15 09:45:00+00:00,0.0030754972703114177,260
2022-04-15 09:50:00+00:00,0.0009115397760075697,260
2022-04-15 09:55:00+00:00,0.0004206678855699988,260
2022-04-15 10:00:00+00:00,0.0002155747226985109,260
2022-04-15 10:05:00+00:00,0.00013310205517643903,260
2022-04-15 10:10:00+00:00,0.00015119871017376052,260
2022-04-15 10:15:00+00:00,0.0001392112426881779,260
2022-04-15 10:20:00+00:00,0.00016410496160054017,260
2022-04-15 10:25:00+00:00,0.00032844259610043623,260
2022-04-15 10:30:00+00:00,0.0005980541538342171,260
2022-04-15 10:35:00+00:00,0.004426036263774348,260
2022-04-15 10:40:00+00:00,0.004933862925004992,260
2022-04-15 10:45:00+00:00,0.005661574421145944,260
2022-04-15 10:50:00+00:00,0.0044857329591205235,260
2022-04-15 10:55:00+00:00,0.00751745981620046,260
2022-04-15 11:00:00+00:00,0.006454705925412677,260
2022-04-15 11:05:00+00:00,0.0060962809214379935,260
2022-04-15 11:10:00+00:00,0.005739034382917228,260
2022-04-15 11:15:00+00:00,0.005996554919301462,260
2022-04-15 11:20:00+00:00,0.007487530286953679,260
2022-04-15 11:25:00+00:00,0.0050380732421728865,260
2022-04-15 11:30:00+00:00,0.0019689191826314403,260
2022-04-15 11:35:00+00:00,0.0017842289182693474,260
2022-04-15 11:40:00+00:00,0.0017077388235237703,260
2022-04-15 11:45:00+00:00,0.0017138583978505676,260
2022-04-15 11:50:00+00:00,0.0014282460747010758,260
2022-04-15 11:55:00+00:00,0.0013791817426057505,260
2022-04-15 12:00:00+00:00,0.0008382861753295707,260
2022-04-15 12:05:00+00:00,0.0017654815099492573,260
2022-04-15 12:10:00+00:00,0.001163999815095448,260
2022-04-15 12:15:00+00:00,0.0010618742279786591,260
2022-04-15 12:20:00+00:00,0.0011365401875880427,260
2022-04-15 12:25:00+00:00,0.0010970485491435594,260
2022-04-15 12:30:00+00:00,0.0008771909313782711,260
2022-04-15 12:35:00+00:00,0.0007639888165975274,260
2022-04-15 12:40:00+00:00,0.0009817669128982793,260
2022-04-15 12:45:00+00:00,0.0006414007024876785,260
2022-04-15 12:50:00+00:00,0.0008315862596570677,260
2022-04-15 12:55:00+00:00,0.00041375905486288846,260
2022-04-15 13:00:00+00:00,0.0002650662473924315,260
2022-04-15 13:05:00+00:00,0.00013686016787217342,260
2022-04-15 13:10:00+00:00,0.000158307635451921,260
2022-04-15 13:15:00+00:00,0.00015291895094251098,260
2022-04-15 13:20:00+00:00,0.0001297172069353487,260
2022-04-15 13:25:00+00:00,0.0001283293064970432,260
2022-04-16 04:15:00+00:00,0.0009085875259071228,260
2022-04-16 04:20:00+00:00,0.0017491495508001652,260
2022-04-16 04:25:00+00:00,0.0019602227895180162,260
2022-04-16 04:30:00+00:00,0.001966280113195246,260
2022-04-16 04:35:00+00:00,0.002245870645997403,260
2022-04-16 04:40:00+00:00,0.001913186850464288,260
2022-04-16 04:45:00+00:00,0.0026728895383653284,260
2022-04-16 04:50:00+00:00,0.0020005021416390103,260
2022-04-16 04:55:00+00:00,0.005574630662455279,260
2022-04-16 05:00:00+00:00,0.0033474390719640135,260
2022-04-16 05:05:00+00:00,0.005485346879706796,260
2022-04-16 05:10:00+00:00,0.0043786665207465846,260
2022-04-16 05:15:00+00:00,0.004275590648204596,260
2022-04-16 05:20:00+00:00,0.004002740455735749,260
2022-04-16 05:25:00+00:00,0.00392885800653845,260
2022-04-16 05:30:00+00:00,0.004121208447691738,260
2022-04-16 05:35:00+00:00,0.0037875696274029804,260
2022-04-16 05:40:00+00:00,0.004002343240461725,260
2022-04-16 05:45:00+00:00,0.003930352935123237,260
2022-04-16 05:50:00+00:00,0.0024768253438719576,260
2022-04-16 05:55:00+00:00,0.0017795594679355237,260
2022-04-16 06:00:00+00:00,0.0015770775162067532,260
2022-04-16 06:05:00+00:00,0.0017004787029890308,260
2022-04-16 06:10:00+00:00,0.004236581312030909,260
2022-04-16 06:15:00+00:00,0.00562346530836035,260
2022-04-16 06:20:00+00:00,0.0035026837477696382,260
2022-04-16 06:25:00+00:00,0.006763276001102522,260
2022-04-16 06:30:00+00:00,0.007101673164653359,260
2022-04-16 06:35:00+00:00,0.007012651302437992,260
2022-04-16 06:40:00+00:00,0.009777969305350331,260
2022-04-16 06:45:00+00:00,0.006991924582460021,260
2022-04-16 06:50:00+00:00,0.008577735503914583,260
2022-04-16 06:55:00+00:00,0.005744305729249369,260
2022-04-16 07:00:00+00:00,0.005935388436100669,260
2022-04-16 07:05:00+00:00,0.005340365310712244,260
2022-04-16 07:10:00+00:00,0.004590423596306038,260
2022-04-16 07:15:00+00:00,0.004147381284881461,260
2022-04-16 07:20:00+00:00,0.0019361607488868017,260
2022-04-16 07:25:00+00:00,0.0034650225896072267,260
2022-04-16 07:30:00+00:00,0.0029228662513289313,260
2022-04-16 07:35:00+00:00,0.002813730121284569,260
2022-04-16 07:40:00+00:00,0.0021296783459907537,260
2022-04-16 07:45:00+00:00,0.0024467399267595297,260
2022-04-16 07:50:00+00:00,0.0021409926882300034,260
2022-04-16 07:55:00+00:00,0.0019991274724023233,260
2022-04-16 08:00:00+00:00,0.0034587165665211756,260
2022-04-16 08:05:00+00:00,0.002680250977775301,260
2022-04-16 08:10:00+00:00,0.0036453238886177556,260
2022-04-16 08:15:00+00:00,0.0070171047258364705,260
2022-04-16 08:20:00+00:00,0.0053887848579391604,260
2022-04-16 08:25:00+00:00,0.0042511697556076675,260
2022-04-16 08:30:00+00:00,0.0038205746895407173,260
2022-04-16 08:35:00+00:00,0.005067723570625854,260
2022-04-16 08:40:00+00:00,0.004891287316000268,260
2022-04-16 08:45:00+00:00,0.003750311573957084,260
2022-04-16 08:50:00+00:00,0.004551697450086408,260
2022-04-16 08:55:00+00:00,0.003292531300648412,260
2022-04-16 09:00:00+00:00,0.006829351810466097,260
2022-04-16 09:05:00+00:00,0.006411796009112517,260
2022-04-16 09:10:00+00:00,0.005057887255687971,260
2022-04-16 09:15:00+00:00,0.002977184201255762,260
2022-04-16 09:20:00+00:00,0.002009128498157525,260
2022-04-16 09:25:00+00:00,0.0026098292843051343,260
2022-04-16 09:30:00+00:00,0.0020172469607698464,260
2022-04-16 09:35:00+00:00,0.0033626327248514865,260
2022-04-16 09:40:00+00:00,0.002910279512780408,260
2022-04-16 09:45:00+00:00,0.0012810412908599168,260
2022-04-16 09:50:00+00:00,0.0009651281885451689,260
2022-04-16 09:55:00+00:00,0.0010994563216823973,260
2022-04-16 10:00:00+00:00,0.0010262165026186424,260
2022-04-16 10:05:00+00:00,0.0021554217357696494,260
2022-04-16 10:10:00+00:00,0.0020419427327627703,260
2022-04-16 10:15:00+00:00,0.0019945405813498623,260
2022-04-16 10:20:00+00:00,0.001866818855660893,260
2022-04-16 10:25:00+00:00,0.0019361178928688529,260
2022-04-16 10:30:00+00:00,0.001790272451938382,260
2022-04-16 10:35:00+00:00,0.0016960720385036235,260
2022-04-16 10:40:00+00:00,0.0011734884142627741,260
2022-04-16 10:45:00+00:00,0.0011987034977044221,260
2022-04-16 10:50:00+00:00,0.0012315821485397855,260
2022-04-16 10:55:00+00:00,0.0021112780863154646,260
2022-04-16 11:00:00+00:00,0.0016106899628479223,260
2022-04-16 11:05:00+00:00,0.0009388123720736503,260
2022-04-16 11:10:00+00:00,0.0011542993458104767,260
2022-04-16 11:15:00+00:00,0.0013566945138124985,260
2022-04-16 11:20:00+00:00,0.0015457153382100759,260
2022-04-16 11:25:00+00:00,0.0016007100485442556,260
2022-04-16 11:30:00+00:00,0.001396422463329234,260
2022-04-16 11:35:00+00:00,0.0010857360775220937,260
2022-04-16 11:40:00+00:00,0.0009684076079457141,260
2022-04-16 11:45:00+00:00,0.0011465538600866606,260
2022-04-16 11:50:00+00:00,0.0012546332455820176,260
2022-04-16 11:55:00+00:00,0.0011990364489017987,260
2022-04-16 12:00:00+00:00,0.0009151821837894718,260
2022-04-16 12:05:00+00:00,0.0003228402861951429,260
2022-04-16 12:10:00+00:00,0.0003730278586137827,260
2022-04-16 12:15:00+00:00,0.00029144075585764266,260
2022-04-16 12:20:00+00:00,0.00030208495883630966,260
2022-04-16 12:25:00+00:00,0.00016910606477287335,260
2022-04-16 12:30:00+00:00,0.0001633436357424625,260
2022-04-16 12:35:00+00:00,0.00011474382660126832,260
2022-04-16 12:40:00+00:00,9.44118291539162e-05,260
2022-04-16 12:45:00+00:00,0.0001078132436009826,260
2022-04-16 12:50:00+00:00,0.00012155135070543959,260
2022-04-16 12:55:00+00:00,0.0001510625025654143,260
2022-04-16 13:00:00+00:00,0.00018729052139537314,260
2022-04-16 13:05:00+00:00,0.00017982397394016445,260
2022-04-16 13:10:00+00:00,0.00016707751989737243,260
2022-04-16 13:15:00+00:00,0.00017138854525131558,260
2022-04-16 13:20:00+00:00,0.00020034754915483372,260
2022-04-16 13:25:00+00:00,0.00022076209419370841,260
2022-04-16 13:30:00+00:00,0.00026987512228541344,260
2022-04-17 03:50:00+00:00,0.0026469554792299455,260
2022-04-17 03:55:00+00:00,0.0019274711835543146,260
2022-04-17 04:00:00+00:00,0.0012624921721201797,260
2022-04-17 04:05:00+00:00,0.0009582397985242,260
2022-04-17 04:10:00+00:00,0.000809021076757092,260
2022-04-17 04:15:00+00:00,0.0006661464048619044,260
2022-04-17 04:20:00+00:00,0.0005642352345394112,260
2022-04-17 04:25:00+00:00,0.00044340095268819807,260
2022-04-17 04:30:00+00:00,0.00039351583413806525,260
2022-04-17 04:35:00+00:00,0.00034907599255960885,260
2022-04-17 04:40:00+00:00,0.00031322558603777385,260
2022-04-17 04:45:00+00:00,0.0002781167626699274,260
2022-04-17 04:50:00+00:00,0.0002467313792329429,260
2022-04-17 04:55:00+00:00,0.000223539703281407,260
2022-04-17 05:00:00+00:00,0.00021494258214739223,260
2022-04-17 05:05:00+00:00,0.00022086493551403454,260
2022-04-17 05:10:00+00:00,0.00023733603267556564,260
2022-04-17 05:15:00+00:00,0.00025536371698492297,260
2022-04-17 05:20:00+00:00,0.00025820084415197704,260
2022-04-17 05:25:00+00:00,0.00025444148807477374,260
2022-04-17 05:30:00+00:00,0.0002521757447528689,260
2022-04-17 05:35:00+00:00,0.0002595415311787792,260
2022-04-17 05:40:00+00:00,0.00026725288663579066,260
2022-04-17 05:45:00+00:00,0.0002556814597113707,260
2022-04-17 05:50:00+00:00,0.0002425698069652069,260
2022-04-17 05:55:00+00:00,0.00022810740196052727,260
2022-04-17 06:00:00+00:00,0.00020970027026591365,260
2022-04-17 06:05:00+00:00,0.0002023317494150491,260
2022-04-17 06:10:00+00:00,0.00021471039934135188,260
2022-04-17 06:15:00+00:00,0.00023981436231207076,260
2022-04-17 06:20:00+00:00,0.0002652471039531659,260
2022-04-17 06:25:00+00:00,0.0002692271234645509,260
2022-04-17 06:30:00+00:00,0.000264997508366087,260
2022-04-17 06:35:00+00:00,0.0002945515464461172,260
2022-04-17 06:40:00+00:00,0.00036417734027781464,260
2022-04-17 06:45:00+00:00,0.00048009339960708973,260
2022-04-17 06:50:00+00:00,0.0006092304271280937,260
2022-04-17 06:55:00+00:00,0.0007015798693714591,260
2022-04-17 07:00:00+00:00,0.0007769347980618337,260
2022-04-17 07:05:00+00:00,0.000808626007553139,260
2022-04-17 07:10:00+00:00,0.0007837241656818235,260
2022-04-17 07:15:00+00:00,0.0006868690481487663,260
2022-04-17 07:20:00+00:00,0.0005275591727275463,260
2022-04-17 07:25:00+00:00,0.00035616731361851756,260
2022-04-17 07:30:00+00:00,0.00025662006191654637,260
2022-04-17 07:35:00+00:00,0.00018880335813416352,260
2022-04-17 07:40:00+00:00,0.00015253315849492047,260
2022-04-17 07:45:00+00:00,0.0001390162115309347,260
2022-04-17 07:50:00+00:00,0.0001391480022837905,260
2022-04-17 07:55:00+00:00,0.00012910589966655124,260
2022-04-17 08:00:00+00:00,0.00012162384457624425,260
2022-04-17 08:05:00+00:00,0.0001229998830515467,260
2022-04-17 08:10:00+00:00,0.00012830954241368716,260
2022-04-17 08:15:00+00:00,0.00013114277647714457,260
2022-04-17 08:20:00+00:00,0.00011592349332281815,260
2022-04-17 08:25:00+00:00,0.00010398542716650916,260
2022-04-17 08:30:00+00:00,0.00011868483285857982,260
2022-04-17 08:35:00+00:00,0.0001234669245561027,260
2022-04-17 08:40:00+00:00,0.00016924217834444252,260
2022-04-17 08:45:00+00:00,0.0001499050169305932,260
2022-04-17 08:50:00+00:00,0.00013314287634420713,260
2022-04-17 08:55:00+00:00,0.00016355770892696283,260
2022-04-17 09:00:00+00:00,0.00017297540988142493,260
2022-04-17 09:05:00+00:00,0.00017178221587346363,260
2022-04-17 09:10:00+00:00,0.00015757565854129866,260
2022-04-17 09:15:00+00:00,0.00017825770068923523,260
2022-04-17 09:20:00+00:00,0.00019970504703273448,260
2022-04-17 09:25:00+00:00,0.00022408241538102324,260
2022-04-17 09:30:00+00:00,0.0001615112344957133,260
2022-04-17 09:35:00+00:00,0.00014352198241705601,260
2022-04-17 09:40:00+00:00,0.00014092903656018422,260
2022-04-17 09:45:00+00:00,0.00013270314645326807,260
2022-04-17 09:50:00+00:00,0.0001547226320526221,260
2022-04-17 09:55:00+00:00,0.00017225905790392904,260
2022-04-17 10:00:00+00:00,0.0001668304923359611,260
2022-04-17 10:05:00+00:00,0.00016676637333409763,260
2022-04-17 10:10:00+00:00,0.00017701306498963204,260
2022-04-17 10:15:00+00:00,0.0001827200715900908,260
2022-04-17 10:20:00+00:00,0.0001788268504322569,260
2022-04-17 10:25:00+00:00,0.00017612522762141137,260
2022-04-17 10:30:00+00:00,0.0001708400867917901,260
2022-04-17 10:35:00+00:00,0.0001565234539707866,260
2022-04-17 10:40:00+00:00,0.00015324986736962818,260
2022-04-17 10:45:00+00:00,0.00015299997249663613,260
2022-04-17 10:50:00+00:00,0.00015830963017687236,260
2022-04-17 10:55:00+00:00,0.00016876301570886102,260
2022-04-17 11:00:00+00:00,0.00016933062908469493,260
2022-04-17 11:05:00+00:00,0.00016006733315416762,260
2022-04-17 11:10:00+00:00,0.00014559215247639923,260
2022-04-17 11:15:00+00:00,0.00014173375012136195,260
2022-04-17 11:20:00+00:00,0.00014855908405310005,260
2022-04-17 11:25:00+00:00,0.00015105692636368606,260
2022-04-17 11:30:00+00:00,0.00015839641162327108,260
2022-04-17 11:35:00+00:00,0.00015683298286536817,260
2022-04-17 11:40:00+00:00,0.00018917090560173754,260
2022-04-17 11:45:00+00:00,0.00023536946810732377,260
2022-04-17 11:50:00+00:00,0.0002537460226103087,260
2022-04-17 11:55:00+00:00,0.0003654653538796768,260
2022-04-17 12:00:00+00:00,0.0004936943291431128,260
2022-04-17 12:05:00+00:00,0.0005886354891509816,260
2022-04-17 12:10:00+00:00,0.0006084399547121241,260
2022-04-17 12:15:00+00:00,0.0008741611293250475,260
2022-04-17 12:20:00+00:00,0.001170226229055634,260
2022-04-17 12:25:00+00:00,0.0014619980269249598,260
2022-04-17 12:30:00+00:00,0.0016436199116760244,260
2022-04-17 12:35:00+00:00,0.0019463705787932568,260
2022-04-17 12:40:00+00:00,0.0019117280983837787,260
2022-04-17 12:45:00+00:00,0.00186338380730225,260
2022-04-17 12:50:00+00:00,0.001814569905736726,260
2022-04-17 12:55:00+00:00,0.0016738774278472468,260
2022-04-17 13:00:00+00:00,0.00158002883836217,260
2022-04-18 04:15:00+00:00,0.0006302858159482889,260
2022-04-18 04:20:00+00:00,0.0004163539085083375,260
2022-04-18 04:25:00+00:00,0.0005115689501074322,260
2022-04-18 04:30:00+00:00,0.0005954498192072549,260
2022-04-18 04:35:00+00:00,0.0012789163537644348,260
2022-04-18 04:40:00+00:00,0.0010459288536978995,260
2022-04-18 04:45:00+00:00,0.0031162635278314363,260
2022-04-18 04:50:00+00:00,0.0023401210055866203,260
2022-04-18 04:55:00+00:00,0.0020750994890212735,260
2022-04-18 05:00:00+00:00,0.002231869017784557,260
2022-04-18 05:05:00+00:00,0.0018276397314086355,260
2022-04-18 05:10:00+00:00,0.0015933202120281672,260
2022-04-18 05:15:00+00:00,0.0011793116676507827,260
2022-04-18 05:20:00+00:00,0.0010681288856233494,260
2022-04-18 05:25:00+00:00,0.0009632210042737956,260
2022-04-18 05:30:00+00:00,0.0004745415021609758,260
2022-04-18 05:35:00+00:00,0.0007161336511194433,260
2022-04-18 05:40:00+00:00,0.0004549644387952887,260
2022-04-18 05:45:00+00:00,0.0001943894236904101,260
2022-04-18 05:50:00+00:00,9.42810749326762e-05,260
2022-04-18 05:55:00+00:00,8.462383507845527e-05,260
2022-04-18 06:00:00+00:00,7.63199986403499e-05,260
2022-04-18 06:05:00+00:00,8.041087936770162e-05,260
2022-04-18 06:10:00+00:00,9.353220399773622e-05,260
2022-04-18 06:15:00+00:00,0.0001029183135133962,260
2022-04-18 06:20:00+00:00,0.00010552970284468391,260
2022-04-18 06:25:00+00:00,0.00010141487561636612,260
2022-04-18 06:30:00+00:00,0.00010672757013161833,260
2022-04-18 06:35:00+00:00,0.0001113913363797659,260
2022-04-18 06:40:00+00:00,9.312509335984073e-05,260
2022-04-18 06:45:00+00:00,7.264646252382804e-05,260
2022-04-18 06:50:00+00:00,7.499029486556245e-05,260
2022-04-18 06:55:00+00:00,8.304712458080656e-05,260
2022-04-18 07:00:00+00:00,8.381378455901826e-05,260
2022-04-18 07:05:00+00:00,8.679127691919502e-05,260
2022-04-18 07:10:00+00:00,0.0001271875927878426,260
2022-04-18 07:15:00+00:00,0.0001264304753427323,260
2022-04-18 07:20:00+00:00,0.00013322908257197083,260
2022-04-18 07:25:00+00:00,0.00013607749224541123,260
2022-04-18 07:30:00+00:00,0.00013650239756756452,260
2022-04-18 07:35:00+00:00,0.00012296963843132732,260
2022-04-18 07:40:00+00:00,0.00012793442145611026,260
2022-04-18 07:45:00+00:00,0.00011921265035144815,260
2022-04-18 07:50:00+00:00,0.0001225073434614483,260
2022-04-18 07:55:00+00:00,0.00012188516407590917,260
2022-04-18 08:00:00+00:00,0.00012450999239555196,260
2022-04-18 08:05:00+00:00,0.00011030152772279034,260
2022-04-18 08:10:00+00:00,8.393155933915593e-05,260
2022-04-18 08:15:00+00:00,8.28961412626061e-05,260
2022-04-18 08:20:00+00:00,8.910335779329451e-05,260
2022-04-18 08:25:00+00:00,0.0001011539986524958,260
2022-04-18 08:30:00+00:00,0.00010796957567121859,260
2022-04-18 08:35:00+00:00,0.00010705305719699223,260
2022-04-18 08:40:00+00:00,9.96526826617194e-05,260
2022-04-18 08:45:00+00:00,0.00010841585732734041,260
2022-04-18 08:50:00+00:00,0.00011853383413312818,260
2022-04-18 08:55:00+00:00,0.0001239801504234523,260
2022-04-18 09:00:00+00:00,0.00014300668001254816,260
2022-04-18 09:05:00+00:00,0.00018408009605531253,260
2022-04-18 09:10:00+00:00,0.00023667973921345323,260
2022-04-18 09:15:00+00:00,0.0002575055981368127,260
2022-04-18 09:20:00+00:00,0.00026487771977789105,260
2022-04-18 09:25:00+00:00,0.0002671572113232947,260
2022-04-18 09:30:00+00:00,0.00027452607477517453,260
2022-04-18 09:35:00+00:00,0.00027208546321676544,260
2022-04-18 09:40:00+00:00,0.0002452673738356218,260
2022-04-18 09:45:00+00:00,0.00022894486079519957,260
2022-04-18 09:50:00+00:00,0.00019237098041463243,260
2022-04-18 09:55:00+00:00,0.0002228771198547946,260
2022-04-18 10:00:00+00:00,0.00024023473299090992,260
2022-04-18 10:05:00+00:00,0.0002616278994738905,260
2022-04-18 10:10:00+00:00,0.00034650007504286067,260
2022-04-18 10:15:00+00:00,0.0003248462747804291,260
2022-04-18 10:20:00+00:00,0.000365771574160784,260
2022-04-18 10:25:00+00:00,0.00046888230491715647,260
2022-04-18 10:30:00+00:00,0.00045959393204900997,260
2022-04-18 10:35:00+00:00,0.000452772361443857,260
2022-04-18 10:40:00+00:00,0.00035216361224509713,260
2022-04-18 10:45:00+00:00,0.0003888410604632764,260
2022-04-18 10:50:00+00:00,0.00035356220763130356,260
2022-04-18 10:55:00+00:00,0.0003424785199461096,260
2022-04-18 11:00:00+00:00,0.00044955813322069334,260
2022-04-18 11:05:00+00:00,0.00033078140246039535,260
2022-04-18 11:10:00+00:00,0.000426928751527444,260
2022-04-18 11:15:00+00:00,0.0003955505254811595,260
2022-04-18 11:20:00+00:00,0.0003521670044480108,260
2022-04-18 11:25:00+00:00,0.0003719078907542089,260
2022-04-18 11:30:00+00:00,0.00040898822828077904,260
2022-04-18 11:35:00+00:00,0.0003717305639137057,260
2022-04-18 11:40:00+00:00,0.000425603098527709,260
2022-04-18 11:45:00+00:00,0.0005046919784938231,260
2022-04-18 11:50:00+00:00,0.0005397349941403631,260
2022-04-18 11:55:00+00:00,0.0006153956635962534,260
2022-04-18 12:00:00+00:00,0.0007264105810111135,260
2022-04-18 12:05:00+00:00,0.0007157029344571496,260
2022-04-18 12:10:00+00:00,0.0008724066772128261,260
2022-04-18 12:15:00+00:00,0.0010318314290791246,260
2022-04-18 12:20:00+00:00,0.0012813126081878386,260
2022-04-18 12:25:00+00:00,0.0011177215254414023,260
2022-04-18 12:30:00+00:00,0.0011498417285297133,260
2022-04-18 12:35:00+00:00,0.0011850407008751618,260
2022-04-18 12:40:00+00:00,0.0012698742930698718,260
2022-04-18 12:45:00+00:00,0.001299847393187408,260
2022-04-18 12:50:00+00:00,0.0013658223950204545,260
2022-04-18 12:55:00+00:00,0.0012494990382919387,260
2022-04-18 13:00:00+00:00,0.0011575092226328862,260
2022-04-18 13:05:00+00:00,0.0011067162951291767,260
2022-04-18 13:10:00+00:00,0.0009102245627725353,260
2022-04-18 13:15:00+00:00,0.0007125462306589643,260
2022-04-18 13:20:00+00:00,0.0006465101413663448,260
2022-04-18 13:25:00+00:00,0.0006036715747595712,260
2022-04-19 04:40:00+00:00,0.0007201561352507943,260
2022-04-19 04:45:00+00:00,0.0009997590198726465,260
2022-04-19 04:50:00+00:00,0.00056175183140391,260
2022-04-19 04:55:00+00:00,0.00026719491401201685,260
2022-04-19 05:00:00+00:00,0.00017175954077350893,260
2022-04-19 05:05:00+00:00,0.00015779333379531836,260
2022-04-19 05:10:00+00:00,0.0001603864290351674,260
2022-04-19 05:15:00+00:00,0.00014938962748352945,260
2022-04-19 05:20:00+00:00,0.00015456423709563584,260
2022-04-19 05:25:00+00:00,0.00015266334587563498,260
2022-04-19 05:30:00+00:00,0.00015094861506904922,260
2022-04-19 05:35:00+00:00,0.00013826898043929882,260
2022-04-19 05:40:00+00:00,0.00012672451265301811,260
2022-04-19 05:45:00+00:00,0.00011594620642573605,260
2022-04-19 05:50:00+00:00,0.00010849762379429684,260
2022-04-19 05:55:00+00:00,0.0001049020859068399,260
2022-04-19 06:00:00+00:00,0.00010562813642721157,260
2022-04-19 06:05:00+00:00,0.00010126377596528078,260
2022-04-19 06:10:00+00:00,9.017386852471144e-05,260
2022-04-19 06:15:00+00:00,8.901063253934643e-05,260
2022-04-19 06:20:00+00:00,0.00014137288022018704,260
2022-04-19 06:25:00+00:00,0.0010322166050725431,260
2022-04-19 06:30:00+00:00,0.0017364288390555377,260
2022-04-19 06:35:00+00:00,0.0024139814047828955,260
2022-04-19 06:40:00+00:00,0.003117462850223453,260
2022-04-19 06:45:00+00:00,0.0038065751045397536,260
2022-04-19 06:50:00+00:00,0.004490556446354325,260
2022-04-19 06:55:00+00:00,0.005162952660275026,260
2022-04-19 07:00:00+00:00,0.005795960704831376,260
2022-04-19 07:05:00+00:00,0.0063456338223197685,260
2022-04-19 07:10:00+00:00,0.006741941881996331,260
2022-04-19 07:15:00+00:00,0.007094427315340191,260
2022-04-19 07:20:00+00:00,0.0073818899545296385,260
2022-04-19 07:25:00+00:00,0.007118933163906755,260
2022-04-19 07:30:00+00:00,0.006922911688986859,260
2022-04-19 07:35:00+00:00,0.006673419844384707,260
2022-04-19 07:40:00+00:00,0.006293716629085022,260
2022-04-19 07:45:00+00:00,0.005889558289157391,260
2022-04-19 07:50:00+00:00,0.005503090410881117,260
2022-04-19 07:55:00+00:00,0.005133092553232115,260
2022-04-19 08:00:00+00:00,0.004802716696777554,260
2022-04-19 08:05:00+00:00,0.004541974664673202,260
2022-04-19 08:10:00+00:00,0.004356630811105126,260
2022-04-19 08:15:00+00:00,0.004129119260078469,260
2022-04-19 08:20:00+00:00,0.003952048258705164,260
2022-04-19 08:25:00+00:00,0.0037854104181583937,260
2022-04-19 08:30:00+00:00,0.003647531488009901,260
2022-04-19 08:35:00+00:00,0.0035454415630529587,260
2022-04-19 08:40:00+00:00,0.0035179322736598115,260
2022-04-19 08:45:00+00:00,0.003494138536433243,260
2022-04-19 08:50:00+00:00,0.0034822712971260333,260
2022-04-19 08:55:00+00:00,0.00348015547463372,260
2022-04-19 09:00:00+00:00,0.003470702009896211,260
2022-04-19 09:05:00+00:00,0.0034511650140430596,260
2022-04-19 09:10:00+00:00,0.0035287778851934314,260
2022-04-19 09:15:00+00:00,0.0034881925534813642,260
2022-04-19 09:20:00+00:00,0.003386112732415698,260
2022-04-19 09:25:00+00:00,0.0032894529604075053,260
2022-04-19 09:30:00+00:00,0.0031694564573741257,260
2022-04-19 09:35:00+00:00,0.0029816229184513724,260
2022-04-19 09:40:00+00:00,0.00286717013257043,260
2022-04-19 09:45:00+00:00,0.0028690420635796208,260
2022-04-19 09:50:00+00:00,0.0036043989605264726,260
2022-04-19 09:55:00+00:00,0.003696224561820147,260
2022-04-19 10:00:00+00:00,0.003466338700762834,260
2022-04-19 10:05:00+00:00,0.003150041017540679,260
2022-04-19 10:10:00+00:00,0.0029423339410201113,260
2022-04-19 10:15:00+00:00,0.0027496021557523887,260
2022-04-19 10:20:00+00:00,0.0026226367149096664,260
2022-04-19 10:25:00+00:00,0.002625450058210656,260
2022-04-19 10:30:00+00:00,0.002465928305718838,260
2022-04-19 10:35:00+00:00,0.003675620047586143,260
2022-04-19 10:40:00+00:00,0.0027756121717236247,260
2022-04-19 10:45:00+00:00,0.003165478755683728,260
2022-04-19 10:50:00+00:00,0.0017516737130002875,260
2022-04-19 10:55:00+00:00,0.0034998276444650842,260
2022-04-19 11:00:00+00:00,0.0024360442792040232,260
2022-04-19 11:05:00+00:00,0.00234168876691604,260
2022-04-19 11:10:00+00:00,0.0022099834899828217,260
2022-04-19 11:15:00+00:00,0.0016352984180964191,260
2022-04-19 11:20:00+00:00,0.0016203650727208618,260
2022-04-19 11:25:00+00:00,0.0016263170889301375,260
2022-04-19 11:30:00+00:00,0.0013791079314299372,260
2022-04-19 11:35:00+00:00,0.0011475512248909,260
2022-04-19 11:40:00+00:00,0.0013960898178342785,260
2022-04-19 11:45:00+00:00,0.0008081123186037182,260
2022-04-19 11:50:00+00:00,0.000536713246345237,260
2022-04-19 11:55:00+00:00,0.00046784715493070793,260
2022-04-19 12:00:00+00:00,0.0004811775266674131,260
2022-04-19 12:05:00+00:00,0.0005058537242020323,260
2022-04-19 12:10:00+00:00,0.0005055415662566825,260
2022-04-19 12:15:00+00:00,0.0005653274262228376,260
2022-04-19 12:20:00+00:00,0.00039594497758353324,260
2022-04-19 12:25:00+00:00,0.0002006661687897619,260
2022-04-19 12:30:00+00:00,0.00021686221628466413,260
2022-04-19 12:35:00+00:00,0.00017989665728651113,260
2022-04-19 12:40:00+00:00,0.00020164537173916758,260
2022-04-19 12:45:00+00:00,0.0001807936851757427,260
2022-04-19 12:50:00+00:00,0.00015419080299961414,260
2022-04-19 12:55:00+00:00,0.0001703171153377372,260
2022-04-19 13:00:00+00:00,0.00014977472322165613,260
2022-04-19 13:05:00+00:00,0.00014180464791039288,260
2022-04-19 13:10:00+00:00,0.00014144288255049021,260
2022-04-20 04:05:00+00:00,0.0008476921378806121,260
2022-04-20 04:10:00+00:00,0.0007383875976668209,260
2022-04-20 04:15:00+00:00,0.0006904694051042664,260
2022-04-20 04:20:00+00:00,0.000712253830514477,260
2022-04-20 04:25:00+00:00,0.0009061778670288481,260
2022-04-20 04:30:00+00:00,0.0006675515522000472,260
2022-04-20 04:35:00+00:00,0.0006686538631469135,260
2022-04-20 04:40:00+00:00,0.0006087083748745051,260
2022-04-20 04:45:00+00:00,0.0006986930903685692,260
2022-04-20 04:50:00+00:00,0.0014037056549667105,260
2022-04-20 04:55:00+00:00,0.0012161512904773507,260
2022-04-20 05:00:00+00:00,0.0012309288775781398,260
2022-04-20 05:05:00+00:00,0.0015703681899663414,260
2022-04-20 05:10:00+00:00,0.0019176117130893738,260
2022-04-20 05:15:00+00:00,0.0019037154146487902,260
2022-04-20 05:20:00+00:00,0.0035882308280598763,260
2022-04-20 05:25:00+00:00,0.003706478750959764,260
2022-04-20 05:30:00+00:00,0.005059555301670811,260
2022-04-20 05:35:00+00:00,0.004734166366025055,260
2022-04-20 05:40:00+00:00,0.003491535239015943,260
2022-04-20 05:45:00+00:00,0.00406958886593109,260
2022-04-20 05:50:00+00:00,0.0033164225098374286,260
2022-04-20 05:55:00+00:00,0.004872302932717771,260
2022-04-20 06:00:00+00:00,0.004534128126745011,260
2022-04-20 06:05:00+00:00,0.00383584456008127,260
2022-04-20 06:10:00+00:00,0.00495777049550823,260
2022-04-20 06:15:00+00:00,0.0037538211729175727,260
2022-04-20 06:20:00+00:00,0.0035819526080476086,260
2022-04-20 06:25:00+00:00,0.004070700651782421,260
2022-04-20 06:30:00+00:00,0.003760348064285943,260
2022-04-20 06:35:00+00:00,0.0047153704256630725,260
2022-04-20 06:40:00+00:00,0.0049393873250750476,260
2022-04-20 06:45:00+00:00,0.0039616889967736026,260
2022-04-20 06:50:00+00:00,0.003479876571840688,260
2022-04-20 06:55:00+00:00,0.003198818292135272,260
2022-04-20 07:00:00+00:00,0.0031190584046501247,260
2022-04-20 07:05:00+00:00,0.0028321422984141026,260
2022-04-20 07:10:00+00:00,0.002644367677421872,260
2022-04-20 07:15:00+00:00,0.002668627990109784,260
2022-04-20 07:20:00+00:00,0.002574372817558303,260
2022-04-20 07:25:00+00:00,0.0024938680845916074,260
2022-04-20 07:30:00+00:00,0.0024037638257075364,260
2022-04-20 07:35:00+00:00,0.0022964110623580605,260
2022-04-20 07:40:00+00:00,0.0022125215924156524,260
2022-04-20 07:45:00+00:00,0.002112225079862807,260
2022-04-20 07:50:00+00:00,0.0019995842446479187,260
2022-04-20 07:55:00+00:00,0.0019002514572947296,260
2022-04-20 08:00:00+00:00,0.001764001606259536,260
2022-04-20 08:05:00+00:00,0.0016259414363996344,260
2022-04-20 08:10:00+00:00,0.0014985505143121126,260
2022-04-20 08:15:00+00:00,0.0013879165809942548,260
2022-04-20 08:20:00+00:00,0.0013404053860919401,260
2022-04-20 08:25:00+00:00,0.001396946872069472,260
2022-04-20 08:30:00+00:00,0.0016232241943384175,260
2022-04-20 08:35:00+00:00,0.0019421080386771736,260
2022-04-20 08:40:00+00:00,0.0027663373258792535,260
2022-04-20 08:45:00+00:00,0.0034642242821452743,260
2022-04-20 08:50:00+00:00,0.004498977968455706,260
2022-04-20 08:55:00+00:00,0.0049323986185002,260
2022-04-20 09:00:00+00:00,0.005446855076654677,260
2022-04-20 09:05:00+00:00,0.005962735041638442,260
2022-04-20 09:10:00+00:00,0.00610872986570911,260
2022-04-20 09:15:00+00:00,0.005790590204256218,260
2022-04-20 09:20:00+00:00,0.005576554465237669,260
2022-04-20 09:25:00+00:00,0.005565995067359269,260
2022-04-20 09:30:00+00:00,0.006677025813510812,260
2022-04-20 09:35:00+00:00,0.007354565481105946,260
2022-04-20 09:40:00+00:00,0.008711355671629194,260
2022-04-20 09:45:00+00:00,0.007755418354862032,260
2022-04-20 09:50:00+00:00,0.007672124544805647,260
2022-04-20 09:55:00+00:00,0.007891196917455648,260
2022-04-20 10:00:00+00:00,0.008272651809083268,260
2022-04-20 10:05:00+00:00,0.008948202858378097,260
2022-04-20 10:10:00+00:00,0.009887020283177412,260
2022-04-20 10:15:00+00:00,0.009784217095170522,260
2022-04-20 10:20:00+00:00,0.010488168270237175,260
2022-04-20 10:25:00+00:00,0.009141612970763996,260
2022-04-20 10:30:00+00:00,0.008849733881579577,260
2022-04-20 10:35:00+00:00,0.00609539524781037,260
2022-04-20 10:40:00+00:00,0.00499522277417951,260
2022-04-20 10:45:00+00:00,0.0046741881345256555,260
2022-04-20 10:50:00+00:00,0.004410820174162828,260
2022-04-20 10:55:00+00:00,0.0042235568098177535,260
2022-04-20 11:00:00+00:00,0.0038972442830248985,260
2022-04-20 11:05:00+00:00,0.0032323202252219716,260
2022-04-20 11:10:00+00:00,0.0027499066403272477,260
2022-04-20 11:15:00+00:00,0.0021254979017569556,260
2022-04-20 11:20:00+00:00,0.0015628344830182486,260
2022-04-20 11:25:00+00:00,0.001356361064995886,260
2022-04-20 11:30:00+00:00,0.0012191099926067725,260
2022-04-20 11:35:00+00:00,0.0007565789883698858,260
2022-04-20 11:40:00+00:00,0.0005600738263679668,260
2022-04-20 11:45:00+00:00,0.0004049265265820986,260
2022-04-20 11:50:00+00:00,0.000190436165556563,260
2022-04-20 11:55:00+00:00,0.00021785010125060318,260
2022-04-20 12:00:00+00:00,0.0003040614928395698,260
2022-04-20 12:05:00+00:00,0.00036658577567251976,260
2022-04-20 12:10:00+00:00,0.0004188905454083933,260
2022-04-20 12:15:00+00:00,0.00044062565486965356,260
2022-04-20 12:20:00+00:00,0.0005826171757993191,260
2022-04-20 12:25:00+00:00,0.0006574488117883746,260
2022-04-20 12:30:00+00:00,0.0005960796662668941,260
2022-04-20 12:35:00+00:00,0.0004783189704869153,260
2022-04-20 12:40:00+00:00,0.0003968764255491573,260
2022-04-20 12:45:00+00:00,0.00043757183827816833,260
2022-04-20 12:50:00+00:00,0.0006854808106705222,260
2022-04-20 12:55:00+00:00,0.0007022543941913302,260
2022-04-20 13:00:00+00:00,0.00045386123612504276,260
2022-04-20 13:05:00+00:00,0.00034625284640109945,260
2022-04-20 13:10:00+00:00,0.00030370897260186523,260
2022-04-21 04:00:00+00:00,0.0003019805124437922,260
2022-04-21 04:05:00+00:00,0.0002009912235424723,260
2022-04-21 04:10:00+00:00,0.0001555984959402538,260
2022-04-21 04:15:00+00:00,0.00020507390252134797,260
2022-04-21 04:20:00+00:00,0.0002034169244333807,260
2022-04-21 04:25:00+00:00,0.00015174211412647177,260
2022-04-21 04:30:00+00:00,0.00013834362437942872,260
2022-04-21 04:35:00+00:00,0.00015346426706461285,260
2022-04-21 04:40:00+00:00,0.0001893577474976274,260
2022-04-21 04:45:00+00:00,0.00024605106165997206,260
2022-04-21 04:50:00+00:00,0.00045797953779503974,260
2022-04-21 04:55:00+00:00,0.002035017264985977,260
2022-04-21 05:00:00+00:00,0.001681316591120678,260
2022-04-21 05:05:00+00:00,0.0021315835879321607,260
2022-04-21 05:10:00+00:00,0.0015240356881463077,260
2022-04-21 05:15:00+00:00,0.0020775014616397076,260
2022-04-21 05:20:00+00:00,0.0019563751265726567,260
2022-04-21 05:25:00+00:00,0.003607734799558285,260
2022-04-21 05:30:00+00:00,0.0020615820713782798,260
2022-04-21 05:35:00+00:00,0.0025289540045861005,260
2022-04-21 05:40:00+00:00,0.0016324411629472606,260
2022-04-21 05:45:00+00:00,0.002166725590734118,260
2022-04-21 05:50:00+00:00,0.0013236096810780367,260
2022-04-21 05:55:00+00:00,0.0011584658874581157,260
2022-04-21 06:00:00+00:00,0.0019952185298811836,260
2022-04-21 06:05:00+00:00,0.0011076747821037142,260
2022-04-21 06:10:00+00:00,0.0009325362242806793,260
2022-04-21 06:15:00+00:00,0.0005160205821505015,260
2022-04-21 06:20:00+00:00,0.00021944323351380716,260
2022-04-21 06:25:00+00:00,0.00015361214176028273,260
2022-04-21 06:30:00+00:00,0.00014015996899411493,260
2022-04-21 06:35:00+00:00,0.00015224379121620409,260
2022-04-21 06:40:00+00:00,0.00016376975003052518,260
2022-04-21 06:45:00+00:00,0.0001822414742220362,260
2022-04-21 06:50:00+00:00,0.00020394039100127381,260
2022-04-21 06:55:00+00:00,0.00020528395485126967,260
2022-04-21 07:00:00+00:00,0.0002046227830348303,260
2022-04-21 07:05:00+00:00,0.00019004113879428098,260
2022-04-21 07:10:00+00:00,0.00016507690444776958,260
2022-04-21 07:15:00+00:00,0.00015894592674447876,260
2022-04-21 07:20:00+00:00,0.00015730112979955646,260
2022-04-21 07:25:00+00:00,0.00014973328985764254,260
2022-04-21 07:30:00+00:00,0.0001536989599115878,260
2022-04-21 07:35:00+00:00,0.00015684543974264775,260
2022-04-21 07:40:00+00:00,0.00015021454023113806,260
2022-04-21 07:45:00+00:00,0.000141857198245374,260
2022-04-21 07:50:00+00:00,0.0005233130021712812,260
2022-04-21 07:55:00+00:00,0.0010322762967922327,260
2022-04-21 08:00:00+00:00,0.0009272017596131021,260
2022-04-21 08:05:00+00:00,0.0009801716969029158,260
2022-04-21 08:10:00+00:00,0.0009624699941210187,260
2022-04-21 08:15:00+00:00,0.0009294209277643862,260
2022-04-21 08:20:00+00:00,0.0009981639869753168,260
2022-04-21 08:25:00+00:00,0.0011211762415242956,260
2022-04-21 08:30:00+00:00,0.0012063907382240276,260
2022-04-21 08:35:00+00:00,0.0011634191314329047,260
2022-04-21 08:40:00+00:00,0.00136125498560533,260
2022-04-21 08:45:00+00:00,0.0014540052124407464,260
2022-04-21 08:50:00+00:00,0.0008655022788851568,260
2022-04-21 08:55:00+00:00,0.0012877861128697985,260
2022-04-21 09:00:00+00:00,0.0011165252603698988,260
2022-04-21 09:05:00+00:00,0.0012552766453072938,260
2022-04-21 09:10:00+00:00,0.001485656486633416,260
2022-04-21 09:15:00+00:00,0.0014611439966569057,260
2022-04-21 09:20:00+00:00,0.0014053743945120763,260
2022-04-21 09:25:00+00:00,0.001356431447720608,260
2022-04-21 09:30:00+00:00,0.0019138769551315803,260
2022-04-21 09:35:00+00:00,0.0014322512818646372,260
2022-04-21 09:40:00+00:00,0.0013819775036325763,260
2022-04-21 09:45:00+00:00,0.002716953197029872,260
2022-04-21 09:50:00+00:00,0.001889334391066017,260
2022-04-21 09:55:00+00:00,0.0030877502871932156,260
2022-04-21 10:00:00+00:00,0.0032669060679571746,260
2022-04-21 10:05:00+00:00,0.0036723870615817033,260
2022-04-21 10:10:00+00:00,0.0018721624075707427,260
2022-04-21 10:15:00+00:00,0.0028884303296081004,260
2022-04-21 10:20:00+00:00,0.002163521895915329,260
2022-04-21 10:25:00+00:00,0.0022266789850264057,260
2022-04-21 10:30:00+00:00,0.0024434561513217417,260
2022-04-21 10:35:00+00:00,0.002029930964720074,260
2022-04-21 10:40:00+00:00,0.0018818068481152837,260
2022-04-21 10:45:00+00:00,0.0013239023798745976,260
2022-04-21 10:50:00+00:00,0.0006895305082441805,260
2022-04-21 10:55:00+00:00,0.0007447914329492799,260
2022-04-21 11:00:00+00:00,0.0005110222962424472,260
2022-04-21 11:05:00+00:00,0.0003355194404033024,260
2022-04-21 11:10:00+00:00,0.00020381060490192796,260
2022-04-21 11:15:00+00:00,0.00019219141445753522,260
2022-04-21 11:20:00+00:00,0.0001908751036072156,260
2022-04-21 11:25:00+00:00,0.0001555172857273753,260
2022-04-21 11:30:00+00:00,0.00016156838435460702,260
2022-04-21 11:35:00+00:00,0.0002199821450171975,260
2022-04-21 11:40:00+00:00,0.00022672635725215056,260
2022-04-21 11:45:00+00:00,0.00019622579743946202,260
2022-04-21 11:50:00+00:00,0.00013906762428615894,260
2022-04-21 11:55:00+00:00,0.0001323707303484712,260
2022-04-21 12:00:00+00:00,0.00014372682851708778,260
2022-04-21 12:05:00+00:00,0.0001331881569518208,260
2022-04-21 12:10:00+00:00,0.00012182065271356897,260
2022-04-21 12:15:00+00:00,0.0001365754024053239,260
2022-04-21 12:20:00+00:00,0.00017695065654753372,260
2022-04-21 12:25:00+00:00,0.00015557222764625044,260
2022-04-21 12:30:00+00:00,0.00010445161904999153,260
2022-04-21 12:35:00+00:00,0.00010471646685153622,260
2022-04-21 12:40:00+00:00,8.962352321647072e-05,260
2022-04-21 12:45:00+00:00,9.458664547700638e-05,260
2022-04-21 12:50:00+00:00,0.00012773460825317998,260
2022-04-22 04:25:00+00:00,0.0007837117526870012,260
2022-04-22 04:30:00+00:00,0.0008221947662690903,260
2022-04-22 04:35:00+00:00,0.0007670520822400052,260
2022-04-22 04:40:00+00:00,0.000817182761989937,260
2022-04-22 04:45:00+00:00,0.0013156590470317414,260
2022-04-22 04:50:00+00:00,0.0009804217867390504,260
2022-04-22 04:55:00+00:00,0.001369831955983123,260
2022-04-22 05:00:00+00:00,0.0012460901126638948,260
2022-04-22 05:05:00+00:00,0.0011442290464989597,260
2022-04-22 05:10:00+00:00,0.0010198732290279005,260
2022-04-22 05:15:00+00:00,0.0009566152210653957,260
2022-04-22 05:20:00+00:00,0.0012891097315416078,260
2022-04-22 05:25:00+00:00,0.0010146570228691998,260
2022-04-22 05:30:00+00:00,0.0011459986155448185,260
2022-04-22 05:35:00+00:00,0.0008059697197671517,260
2022-04-22 05:40:00+00:00,0.0018984017057709873,260
2022-04-22 05:45:00+00:00,0.0017127467819270906,260
2022-04-22 05:50:00+00:00,0.0024367489069476566,260
2022-04-22 05:55:00+00:00,0.002410272520517934,260
2022-04-22 06:00:00+00:00,0.0030599967935623193,260
2022-04-22 06:05:00+00:00,0.0029249177323899794,260
2022-04-22 06:10:00+00:00,0.0033515191017559173,260
2022-04-22 06:15:00+00:00,0.0028998981119726917,260
2022-04-22 06:20:00+00:00,0.0028463151261569294,260
2022-04-22 06:25:00+00:00,0.002884559171167664,260
2022-04-22 06:30:00+00:00,0.003464327361702988,260
2022-04-22 06:35:00+00:00,0.0026444945320921254,260
2022-04-22 06:40:00+00:00,0.002970210883298683,260
2022-04-22 06:45:00+00:00,0.0010720584319846627,260
2022-04-22 06:50:00+00:00,0.0021187559070774383,260
2022-04-22 06:55:00+00:00,0.002396695984559359,260
2022-04-22 07:00:00+00:00,0.0022249460283185795,260
2022-04-22 07:05:00+00:00,0.0021377039434637085,260
2022-04-22 07:10:00+00:00,0.002167865938624401,260
2022-04-22 07:15:00+00:00,0.0025368606788301953,260
2022-04-22 07:20:00+00:00,0.0022924010671794915,260
2022-04-22 07:25:00+00:00,0.0026937342227821947,260
2022-04-22 07:30:00+00:00,0.002935244907981594,260
2022-04-22 07:35:00+00:00,0.002160619295819756,260
2022-04-22 07:40:00+00:00,0.0031598860564622955,260
2022-04-22 07:45:00+00:00,0.0038532106042234557,260
2022-04-22 07:50:00+00:00,0.0030977192092659766,260
2022-04-22 07:55:00+00:00,0.004139709257478664,260
2022-04-22 08:00:00+00:00,0.0034440636938299378,260
2022-04-22 08:05:00+00:00,0.003088476096620043,260
2022-04-22 08:10:00+00:00,0.0030193205951241763,260
2022-04-22 08:15:00+00:00,0.0028188028879189675,260
2022-04-22 08:20:00+00:00,0.003215189928508734,260
2022-04-22 08:25:00+00:00,0.00290732613566066,260
2022-04-22 08:30:00+00:00,0.003096748440319269,260
2022-04-22 08:35:00+00:00,0.00213885334417628,260
2022-04-22 08:40:00+00:00,0.0011241985771694378,260
2022-04-22 08:45:00+00:00,0.001340679573979522,260
2022-04-22 08:50:00+00:00,0.001401855139435602,260
2022-04-22 08:55:00+00:00,0.002602217146809774,260
2022-04-22 09:00:00+00:00,0.0027000304276231144,260
2022-04-22 09:05:00+00:00,0.002726696051673069,260
2022-04-22 09:10:00+00:00,0.00322292279288418,260
2022-04-22 09:15:00+00:00,0.0032421639382193526,260
2022-04-22 09:20:00+00:00,0.002890476441794128,260
2022-04-22 09:25:00+00:00,0.0030054197592889694,260
2022-04-22 09:30:00+00:00,0.0030926450536482336,260
2022-04-22 09:35:00+00:00,0.003496620224733331,260
2022-04-22 09:40:00+00:00,0.005022141776662335,260
2022-04-22 09:45:00+00:00,0.006063975150028151,260
2022-04-22 09:50:00+00:00,0.004446461137953929,260
2022-04-22 09:55:00+00:00,0.004750989497818746,260
2022-04-22 10:00:00+00:00,0.004430177352885587,260
2022-04-22 10:05:00+00:00,0.004972070543914051,260
2022-04-22 10:10:00+00:00,0.005377262989014742,260
2022-04-22 10:15:00+00:00,0.006880985981098594,260
2022-04-22 10:20:00+00:00,0.004661561495016403,260
2022-04-22 10:25:00+00:00,0.004380690704869811,260
2022-04-22 10:30:00+00:00,0.00573824568726428,260
2022-04-22 10:35:00+00:00,0.002524275113936914,260
2022-04-22 10:40:00+00:00,0.0017267024503539344,260
2022-04-22 10:45:00+00:00,0.001835539502000204,260
2022-04-22 10:50:00+00:00,0.0014617706362556446,260
2022-04-22 10:55:00+00:00,0.001769025628229834,260
2022-04-22 11:00:00+00:00,0.001405281390401155,260
2022-04-22 11:05:00+00:00,0.0013384125709404544,260
2022-04-22 11:10:00+00:00,0.0013576166143096234,260
2022-04-22 11:15:00+00:00,0.001505625543484049,260
2022-04-22 11:20:00+00:00,0.0017566496954760482,260
2022-04-22 11:25:00+00:00,0.0014321231434164198,260
2022-04-22 11:30:00+00:00,0.001546870860757665,260
2022-04-22 11:35:00+00:00,0.000908981808258135,260
2022-04-22 11:40:00+00:00,0.0006218601916990739,260
2022-04-22 11:45:00+00:00,0.0009174269888963997,260
2022-04-22 11:50:00+00:00,0.0008819577180627791,260
2022-04-22 11:55:00+00:00,0.0010660283463981048,260
2022-04-22 12:00:00+00:00,0.0009957963652018076,260
2022-04-22 12:05:00+00:00,0.001097390335427315,260
2022-04-22 12:10:00+00:00,0.0014923161300634982,260
2022-04-22 12:15:00+00:00,0.0015063637584036272,260
2022-04-22 12:20:00+00:00,0.0018352486368166064,260
2022-04-22 12:25:00+00:00,0.0018173691666570446,260
2022-04-22 12:30:00+00:00,0.002069997960819438,260
2022-04-22 12:35:00+00:00,0.0019238765240539965,260
2022-04-22 12:40:00+00:00,0.0020023555741286287,260
2022-04-22 12:45:00+00:00,0.0019056803145187805,260
2022-04-22 12:50:00+00:00,0.0017826752392595194,260
2022-04-22 12:55:00+00:00,0.0016157573175556174,260
2022-04-22 13:00:00+00:00,0.001499725576331053,260
2022-04-22 13:05:00+00:00,0.0014169507193150788,260
2022-04-22 13:10:00+00:00,0.0011530037860916816,260
2022-04-22 13:15:00+00:00,0.0010418823604674019,260
2022-04-22 13:20:00+00:00,0.0007177977092561352,260
2022-04-23 04:15:00+00:00,0.0004222557338465134,260
2022-04-23 04:20:00+00:00,0.0004060629057457782,260
2022-04-23 04:25:00+00:00,0.0003107394669381228,260
2022-04-23 04:30:00+00:00,0.0002864324248202528,260
2022-04-23 04:35:00+00:00,0.0003047817141588674,260
2022-04-23 04:40:00+00:00,0.00030128416715810113,260
2022-04-23 04:45:00+00:00,0.0002969759029618535,260
2022-04-23 04:50:00+00:00,0.0002868189158594482,260
2022-04-23 04:55:00+00:00,0.0002777240688392634,260
2022-04-23 05:00:00+00:00,0.00027566544069404514,260
2022-04-23 05:05:00+00:00,0.00025969895692328377,260
2022-04-23 05:10:00+00:00,0.00025125109463287475,260
2022-04-23 05:15:00+00:00,0.0002528991412574139,260
2022-04-23 05:20:00+00:00,0.00026036110960024606,260
2022-04-23 05:25:00+00:00,0.00025071918396946834,260
2022-04-23 05:30:00+00:00,0.0002140348720261137,260
2022-04-23 05:35:00+00:00,0.0002024876485258665,260
2022-04-23 05:40:00+00:00,0.00019521160555558808,260
2022-04-23 05:45:00+00:00,0.00017703887198040425,260
2022-04-23 05:50:00+00:00,0.00016322334286189214,260
2022-04-23 05:55:00+00:00,0.0001595328733436541,260
2022-04-23 06:00:00+00:00,0.00016821920359340485,260
2022-04-23 06:05:00+00:00,0.00017014247828507926,260
2022-04-23 06:10:00+00:00,0.000166969738301672,260
2022-04-23 06:15:00+00:00,0.00016045698053524706,260
2022-04-23 06:20:00+00:00,0.00016350997414935566,260
2022-04-23 06:25:00+00:00,0.00015982664328588198,260
2022-04-23 06:30:00+00:00,0.00015902613583099821,260
2022-04-23 06:35:00+00:00,0.00016297442508065766,260
2022-04-23 06:40:00+00:00,0.00016960725954911422,260
2022-04-23 06:45:00+00:00,0.0001887181007887548,260
2022-04-23 06:50:00+00:00,0.00022529003535050083,260
2022-04-23 06:55:00+00:00,0.0002467701373655799,260
2022-04-23 07:00:00+00:00,0.0002453927214675804,260
2022-04-23 07:05:00+00:00,0.0002503906307743145,260
2022-04-23 07:10:00+00:00,0.0002469669865966846,260
2022-04-23 07:15:00+00:00,0.00024250062782755122,260
2022-04-23 07:20:00+00:00,0.00026082862572492056,260
2022-04-23 07:25:00+00:00,0.00027950370612714483,260
2022-04-23 07:30:00+00:00,0.0002875149018223923,260
2022-04-23 07:35:00+00:00,0.000302619064086617,260
2022-04-23 07:40:00+00:00,0.000294770320571704,260
2022-04-23 07:45:00+00:00,0.0002921881421122852,260
2022-04-23 07:50:00+00:00,0.0002943262440949334,260
2022-04-23 07:55:00+00:00,0.00030446508677027127,260
2022-04-23 08:00:00+00:00,0.0002839135030495996,260
2022-04-23 08:05:00+00:00,0.0002712744943059906,260
2022-04-23 08:10:00+00:00,0.00027304686698242697,260
2022-04-23 08:15:00+00:00,0.00030002726359725423,260
2022-04-23 08:20:00+00:00,0.0006393885260811931,260
2022-04-23 08:25:00+00:00,0.0006680217206931801,260
2022-04-23 08:30:00+00:00,0.0013053995533664406,260
2022-04-23 08:35:00+00:00,0.0012303551831025687,260
2022-04-23 08:40:00+00:00,0.0015253793851230427,260
2022-04-23 08:45:00+00:00,0.001485352008468931,260
2022-04-23 08:50:00+00:00,0.0022807052484825553,260
2022-04-23 08:55:00+00:00,0.0024595443380263887,260
2022-04-23 09:00:00+00:00,0.004119237810335563,260
2022-04-23 09:05:00+00:00,0.00405794763638636,260
2022-04-23 09:10:00+00:00,0.004451012445065198,260
2022-04-23 09:15:00+00:00,0.005454579364735311,260
2022-04-23 09:20:00+00:00,0.005404074761936072,260
2022-04-23 09:25:00+00:00,0.004929148100559988,260
2022-04-23 09:30:00+00:00,0.005554528655147157,260
2022-04-23 09:35:00+00:00,0.005410577007096303,260
2022-04-23 09:40:00+00:00,0.004854991358344905,260
2022-04-23 09:45:00+00:00,0.004401291661955283,260
2022-04-23 09:50:00+00:00,0.004513067916498827,260
2022-04-23 09:55:00+00:00,0.0026791391538352628,260
2022-04-23 10:00:00+00:00,0.0014899021251739862,260
2022-04-23 10:05:00+00:00,0.0024210340466247846,260
2022-04-23 10:10:00+00:00,0.000804266296619832,260
2022-04-23 10:15:00+00:00,0.0005424430548460129,260
2022-04-23 10:20:00+00:00,0.00033042145519967885,260
2022-04-23 10:25:00+00:00,0.00013592052603011935,260
2022-04-23 10:30:00+00:00,0.00014707848643958027,260
2022-04-23 10:35:00+00:00,0.0001008105221622041,260
2022-04-23 10:40:00+00:00,0.00010461016800161124,260
2022-04-23 10:45:00+00:00,8.667554779260665e-05,260
2022-04-23 10:50:00+00:00,6.386935722613118e-05,260
2022-04-23 10:55:00+00:00,6.558922217063002e-05,260
2022-04-23 11:00:00+00:00,8.435751085842835e-05,260
2022-04-23 11:05:00+00:00,6.654048245947776e-05,260
2022-04-23 11:10:00+00:00,6.969564106584158e-05,260
2022-04-23 11:15:00+00:00,6.636049740456053e-05,260
2022-04-23 11:20:00+00:00,5.359942017820013e-05,260
2022-04-23 11:25:00+00:00,4.615036394833443e-05,260
2022-04-23 11:30:00+00:00,4.924092932750343e-05,260
2022-04-23 11:35:00+00:00,5.448827251816716e-05,260
2022-04-23 11:40:00+00:00,5.22786102999957e-05,260
2022-04-23 11:45:00+00:00,5.6452631071877936e-05,260
2022-04-23 11:50:00+00:00,6.199652879617759e-05,260
2022-04-23 11:55:00+00:00,5.8056751309755946e-05,260
2022-04-23 12:00:00+00:00,5.4207201900712537e-05,260
2022-04-23 12:05:00+00:00,5.491388517909977e-05,260
2022-04-23 12:10:00+00:00,5.7193138754269447e-05,260
2022-04-23 12:15:00+00:00,5.788068839399477e-05,260
2022-04-23 12:20:00+00:00,5.9631415364555704e-05,260
2022-04-23 12:25:00+00:00,5.122530679977773e-05,260
2022-04-23 12:30:00+00:00,4.919845835785504e-05,260
2022-04-23 12:35:00+00:00,4.7407720203094816e-05,260
2022-04-23 12:40:00+00:00,4.509849382967334e-05,260
2022-04-23 12:45:00+00:00,4.4966064631277675e-05,260
2022-04-23 12:50:00+00:00,4.448662555974404e-05,260
2022-04-23 12:55:00+00:00,5.06618844864982e-05,260
2022-04-23 13:00:00+00:00,5.195652291027806e-05,260
2022-04-23 13:05:00+00:00,5.114025013291615e-05,260
2022-04-23 13:10:00+00:00,6.67334442527905e-05,260
2022-04-23 13:15:00+00:00,0.0001171552802015312,260
2022-04-24 04:30:00+00:00,0.002526610671493546,260
2022-04-24 04:35:00+00:00,0.0025487641377733394,260
2022-04-24 04:40:00+00:00,0.0027054233111342813,260
2022-04-24 04:45:00+00:00,0.0025476465255753443,260
2022-04-24 04:50:00+00:00,0.0025002850649487856,260
2022-04-24 04:55:00+00:00,0.0023861856252941575,260
2022-04-24 05:00:00+00:00,0.0028187528858064103,260
2022-04-24 05:05:00+00:00,0.0026989904852324277,260
2022-04-24 05:10:00+00:00,0.0013298820749312174,260
2022-04-24 05:15:00+00:00,0.0013384315224265044,260
2022-04-24 05:20:00+00:00,0.0012885515497136337,260
2022-04-24 05:25:00+00:00,0.001889017055221931,260
2022-04-24 05:30:00+00:00,0.0018520419553885333,260
2022-04-24 05:35:00+00:00,0.0016078110434187716,260
2022-04-24 05:40:00+00:00,0.0016814958722610265,260
2022-04-24 05:45:00+00:00,0.0014080065602774812,260
2022-04-24 05:50:00+00:00,0.0016535678730319882,260
2022-04-24 05:55:00+00:00,0.0008897376548819094,260
2022-04-24 06:00:00+00:00,0.0015750276924260233,260
2022-04-24 06:05:00+00:00,0.0009335263635471284,260
2022-04-24 06:10:00+00:00,0.0007661697503451183,260
2022-04-24 06:15:00+00:00,0.00039652272511537124,260
2022-04-24 06:20:00+00:00,0.0005940405210980581,260
2022-04-24 06:25:00+00:00,0.0005268420611223969,260
2022-04-24 06:30:00+00:00,0.00055067862726139,260
2022-04-24 06:35:00+00:00,0.000572393794589254,260
2022-04-24 06:40:00+00:00,0.0006881649841833021,260
2022-04-24 06:45:00+00:00,0.0006487281401899385,260
2022-04-24 06:50:00+00:00,0.0007711157190121234,260
2022-04-24 06:55:00+00:00,0.0010423170454539788,260
2022-04-24 07:00:00+00:00,0.0038091810122780085,260
2022-04-24 07:05:00+00:00,0.002880375422039482,260
2022-04-24 07:10:00+00:00,0.00282778903676993,260
2022-04-24 07:15:00+00:00,0.0026555546666219656,260
2022-04-24 07:20:00+00:00,0.002604596608278079,260
2022-04-24 07:25:00+00:00,0.002625832627388598,260
2022-04-24 07:30:00+00:00,0.0029833474674087223,260
2022-04-24 07:35:00+00:00,0.003501416452534981,260
2022-04-24 07:40:00+00:00,0.005618390537661009,260
2022-04-24 07:45:00+00:00,0.005273142029678263,260
2022-04-24 07:50:00+00:00,0.0024620499394770808,260
2022-04-24 07:55:00+00:00,0.0024058828344452757,260
2022-04-24 08:00:00+00:00,0.0020518229828664007,260
2022-04-24 08:05:00+00:00,0.0017120580456190723,260
2022-04-24 08:10:00+00:00,0.0015303387479737734,260
2022-04-24 08:15:00+00:00,0.001612453330627223,260
2022-04-24 08:20:00+00:00,0.0017828651702183232,260
2022-04-24 08:25:00+00:00,0.0025843777918964066,260
2022-04-24 08:30:00+00:00,0.0015518316311713908,260
2022-04-24 08:35:00+00:00,0.0008072107770169488,260
2022-04-24 08:40:00+00:00,0.000975262812038674,260
2022-04-24 08:45:00+00:00,0.0008528344858744644,260
2022-04-24 08:50:00+00:00,0.0007887593311843613,260
2022-04-24 08:55:00+00:00,0.0007175992442312534,260
2022-04-24 09:00:00+00:00,0.0007386790693544463,260
2022-04-24 09:05:00+00:00,0.000790983212365412,260
2022-04-24 09:10:00+00:00,0.0008132313656329977,260
2022-04-24 09:15:00+00:00,0.001041764384621129,260
2022-04-24 09:20:00+00:00,0.0008448608074810763,260
2022-04-24 09:25:00+00:00,0.002306887106485188,260
2022-04-24 09:30:00+00:00,0.0015905520850809653,260
2022-04-24 09:35:00+00:00,0.0013570341216345594,260
2022-04-24 09:40:00+00:00,0.0015511670435483507,260
2022-04-24 09:45:00+00:00,0.0013702025310102799,260
2022-04-24 09:50:00+00:00,0.0016156186288198585,260
2022-04-24 09:55:00+00:00,0.001843125993557421,260
2022-04-24 10:00:00+00:00,0.0014809316487622562,260
2022-04-24 10:05:00+00:00,0.0014405373794124008,260
2022-04-24 10:10:00+00:00,0.0011731944466573327,260
2022-04-24 10:15:00+00:00,0.0025196815120547963,260
2022-04-24 10:20:00+00:00,0.0011835473926784554,260
2022-04-24 10:25:00+00:00,0.0009110449007192192,260
2022-04-24 10:30:00+00:00,0.0006008306162429851,260
2022-04-24 10:35:00+00:00,0.0005158662205674889,260
2022-04-24 10:40:00+00:00,0.0009980855152074515,260
2022-04-24 10:45:00+00:00,0.001363743338096778,260
2022-04-24 10:50:00+00:00,0.001124408554615059,260
2022-04-24 10:55:00+00:00,0.0014857248687285478,260
2022-04-24 11:00:00+00:00,0.0013413251073070888,260
2022-04-24 11:05:00+00:00,0.001238757192234451,260
2022-04-24 11:10:00+00:00,0.0016077668357634195,260
2022-04-24 11:15:00+00:00,0.0009960718551121914,260
2022-04-24 11:20:00+00:00,0.0009693475175441106,260
2022-04-24 11:25:00+00:00,0.001183601369830603,260
2022-04-24 11:30:00+00:00,0.0009188047754182616,260
2022-04-24 11:35:00+00:00,0.0009307255299632077,260
2022-04-24 11:40:00+00:00,0.0009720323943243976,260
2022-04-24 11:45:00+00:00,0.000912372978125508,260
2022-04-24 11:50:00+00:00,0.0004981115645235774,260
2022-04-24 11:55:00+00:00,0.00029788041232859297,260
2022-04-24 12:00:00+00:00,0.0003456299254057419,260
2022-04-24 12:05:00+00:00,0.000322806992913337,260
2022-04-24 12:10:00+00:00,0.00025022576251626993,260
2022-04-24 12:15:00+00:00,0.0003213450611274755,260
2022-04-24 12:20:00+00:00,0.00021047100107491994,260
2022-04-24 12:25:00+00:00,0.0001473759999737313,260
2022-04-24 12:30:00+00:00,0.00012980951240568954,260
2022-04-24 12:35:00+00:00,0.0001619409781451068,260
2022-04-24 12:40:00+00:00,0.0001271621915037974,260
2022-04-24 12:45:00+00:00,9.878803577157356e-05,260
2022-04-24 12:50:00+00:00,8.273282190018866e-05,260
2022-04-24 12:55:00+00:00,8.799797586681634e-05,260
2022-04-25 04:15:00+00:00,0.00038330337339163444,260
2022-04-25 04:20:00+00:00,0.00032096719068325686,260
2022-04-25 04:25:00+00:00,0.0003391708437915081,260
2022-04-25 04:30:00+00:00,0.00034429070786138976,260
2022-04-25 04:35:00+00:00,0.0003386712106667614,260
2022-04-25 04:40:00+00:00,0.0003274179392566836,260
2022-04-25 04:45:00+00:00,0.00032263479730940505,260
2022-04-25 04:50:00+00:00,0.00030452403020226845,260
2022-04-25 04:55:00+00:00,0.00029320926682782113,260
2022-04-25 05:00:00+00:00,0.00028531070034589666,260
2022-04-25 05:05:00+00:00,0.00028196011734795117,260
2022-04-25 05:10:00+00:00,0.00025274989013083013,260
2022-04-25 05:15:00+00:00,0.0002397109777197252,260
2022-04-25 05:20:00+00:00,0.00022957811494759027,260
2022-04-25 05:25:00+00:00,0.00023047436969235398,260
2022-04-25 05:30:00+00:00,0.00022188903427404025,260
2022-04-25 05:35:00+00:00,0.0002139472858412681,260
2022-04-25 05:40:00+00:00,0.00020506801234120635,260
2022-04-25 05:45:00+00:00,0.0001946797062220234,260
2022-04-25 05:50:00+00:00,0.00019313963628601386,260
2022-04-25 05:55:00+00:00,0.00019500168405661337,260
2022-04-25 06:00:00+00:00,0.00018289717352119094,260
2022-04-25 06:05:00+00:00,0.00016614572751582723,260
2022-04-25 06:10:00+00:00,0.00015452160630052868,260
2022-04-25 06:15:00+00:00,0.00015764696768821393,260
2022-04-25 06:20:00+00:00,0.00016195692866274275,260
2022-04-25 06:25:00+00:00,0.00015569121810314295,260
2022-04-25 06:30:00+00:00,0.00015933561109635018,260
2022-04-25 06:35:00+00:00,0.00016707895623252448,260
2022-04-25 06:40:00+00:00,0.00018329051249818198,260
2022-04-25 06:45:00+00:00,0.00018671012045059249,260
2022-04-25 06:50:00+00:00,0.00018943052484810493,260
2022-04-25 06:55:00+00:00,0.00020161820780997347,260
2022-04-25 07:00:00+00:00,0.00021476679717756782,260
2022-04-25 07:05:00+00:00,0.0002330292008069013,260
2022-04-25 07:10:00+00:00,0.00023858062466246394,260
2022-04-25 07:15:00+00:00,0.0003322933927062653,260
2022-04-25 07:20:00+00:00,0.0005029290759302987,260
2022-04-25 07:25:00+00:00,0.0011123923534851591,260
2022-04-25 07:30:00+00:00,0.0020500342894843853,260
2022-04-25 07:35:00+00:00,0.003216587483117187,260
2022-04-25 07:40:00+00:00,0.004447540885307833,260
2022-04-25 07:45:00+00:00,0.005715490615013149,260
2022-04-25 07:50:00+00:00,0.006880246180744463,260
2022-04-25 07:55:00+00:00,0.007990731273462372,260
2022-04-25 08:00:00+00:00,0.009137374995283247,260
2022-04-25 08:05:00+00:00,0.010295778575591611,260
2022-04-25 08:10:00+00:00,0.011247499107961492,260
2022-04-25 08:15:00+00:00,0.012071732724775141,260
2022-04-25 08:20:00+00:00,0.01253492826470644,260
2022-04-25 08:25:00+00:00,0.012774966542545594,260
2022-04-25 08:30:00+00:00,0.012994098363761539,260
2022-04-25 08:35:00+00:00,0.013158440416808241,260
2022-04-25 08:40:00+00:00,0.013272601410937092,260
2022-04-25 08:45:00+00:00,0.013308513377890255,260
2022-04-25 08:50:00+00:00,0.013117598034230472,260
2022-04-25 08:55:00+00:00,0.01293612777584028,260
2022-04-25 09:00:00+00:00,0.01274513833488386,260
2022-04-25 09:05:00+00:00,0.012562069170787012,260
2022-04-25 09:10:00+00:00,0.012328884064133837,260
2022-04-25 09:15:00+00:00,0.012067154167086785,260
2022-04-25 09:20:00+00:00,0.011628894518486733,260
2022-04-25 09:25:00+00:00,0.011061382185910172,260
2022-04-25 09:30:00+00:00,0.010491383876518635,260
2022-04-25 09:35:00+00:00,0.009602854504225699,260
2022-04-25 09:40:00+00:00,0.008558289337651664,260
2022-04-25 09:45:00+00:00,0.0077264581289428974,260
2022-04-25 09:50:00+00:00,0.0071258756759684,260
2022-04-25 09:55:00+00:00,0.006535181348974965,260
2022-04-25 10:00:00+00:00,0.005927843824037499,260
2022-04-25 10:05:00+00:00,0.005093472978580718,260
2022-04-25 10:10:00+00:00,0.004084516557166915,260
2022-04-25 10:15:00+00:00,0.002908588989065134,260
2022-04-25 10:20:00+00:00,0.001763101908690088,260
2022-04-25 10:25:00+00:00,0.0008070589884661062,260
2022-04-25 10:30:00+00:00,0.0005755966051132649,260
2022-04-25 10:35:00+00:00,0.0005761154598962975,260
2022-04-25 10:40:00+00:00,0.0005968822577898868,260
2022-04-25 10:45:00+00:00,0.0006449270311911197,260
2022-04-25 10:50:00+00:00,0.0007013359714151579,260
2022-04-25 10:55:00+00:00,0.0007788500356963493,260
2022-04-25 11:00:00+00:00,0.000826470517783466,260
2022-04-25 11:05:00+00:00,0.0008427927792924819,260
2022-04-25 11:10:00+00:00,0.0008595841137908545,260
2022-04-25 11:15:00+00:00,0.0008677008488483495,260
2022-04-25 11:20:00+00:00,0.0009062388396882467,260
2022-04-25 11:25:00+00:00,0.000922215823681912,260
2022-04-25 11:30:00+00:00,0.0008909855495202296,260
2022-04-25 11:35:00+00:00,0.0009098978830552676,260
2022-04-25 11:40:00+00:00,0.0009154214243551639,260
2022-04-25 11:45:00+00:00,0.0009511135750901466,260
2022-04-25 11:50:00+00:00,0.0010303008820946175,260
2022-04-25 11:55:00+00:00,0.0011182338672592158,260
2022-04-25 12:00:00+00:00,0.0011090271081433203,260
2022-04-25 12:05:00+00:00,0.0011428729855705875,260
2022-04-25 12:10:00+00:00,0.0013993031718524131,260
2022-04-25 12:15:00+00:00,0.0016650692725910365,260
2022-04-25 12:20:00+00:00,0.0019199372788991373,260
2022-04-25 12:25:00+00:00,0.0022957181542342577,260
2022-04-25 12:30:00+00:00,0.002579589544292337,260
2022-04-25 12:35:00+00:00,0.0025665374268613295,260
2022-04-25 12:40:00+00:00,0.002536485983708818,260
2022-04-25 12:45:00+00:00,0.00245174674187947,260
2022-04-25 12:50:00+00:00,0.0024070990128749023,260
2022-04-25 12:55:00+00:00,0.0022777217482823626,260
2022-04-25 13:00:00+00:00,0.0022416320902065977,260
2022-04-25 13:05:00+00:00,0.002207984619753463,260
2022-04-25 13:10:00+00:00,0.0019379585542464886,260
2022-04-26 03:50:00+00:00,0.0010900914656924666,260
2022-04-26 03:55:00+00:00,0.0011723346534845977,260
2022-04-26 04:00:00+00:00,0.0012749959883777866,260
2022-04-26 04:05:00+00:00,0.0012582121425754093,260
2022-04-26 04:10:00+00:00,0.0012226751713712654,260
2022-04-26 04:15:00+00:00,0.0012174667836463713,260
2022-04-26 04:20:00+00:00,0.0012676608335469703,260
2022-04-26 04:25:00+00:00,0.0013752607052259823,260
2022-04-26 04:30:00+00:00,0.0012537800802553743,260
2022-04-26 04:35:00+00:00,0.0012449436862246638,260
2022-04-26 04:40:00+00:00,0.0012352842601114579,260
2022-04-26 04:45:00+00:00,0.00121630862513952,260
2022-04-26 04:50:00+00:00,0.0011952005149043511,260
2022-04-26 04:55:00+00:00,0.001167955124128317,260
2022-04-26 05:00:00+00:00,0.001133693364084541,260
2022-04-26 05:05:00+00:00,0.0012346036321223078,260
2022-04-26 05:10:00+00:00,0.0013902006287779306,260
2022-04-26 05:15:00+00:00,0.001327842002238518,260
2022-04-26 05:20:00+00:00,0.00128366775613984,260
2022-04-26 05:25:00+00:00,0.0012088124150438496,260
2022-04-26 05:30:00+00:00,0.0011995496411115554,260
2022-04-26 05:35:00+00:00,0.0011584345193728228,260
2022-04-26 05:40:00+00:00,0.001070554991002912,260
2022-04-26 05:45:00+00:00,0.0010508671936677787,260
2022-04-26 05:50:00+00:00,0.0010605483100977527,260
2022-04-26 05:55:00+00:00,0.001007696936924058,260
2022-04-26 06:00:00+00:00,0.0007929708835618225,260
2022-04-26 06:05:00+00:00,0.0007645198551565172,260
2022-04-26 06:10:00+00:00,0.0008706319623143653,260
2022-04-26 06:15:00+00:00,0.0009437921105517279,260
2022-04-26 06:20:00+00:00,0.0008715431966708707,260
2022-04-26 06:25:00+00:00,0.0008615213255137714,260
2022-04-26 06:30:00+00:00,0.0012538707754518141,260
2022-04-26 06:35:00+00:00,0.0013166910911660233,260
2022-04-26 06:40:00+00:00,0.0015359248749981609,260
2022-04-26 06:45:00+00:00,0.0015635174556081757,260
2022-04-26 06:50:00+00:00,0.0015156152855497558,260
2022-04-26 06:55:00+00:00,0.0019177263053172893,260
2022-04-26 07:00:00+00:00,0.0021473309426676313,260
2022-04-26 07:05:00+00:00,0.0022901173159370156,260
2022-04-26 07:10:00+00:00,0.0025746364732275647,260
2022-04-26 07:15:00+00:00,0.001879526263940261,260
2022-04-26 07:20:00+00:00,0.0019351934650466101,260
2022-04-26 07:25:00+00:00,0.0011693178550255213,260
2022-04-26 07:30:00+00:00,0.001124136861039612,260
2022-04-26 07:35:00+00:00,0.0013175894850455355,260
2022-04-26 07:40:00+00:00,0.0010883755383811176,260
2022-04-26 07:45:00+00:00,0.0006212728352021775,260
2022-04-26 07:50:00+00:00,0.0005327088009030556,260
2022-04-26 07:55:00+00:00,0.00040640023291292263,260
2022-04-26 08:00:00+00:00,0.00033360127081605854,260
2022-04-26 08:05:00+00:00,0.0002973080805330288,260
2022-04-26 08:10:00+00:00,0.0001763333650714082,260
2022-04-26 08:15:00+00:00,0.00011227305889509007,260
2022-04-26 08:20:00+00:00,0.00011947726759294938,260
2022-04-26 08:25:00+00:00,0.00012282719891042608,260
2022-04-26 08:30:00+00:00,0.00012985814170746328,260
2022-04-26 08:35:00+00:00,0.00012247742557692034,260
2022-04-26 08:40:00+00:00,0.00010762392721621227,260
2022-04-26 08:45:00+00:00,0.0001238176664061769,260
2022-04-26 08:50:00+00:00,0.00014132829444419808,260
2022-04-26 08:55:00+00:00,0.0001600641870307543,260
2022-04-26 09:00:00+00:00,0.00019141236366939794,260
2022-04-26 09:05:00+00:00,0.00021139654389508645,260
2022-04-26 09:10:00+00:00,0.00022689610284659493,260
2022-04-26 09:15:00+00:00,0.00025756569473910453,260
2022-04-26 09:20:00+00:00,0.000315053005026629,260
2022-04-26 09:25:00+00:00,0.00036218577941351637,260
2022-04-26 09:30:00+00:00,0.00037812633386938375,260
2022-04-26 09:35:00+00:00,0.00039281688639758574,260
2022-04-26 09:40:00+00:00,0.0004362139899343838,260
2022-04-26 09:45:00+00:00,0.0004408440609782393,260
2022-04-26 09:50:00+00:00,0.00044704636996549394,260
2022-04-26 09:55:00+00:00,0.000450421899837864,260
2022-04-26 10:00:00+00:00,0.0004636364588130257,260
2022-04-26 10:05:00+00:00,0.00045864921806574997,260
2022-04-26 10:10:00+00:00,0.00046509142669189926,260
2022-04-26 10:15:00+00:00,0.0005260642433613408,260
2022-04-26 10:20:00+00:00,0.0006155985275428454,260
2022-04-26 10:25:00+00:00,0.0006642659351016535,260
2022-04-26 10:30:00+00:00,0.000703491255430084,260
2022-04-26 10:35:00+00:00,0.0007235321042769763,260
2022-04-26 10:40:00+00:00,0.0007395731650969758,260
2022-04-26 10:45:00+00:00,0.0007661166608929836,260
2022-04-26 10:50:00+00:00,0.0008182308606789769,260
2022-04-26 10:55:00+00:00,0.0008785975145319902,260
2022-04-26 11:00:00+00:00,0.0009117222838975739,260
2022-04-26 11:05:00+00:00,0.0009579908690623584,260
2022-04-26 11:10:00+00:00,0.0009985884312452434,260
2022-04-26 11:15:00+00:00,0.0010120442005087246,260
2022-04-26 11:20:00+00:00,0.0009935600351099068,260
2022-04-26 11:25:00+00:00,0.000987641025770748,260
2022-04-26 11:30:00+00:00,0.0009941158898063782,260
2022-04-26 11:35:00+00:00,0.0010291578040342168,260
2022-04-26 11:40:00+00:00,0.0010455962721043616,260
2022-04-26 11:45:00+00:00,0.0010768022981903153,260
2022-04-26 11:50:00+00:00,0.001166807505928077,260
2022-04-26 11:55:00+00:00,0.0012316332654397594,260
2022-04-26 12:00:00+00:00,0.001187304971958574,260
2022-04-26 12:05:00+00:00,0.0012519134534864785,260
2022-04-26 12:10:00+00:00,0.001507150135862616,260
2022-04-26 12:15:00+00:00,0.001745005820355345,260
2022-04-26 12:20:00+00:00,0.0019772611676008352,260
2022-04-26 12:25:00+00:00,0.002039312861238914,260
2022-04-26 12:30:00+00:00,0.0020716873570200372,260
2022-04-26 12:35:00+00:00,0.002025198993537632,260
2022-04-26 12:40:00+00:00,0.0019967696247204067,260
2022-04-26 12:45:00+00:00,0.0019089387436272728,260
2022-04-26 12:50:00+00:00,0.0017276897805711083,260
2022-04-26 12:55:00+00:00,0.0015694111822613446,260
2022-04-27 03:45:00+00:00,0.0008635886662985907,260
2022-04-27 03:50:00+00:00,0.0007782511828843998,260
2022-04-27 03:55:00+00:00,0.0007618326643276898,260
2022-04-27 04:00:00+00:00,0.0008632676980141581,260
2022-04-27 04:05:00+00:00,0.0008805330364035149,260
2022-04-27 04:10:00+00:00,0.0009228886747871303,260
2022-04-27 04:15:00+00:00,0.000978376277476487,260
2022-04-27 04:20:00+00:00,0.001090347232975157,260
2022-04-27 04:25:00+00:00,0.0012217268842140878,260
2022-04-27 04:30:00+00:00,0.001179021674095674,260
2022-04-27 04:35:00+00:00,0.0011715248182793394,260
2022-04-27 04:40:00+00:00,0.001095280358983617,260
2022-04-27 04:45:00+00:00,0.0010203904441035755,260
2022-04-27 04:50:00+00:00,0.0009961575944355413,260
2022-04-27 04:55:00+00:00,0.0009535159462386168,260
2022-04-27 05:00:00+00:00,0.0009061243639791573,260
2022-04-27 05:05:00+00:00,0.0008737032596120814,260
2022-04-27 05:10:00+00:00,0.0008706543662343521,260
2022-04-27 05:15:00+00:00,0.0012490023863398795,260
2022-04-27 05:20:00+00:00,0.0019639604010641114,260
2022-04-27 05:25:00+00:00,0.0029534130615643207,260
2022-04-27 05:30:00+00:00,0.00402914225171564,260
2022-04-27 05:35:00+00:00,0.005229463589054677,260
2022-04-27 05:40:00+00:00,0.006494008136071713,260
2022-04-27 05:45:00+00:00,0.007726726841620107,260
2022-04-27 05:50:00+00:00,0.008796036888576558,260
2022-04-27 05:55:00+00:00,0.009720704879339022,260
2022-04-27 06:00:00+00:00,0.010484906878383224,260
2022-04-27 06:05:00+00:00,0.011234972577142418,260
2022-04-27 06:10:00+00:00,0.011723740641465074,260
2022-04-27 06:15:00+00:00,0.011594900414693493,260
2022-04-27 06:20:00+00:00,0.011716528489445467,260
2022-04-27 06:25:00+00:00,0.011898844696072906,260
2022-04-27 06:30:00+00:00,0.012050087555208963,260
2022-04-27 06:35:00+00:00,0.012156716654451111,260
2022-04-27 06:40:00+00:00,0.01222409879286978,260
2022-04-27 06:45:00+00:00,0.012291121762604905,260
2022-04-27 06:50:00+00:00,0.012352847567790901,260
2022-04-27 06:55:00+00:00,0.0123562592598271,260
2022-04-27 07:00:00+00:00,0.012382745309224669,260
2022-04-27 07:05:00+00:00,0.012426030633529046,260
2022-04-27 07:10:00+00:00,0.012551758617890714,260
2022-04-27 07:15:00+00:00,0.012513649267903222,260
2022-04-27 07:20:00+00:00,0.012567549504679226,260
2022-04-27 07:25:00+00:00,0.012489858370080686,260
2022-04-27 07:30:00+00:00,0.01246115671115983,260
2022-04-27 07:35:00+00:00,0.012429055795498118,260
2022-04-27 07:40:00+00:00,0.012420156624983632,260
2022-04-27 07:45:00+00:00,0.012378527363579375,260
2022-04-27 07:50:00+00:00,0.011695268687905287,260
2022-04-27 07:55:00+00:00,0.011050368047550052,260
2022-04-27 08:00:00+00:00,0.010449616294623114,260
2022-04-27 08:05:00+00:00,0.009944978820264827,260
2022-04-27 08:10:00+00:00,0.009214030344290492,260
2022-04-27 08:15:00+00:00,0.008485092140998879,260
2022-04-27 08:20:00+00:00,0.007623751893011564,260
2022-04-27 08:25:00+00:00,0.006673302004831459,260
2022-04-27 08:30:00+00:00,0.005505587569315066,260
2022-04-27 08:35:00+00:00,0.004150156449484924,260
2022-04-27 08:40:00+00:00,0.0027026667679716687,260
2022-04-27 08:45:00+00:00,0.0011029309000400696,260
2022-04-27 08:50:00+00:00,0.0003343347921313895,260
2022-04-27 08:55:00+00:00,0.00019983815736996562,260
2022-04-27 09:00:00+00:00,0.00019118391954038512,260
2022-04-27 09:05:00+00:00,0.00018041248111845196,260
2022-04-27 09:10:00+00:00,0.00017074980086719224,260
2022-04-27 09:15:00+00:00,0.0001852539033591852,260
2022-04-27 09:20:00+00:00,0.00019712796185096624,260
2022-04-27 09:25:00+00:00,0.0002007513435175669,260
2022-04-27 09:30:00+00:00,0.00020223262091141083,260
2022-04-27 09:35:00+00:00,0.00021585596162934336,260
2022-04-27 09:40:00+00:00,0.00023660202857651004,260
2022-04-27 09:45:00+00:00,0.00025387084206418044,260
2022-04-27 09:50:00+00:00,0.0002608685602929744,260
2022-04-27 09:55:00+00:00,0.0002559271420784087,260
2022-04-27 10:00:00+00:00,0.0002589171134896528,260
2022-04-27 10:05:00+00:00,0.00024201811771545304,260
2022-04-27 10:10:00+00:00,0.0002425110493746942,260
2022-04-27 10:15:00+00:00,0.0002549850767593617,260
2022-04-27 10:20:00+00:00,0.00027330646748834606,260
2022-04-27 10:25:00+00:00,0.00029882592753689024,260
2022-04-27 10:30:00+00:00,0.0003218877211160115,260
2022-04-27 10:35:00+00:00,0.00035749940902671105,260
2022-04-27 10:40:00+00:00,0.0003812287904315676,260
2022-04-27 10:45:00+00:00,0.00040308736785109523,260
2022-04-27 10:50:00+00:00,0.0004379554980132829,260
2022-04-27 10:55:00+00:00,0.00046006606467769107,260
2022-04-27 11:00:00+00:00,0.00046373741303362324,260
2022-04-27 11:05:00+00:00,0.00048686381005637574,260
2022-04-27 11:10:00+00:00,0.0005017622120993737,260
2022-04-27 11:15:00+00:00,0.0005234247984432955,260
2022-04-27 11:20:00+00:00,0.0005293155349150335,260
2022-04-27 11:25:00+00:00,0.0005280263419781142,260
2022-04-27 11:30:00+00:00,0.0005680587257117112,260
2022-04-27 11:35:00+00:00,0.0006024050428393474,260
2022-04-27 11:40:00+00:00,0.0006037111538472206,260
2022-04-27 11:45:00+00:00,0.0007149139763386564,260
2022-04-27 11:50:00+00:00,0.0008152740650859337,260
2022-04-27 11:55:00+00:00,0.0009074110070783833,260
2022-04-27 12:00:00+00:00,0.0008873382002545487,260
2022-04-27 12:05:00+00:00,0.0010712781478826863,260
2022-04-27 12:10:00+00:00,0.0012939183812568113,260
2022-04-27 12:15:00+00:00,0.0015139327031387319,260
2022-04-27 12:20:00+00:00,0.001759904218283673,260
2022-04-27 12:25:00+00:00,0.0021695361882304084,260
2022-04-27 12:30:00+00:00,0.0022928909325715457,260
2022-04-27 12:35:00+00:00,0.002271581465617702,260
2022-04-27 12:40:00+00:00,0.0022844410378064874,260
2022-04-27 12:45:00+00:00,0.0022616338965700516,260
2022-04-27 12:50:00+00:00,0.0021633885673339797,260
2022-04-27 12:55:00+00:00,0.0020675245145906356,260
2022-04-27 13:00:00+00:00,0.002046811846539056,260
2022-04-27 13:05:00+00:00,0.001847453659058006,260
2022-04-27 13:10:00+00:00,0.0016306355346761812,260
2022-04-27 13:15:00+00:00,0.0013858983080744431,260
2022-04-28 04:05:00+00:00,0.0007403625504293225,260
2022-04-28 04:10:00+00:00,0.0006450937216068035,260
2022-04-28 04:15:00+00:00,0.0005808135239716485,260
2022-04-28 04:20:00+00:00,0.0006807530929008275,260
2022-04-28 04:25:00+00:00,0.0008692316017607839,260
2022-04-28 04:30:00+00:00,0.0007884719869101353,260
2022-04-28 04:35:00+00:00,0.0006746071946011598,260
2022-04-28 04:40:00+00:00,0.0006127425123725871,260
2022-04-28 04:45:00+00:00,0.0005767927884966157,260
2022-04-28 04:50:00+00:00,0.000561471434271788,260
2022-04-28 04:55:00+00:00,0.0005388250661513042,260
2022-04-28 05:00:00+00:00,0.0005271175316318048,260
2022-04-28 05:05:00+00:00,0.0005251085888874158,260
2022-04-28 05:10:00+00:00,0.0005229642808232281,260
2022-04-28 05:15:00+00:00,0.0005075344888804019,260
2022-04-28 05:20:00+00:00,0.000490365791899251,260
2022-04-28 05:25:00+00:00,0.00044785186325995856,260
2022-04-28 05:30:00+00:00,0.00042816202332030326,260
2022-04-28 05:35:00+00:00,0.0004303515167838861,260
2022-04-28 05:40:00+00:00,0.0004070826983844668,260
2022-04-28 05:45:00+00:00,0.0003845519967418209,260
2022-04-28 05:50:00+00:00,0.0003769196392099779,260
2022-04-28 05:55:00+00:00,0.0003632891834340304,260
2022-04-28 06:00:00+00:00,0.0003423175875726574,260
2022-04-28 06:05:00+00:00,0.00032656038962401897,260
2022-04-28 06:10:00+00:00,0.00031193002974252895,260
2022-04-28 06:15:00+00:00,0.0003149674941074923,260
2022-04-28 06:20:00+00:00,0.0003331733412898963,260
2022-04-28 06:25:00+00:00,0.0003473635092955407,260
2022-04-28 06:30:00+00:00,0.0003377381584073032,260
2022-04-28 06:35:00+00:00,0.0003102899888955588,260
2022-04-28 06:40:00+00:00,0.00029876371929849654,260
2022-04-28 06:45:00+00:00,0.00029289257286646157,260
2022-04-28 06:50:00+00:00,0.00028515059212398176,260
2022-04-28 06:55:00+00:00,0.0002797734758556386,260
2022-04-28 07:00:00+00:00,0.00026631451963197593,260
2022-04-28 07:05:00+00:00,0.00023739287868849873,260
2022-04-28 07:10:00+00:00,0.00021383368675888823,260
2022-04-28 07:15:00+00:00,0.00018996706104331798,260
2022-04-28 07:20:00+00:00,0.00017194604116223963,260
2022-04-28 07:25:00+00:00,0.0001630359648611242,260
2022-04-28 07:30:00+00:00,0.00014756629311889893,260
2022-04-28 07:35:00+00:00,0.00013329951915271441,260
2022-04-28 07:40:00+00:00,0.00013766480346276972,260
2022-04-28 07:45:00+00:00,0.00014451175158236923,260
2022-04-28 07:50:00+00:00,0.00015244777920556997,260
2022-04-28 07:55:00+00:00,0.0001482420656176824,260
2022-04-28 08:00:00+00:00,0.00016044203632022824,260
2022-04-28 08:05:00+00:00,0.00014546229416154282,260
2022-04-28 08:10:00+00:00,0.00013713519097085852,260
2022-04-28 08:15:00+00:00,0.00021622122276735383,260
2022-04-28 08:20:00+00:00,0.0005652100280006782,260
2022-04-28 08:25:00+00:00,0.0005795657270854116,260
2022-04-28 08:30:00+00:00,0.0007504167444130404,260
2022-04-28 08:35:00+00:00,0.0007668369013307406,260
2022-04-28 08:40:00+00:00,0.0008438592792838038,260
2022-04-28 08:45:00+00:00,0.0008899257031532531,260
2022-04-28 08:50:00+00:00,0.0008107518149860867,260
2022-04-28 08:55:00+00:00,0.000824617675251806,260
2022-04-28 09:00:00+00:00,0.0008888350745110112,260
2022-04-28 09:05:00+00:00,0.0008134515086294096,260
2022-04-28 09:10:00+00:00,0.000617909396746288,260
2022-04-28 09:15:00+00:00,0.0004901430501480892,260
2022-04-28 09:20:00+00:00,0.0008220786156965301,260
2022-04-28 09:25:00+00:00,0.0008449918135036589,260
2022-04-28 09:30:00+00:00,0.0010531644887080724,260
2022-04-28 09:35:00+00:00,0.002877993995752018,260
2022-04-28 09:40:00+00:00,0.00218870825698271,260
2022-04-28 09:45:00+00:00,0.0022325027407236967,260
2022-04-28 09:50:00+00:00,0.0022030134872691545,260
2022-04-28 09:55:00+00:00,0.002436377770461664,260
2022-04-28 10:00:00+00:00,0.0025219431931490163,260
2022-04-28 10:05:00+00:00,0.0025949770717402995,260
2022-04-28 10:10:00+00:00,0.0026096088341644183,260
2022-04-28 10:15:00+00:00,0.0022323584748534056,260
2022-04-28 10:20:00+00:00,0.0027062652380442434,260
2022-04-28 10:25:00+00:00,0.0027928045159866205,260
2022-04-28 10:30:00+00:00,0.001866439424091508,260
2022-04-28 10:35:00+00:00,0.0008885186644808848,260
2022-04-28 10:40:00+00:00,0.000506997641206967,260
2022-04-28 10:45:00+00:00,0.0005282920744263116,260
2022-04-28 10:50:00+00:00,0.0005897920009418155,260
2022-04-28 10:55:00+00:00,0.00045818252741676446,260
2022-04-28 11:00:00+00:00,0.00040422512401120866,260
2022-04-28 11:05:00+00:00,0.0003998356428888334,260
2022-04-28 11:10:00+00:00,0.0004976991563984521,260
2022-04-28 11:15:00+00:00,0.0005752190721914329,260
2022-04-28 11:20:00+00:00,0.000892142533574822,260
2022-04-28 11:25:00+00:00,0.0007370422328169027,260
2022-04-28 11:30:00+00:00,0.0011279457772339432,260
2022-04-28 11:35:00+00:00,0.001003997950043524,260
2022-04-28 11:40:00+00:00,0.0012194756640597256,260
2022-04-28 11:45:00+00:00,0.0013424940397840169,260
2022-04-28 11:50:00+00:00,0.001480818958798216,260
2022-04-28 11:55:00+00:00,0.0016063825239993623,260
2022-04-28 12:00:00+00:00,0.002159852104162117,260
2022-04-28 12:05:00+00:00,0.0019064613340878211,260
2022-04-28 12:10:00+00:00,0.0017809511036169165,260
2022-04-28 12:15:00+00:00,0.002135861863773796,260
2022-04-28 12:20:00+00:00,0.002174808255118234,260
2022-04-28 12:25:00+00:00,0.001377021451012306,260
2022-04-28 12:30:00+00:00,0.001194107000422255,260
2022-04-28 12:35:00+00:00,0.0008952709522880918,260
2022-04-28 12:40:00+00:00,0.0010341198833814943,260
2022-04-28 12:45:00+00:00,0.0007375430656060057,260
2022-04-28 12:50:00+00:00,0.0005921716214140799,260
2022-04-28 12:55:00+00:00,0.00041731917603650404,260
2022-04-28 13:00:00+00:00,0.00041288252311608083,260
2022-04-28 13:05:00+00:00,0.0001962013261743656,260
