time,score
2022-03-23 03:10:00+00:00,0.0003148502910234292
2022-03-23 03:15:00+00:00,0.00019516797396343055
2022-03-23 03:20:00+00:00,8.950123531834472e-05
2022-03-23 03:25:00+00:00,5.1278058209975833e-05
2022-03-23 03:30:00+00:00,4.565480659946916e-05
2022-03-23 03:35:00+00:00,2.9629628886429407e-05
2022-03-23 03:40:00+00:00,5.5023111873850344e-05
2022-03-23 03:45:00+00:00,6.836029440133198e-05
2022-03-23 03:50:00+00:00,7.610396970077318e-05
2022-03-23 03:55:00+00:00,8.967724473815875e-05
2022-03-23 04:00:00+00:00,0.00011907035231161591
2022-03-23 04:05:00+00:00,0.00014696627001143558
2022-03-23 04:10:00+00:00,6.911108169537517e-05
2022-03-23 04:15:00+00:00,7.335992930440863e-05
2022-03-23 04:20:00+00:00,7.466563446489237e-05
2022-03-23 04:25:00+00:00,6.600936692161967e-05
2022-03-23 04:30:00+00:00,6.028771795974408e-05
2022-03-23 04:35:00+00:00,5.643135790407663e-05
2022-03-23 04:40:00+00:00,5.493676913615485e-05
2022-03-23 04:45:00+00:00,0.00019396565429677493
2022-03-23 04:50:00+00:00,0.00021386344363153847
2022-03-23 04:55:00+00:00,0.00020226885490019566
2022-03-23 05:00:00+00:00,0.00022135273100823733
2022-03-23 05:05:00+00:00,0.00022675549460494926
2022-03-23 05:10:00+00:00,0.00021032290655356375
2022-03-23 05:15:00+00:00,4.286208973803618e-05
2022-03-23 05:20:00+00:00,6.6881158225744e-05
2022-03-23 05:25:00+00:00,3.50676932539557e-05
2022-03-23 05:30:00+00:00,5.143489792019875e-05
2022-03-23 05:35:00+00:00,2.7218931168641474e-05
2022-03-23 05:40:00+00:00,2.9764293268946232e-05
2022-03-23 05:45:00+00:00,4.014250819826216e-05
2022-03-23 05:50:00+00:00,3.328289686251229e-05
2022-03-23 05:55:00+00:00,6.330326114264336e-05
2022-03-23 06:00:00+00:00,5.380983458378015e-05
2022-03-23 06:05:00+00:00,6.471319090308472e-05
2022-03-23 06:10:00+00:00,7.033490459689105e-05
2022-03-23 06:15:00+00:00,7.012427163531727e-05
2022-03-23 06:20:00+00:00,6.175675344445548e-05
2022-03-23 06:25:00+00:00,2.9139159332414646e-05
2022-03-23 06:30:00+00:00,2.2970212982052762e-05
2022-03-23 06:35:00+00:00,2.6310752698022248e-05
2022-03-23 06:40:00+00:00,2.5272777069398558e-05
2022-03-23 06:45:00+00:00,2.235424031566673e-05
2022-03-23 06:50:00+00:00,2.0078238910938477e-05
2022-03-23 06:55:00+00:00,6.069389443988102e-05
2022-03-23 07:00:00+00:00,7.037697176018642e-05
2022-03-23 07:05:00+00:00,7.816243287705208e-05
2022-03-23 07:10:00+00:00,6.036357925270014e-05
2022-03-23 07:15:00+00:00,6.24973976840832e-05
2022-03-23 07:20:00+00:00,4.9369511932796286e-05
2022-03-23 07:25:00+00:00,2.2817800801946732e-05
2022-03-23 07:30:00+00:00,0.0004892868839728534
2022-03-23 07:35:00+00:00,4.343837758058046e-05
2022-03-23 07:40:00+00:00,0.0001360866415263726
2022-03-23 07:45:00+00:00,0.0017413006369761432
2022-03-23 07:50:00+00:00,0.0002588028418530408
2022-03-23 07:55:00+00:00,0.0004384523368325358
2022-03-23 08:00:00+00:00,0.0005270481672698154
2022-03-23 08:05:00+00:00,0.001238946986518509
2022-03-23 08:10:00+00:00,0.0015385502799791476
2022-03-23 08:15:00+00:00,0.00045778087125982906
2022-03-23 08:20:00+00:00,0.00031175076697625395
2022-03-23 08:25:00+00:00,0.0002016707151483326
2022-03-23 08:30:00+00:00,0.0006034496379159588
2022-03-23 08:35:00+00:00,0.0002450066194268962
2022-03-23 08:40:00+00:00,0.0001095083949770867
2022-03-23 08:45:00+00:00,0.0001115810368612823
2022-03-23 08:50:00+00:00,0.00015144070929607538
2022-03-23 08:55:00+00:00,0.00015447402187874907
2022-03-23 09:00:00+00:00,0.00013061598667510514
2022-03-23 09:05:00+00:00,0.00011891396454263354
2022-03-23 09:10:00+00:00,8.836589520368028e-05
2022-03-23 09:15:00+00:00,4.246840451502404e-05
2022-03-23 09:20:00+00:00,3.7584058781556145e-05
2022-03-23 09:25:00+00:00,5.291930607070908e-05
2022-03-23 09:30:00+00:00,6.391632987926285e-05
2022-03-23 09:35:00+00:00,7.119790096172983e-05
2022-03-23 09:40:00+00:00,8.69214420497043e-05
2022-03-23 09:45:00+00:00,0.0001588748703913336
2022-03-23 09:50:00+00:00,0.00020853366607334273
2022-03-23 09:55:00+00:00,0.00015234054557653558
2022-03-23 10:00:00+00:00,0.00015636225082048562
2022-03-23 10:05:00+00:00,0.0001350912867061808
2022-03-23 10:10:00+00:00,8.65517516792469e-05
2022-03-23 10:15:00+00:00,0.00010949407732175881
2022-03-23 10:20:00+00:00,0.00010084404343232409
2022-03-23 10:25:00+00:00,0.00010409807687068966
2022-03-23 10:30:00+00:00,0.00013756978095103215
2022-03-23 10:35:00+00:00,0.00015333572793426858
2022-03-23 10:40:00+00:00,0.0001265692513760233
2022-03-23 10:45:00+00:00,9.983027353851429e-05
2022-03-23 10:50:00+00:00,0.00013962549989309365
2022-03-23 10:55:00+00:00,0.00014044171462982997
2022-03-23 11:00:00+00:00,0.00012396965887139552
2022-03-23 11:05:00+00:00,0.00012955338869161847
2022-03-23 11:10:00+00:00,0.00016190495561283917
2022-03-23 11:15:00+00:00,0.00017962714314305169
2022-03-23 11:20:00+00:00,0.00018500255748719123
2022-03-23 11:25:00+00:00,0.00024884309467451476
2022-03-23 11:30:00+00:00,0.0002198536677027555
2022-03-23 11:35:00+00:00,0.0002412270340208988
2022-03-23 11:40:00+00:00,0.00024824641228967336
2022-03-23 11:45:00+00:00,0.00026374996543468253
2022-03-23 11:50:00+00:00,0.0002565705805125057
2022-03-23 11:55:00+00:00,0.0003217810050508978
2022-03-23 12:00:00+00:00,0.0002990835112386543
2022-03-23 12:05:00+00:00,0.00029748125070319
2022-03-23 12:10:00+00:00,0.00029991373041460636
2022-03-23 12:15:00+00:00,0.0002805208787039084
2022-03-23 12:20:00+00:00,0.00025933977334805305
2022-03-23 12:25:00+00:00,0.00017777557019580358
2022-03-23 12:30:00+00:00,0.0002125490922406592
2022-03-23 12:35:00+00:00,0.00014144699448228836
2022-03-23 12:40:00+00:00,0.00013955285052356817
2022-03-23 12:45:00+00:00,0.00013571251845518424
2022-03-23 12:50:00+00:00,0.00013083810513690042
2022-03-23 12:55:00+00:00,0.00012496863026771786
2022-03-23 13:00:00+00:00,0.0001297121652696768
2022-03-23 13:05:00+00:00,0.00014011229650831068
2022-03-23 13:10:00+00:00,0.0001598007083384549
2022-03-23 13:15:00+00:00,0.00017146503188211927
2022-03-23 13:20:00+00:00,0.00021047061511296508
2022-03-24 03:10:00+00:00,0.00037602426380562424
2022-03-24 03:15:00+00:00,0.00016982229909234584
2022-03-24 03:20:00+00:00,7.827348764878752e-05
2022-03-24 03:25:00+00:00,6.041006803653582e-05
2022-03-24 03:30:00+00:00,4.621384447272585e-05
2022-03-24 03:35:00+00:00,2.5051813429241178e-05
2022-03-24 03:40:00+00:00,2.5200899613030126e-05
2022-03-24 03:45:00+00:00,2.4460169996987234e-05
2022-03-24 03:50:00+00:00,2.4304945642834386e-05
2022-03-24 03:55:00+00:00,1.8234509328609306e-05
2022-03-24 04:00:00+00:00,2.050758785692705e-05
2022-03-24 04:05:00+00:00,1.8784109014131843e-05
2022-03-24 04:10:00+00:00,1.9513646571194423e-05
2022-03-24 04:15:00+00:00,2.1898854711460935e-05
2022-03-24 04:20:00+00:00,2.4822548373909518e-05
2022-03-24 04:25:00+00:00,2.4054806516433015e-05
2022-03-24 04:30:00+00:00,2.488349897984474e-05
2022-03-24 04:35:00+00:00,3.237527184277245e-05
2022-03-24 04:40:00+00:00,4.196687873570516e-05
2022-03-24 04:45:00+00:00,4.117344994178728e-05
2022-03-24 04:50:00+00:00,3.154289964869223e-05
2022-03-24 04:55:00+00:00,3.403046399734594e-05
2022-03-24 05:00:00+00:00,3.734920261063424e-05
2022-03-24 05:05:00+00:00,3.7743146435559677e-05
2022-03-24 05:10:00+00:00,2.7220638935127446e-05
2022-03-24 05:15:00+00:00,3.58289752582666e-05
2022-03-24 05:20:00+00:00,4.3540319435762665e-05
2022-03-24 05:25:00+00:00,4.587697515642829e-05
2022-03-24 05:30:00+00:00,3.143012348760504e-05
2022-03-24 05:35:00+00:00,2.8354914025527943e-05
2022-03-24 05:40:00+00:00,3.08391839714822e-05
2022-03-24 05:45:00+00:00,5.8312958702023245e-05
2022-03-24 05:50:00+00:00,8.228893441770823e-05
2022-03-24 05:55:00+00:00,6.380657333970435e-05
2022-03-24 06:00:00+00:00,3.80960549504295e-05
2022-03-24 06:05:00+00:00,2.950450733305064e-05
2022-03-24 06:10:00+00:00,4.519314621360511e-05
2022-03-24 06:15:00+00:00,6.590383999479747e-05
2022-03-24 06:20:00+00:00,7.181111593907498e-05
2022-03-24 06:25:00+00:00,6.673581195473277e-05
2022-03-24 06:30:00+00:00,5.552657554197756e-05
2022-03-24 06:35:00+00:00,5.937952807291138e-05
2022-03-24 06:40:00+00:00,6.136220519465447e-05
2022-03-24 06:45:00+00:00,6.763125084239879e-05
2022-03-24 06:50:00+00:00,5.1611407618162576e-05
2022-03-24 06:55:00+00:00,3.778663667697207e-05
2022-03-24 07:00:00+00:00,3.679849429463829e-05
2022-03-24 07:05:00+00:00,3.7837011565894215e-05
2022-03-24 07:10:00+00:00,4.443036589237352e-05
2022-03-24 07:15:00+00:00,3.949647073516358e-05
2022-03-24 07:20:00+00:00,4.3597339402389985e-05
2022-03-24 07:25:00+00:00,5.1917404057073246e-05
2022-03-24 07:30:00+00:00,4.517178530629592e-05
2022-03-24 07:35:00+00:00,4.113834490178235e-05
2022-03-24 07:40:00+00:00,3.366800828951307e-05
2022-03-24 07:45:00+00:00,3.2925803476793095e-05
2022-03-24 07:50:00+00:00,3.504781170270949e-05
2022-03-24 07:55:00+00:00,3.6104366726262034e-05
2022-03-24 08:00:00+00:00,3.958286157791687e-05
2022-03-24 08:05:00+00:00,3.868789949439358e-05
2022-03-24 08:10:00+00:00,4.434533745032557e-05
2022-03-24 08:15:00+00:00,5.9820051623674905e-05
2022-03-24 08:20:00+00:00,6.087663798897891e-05
2022-03-24 08:25:00+00:00,6.361769207090006e-05
2022-03-24 08:30:00+00:00,7.622217396727611e-05
2022-03-24 08:35:00+00:00,8.367569423098691e-05
2022-03-24 08:40:00+00:00,9.029302319927477e-05
2022-03-24 08:45:00+00:00,7.752385838464122e-05
2022-03-24 08:50:00+00:00,8.937552607987246e-05
2022-03-24 08:55:00+00:00,0.00010065735023163904
2022-03-24 09:00:00+00:00,0.00010993590622840224
2022-03-24 09:05:00+00:00,0.00011868618042232786
2022-03-24 09:10:00+00:00,0.00012140767292027297
2022-03-24 09:15:00+00:00,0.00016947300455158928
2022-03-24 09:20:00+00:00,0.00013202882389532598
2022-03-24 09:25:00+00:00,0.000166460312425136
2022-03-24 09:30:00+00:00,0.00012222010474924642
2022-03-24 09:35:00+00:00,0.0001247853232211885
2022-03-24 09:40:00+00:00,0.00011749713636749626
2022-03-24 09:45:00+00:00,0.0001310691028596627
2022-03-24 09:50:00+00:00,0.00012704172669685367
2022-03-24 09:55:00+00:00,0.00011691516761614563
2022-03-24 10:00:00+00:00,0.00011045779791112071
2022-03-24 10:05:00+00:00,0.00012259476371828874
2022-03-24 10:10:00+00:00,0.00013058561455097154
2022-03-24 10:15:00+00:00,0.00012917517041015033
2022-03-24 10:20:00+00:00,0.00012280863846954052
2022-03-24 10:25:00+00:00,0.00012124727919885406
2022-03-24 10:30:00+00:00,0.00011922799327706092
2022-03-24 10:35:00+00:00,0.00010885865110214424
2022-03-24 10:40:00+00:00,0.0001006686585574488
2022-03-24 10:45:00+00:00,9.356982199360258e-05
2022-03-24 10:50:00+00:00,8.445853311371995e-05
2022-03-24 10:55:00+00:00,7.473332130959066e-05
2022-03-24 11:00:00+00:00,6.230207249661063e-05
2022-03-24 11:05:00+00:00,5.172757055135748e-05
2022-03-24 11:10:00+00:00,3.360463894145978e-05
2022-03-24 11:15:00+00:00,1.1135426364071394e-05
2022-03-24 11:20:00+00:00,1.4525954631072577e-05
2022-03-24 11:25:00+00:00,1.8857635327037903e-05
2022-03-24 11:30:00+00:00,1.3727826882810986e-05
2022-03-24 11:35:00+00:00,1.3734282330867716e-05
2022-03-24 11:40:00+00:00,4.1319824411447693e-05
2022-03-24 11:45:00+00:00,5.359175385987221e-05
2022-03-24 11:50:00+00:00,9.49067635280934e-05
2022-03-24 11:55:00+00:00,8.359253035215763e-05
2022-03-24 12:00:00+00:00,6.889512483014698e-05
2022-03-24 12:05:00+00:00,6.27331582626128e-05
2022-03-24 12:10:00+00:00,4.39319329936625e-05
2022-03-24 12:15:00+00:00,3.7505459405742344e-05
2022-03-24 12:20:00+00:00,3.282449246113352e-05
2022-03-24 12:25:00+00:00,4.092351435906663e-05
2022-03-24 12:30:00+00:00,5.6891027218337686e-05
2022-03-24 12:35:00+00:00,3.565071656524019e-05
2022-03-24 12:40:00+00:00,4.1910941595796034e-05
2022-03-24 12:45:00+00:00,7.04731226021825e-05
2022-03-24 12:50:00+00:00,8.047069147219425e-05
2022-03-24 12:55:00+00:00,7.33736521637914e-05
2022-03-24 13:00:00+00:00,6.761852568838384e-05
2022-03-24 13:05:00+00:00,5.1170049056732824e-05
2022-03-24 13:10:00+00:00,4.668438240505921e-05
2022-03-24 13:15:00+00:00,4.005512015528158e-05
2022-03-24 13:20:00+00:00,3.0938902517178885e-05
2022-03-24 13:25:00+00:00,2.8815195265709178e-05
2022-03-24 13:30:00+00:00,2.1814226956169432e-05
2022-03-24 13:35:00+00:00,2.4570917950323e-05
2022-03-24 13:40:00+00:00,3.11265764907749e-05
2022-03-24 13:45:00+00:00,5.496576158977201e-05
2022-03-25 03:10:00+00:00,0.00042107034947785817
2022-03-25 03:15:00+00:00,0.0002517501923478499
2022-03-25 03:20:00+00:00,7.44951725546264e-05
2022-03-25 03:25:00+00:00,4.606057013937156e-05
2022-03-25 03:30:00+00:00,3.455059234234578e-05
2022-03-25 03:35:00+00:00,2.701799127890365e-05
2022-03-25 03:40:00+00:00,2.6771413559447367e-05
2022-03-25 03:45:00+00:00,3.239947518259631e-05
2022-03-25 03:50:00+00:00,3.4480715365404577e-05
2022-03-25 03:55:00+00:00,3.2732200036687475e-05
2022-03-25 04:00:00+00:00,3.07950020876383e-05
2022-03-25 04:05:00+00:00,2.9627834946219754e-05
2022-03-25 04:10:00+00:00,2.9459089397295837e-05
2022-03-25 04:15:00+00:00,2.3717679960002894e-05
2022-03-25 04:20:00+00:00,1.4250281367449682e-05
2022-03-25 04:25:00+00:00,1.1183299205494063e-05
2022-03-25 04:30:00+00:00,9.561931264004212e-06
2022-03-25 04:35:00+00:00,1.1180771484932566e-05
2022-03-25 04:40:00+00:00,1.0712220103020752e-05
2022-03-25 04:45:00+00:00,1.1360268324870735e-05
2022-03-25 04:50:00+00:00,1.0669531951675824e-05
2022-03-25 04:55:00+00:00,1.190354901051574e-05
2022-03-25 05:00:00+00:00,1.354075934025573e-05
2022-03-25 05:05:00+00:00,1.9585598973484503e-05
2022-03-25 05:10:00+00:00,1.8996946401783638e-05
2022-03-25 05:15:00+00:00,2.102437040753738e-05
2022-03-25 05:20:00+00:00,1.972811847505875e-05
2022-03-25 05:25:00+00:00,3.1653817102506015e-05
2022-03-25 05:30:00+00:00,3.2361007638944996e-05
2022-03-25 05:35:00+00:00,2.220065241174329e-05
2022-03-25 05:40:00+00:00,1.7505008234867953e-05
2022-03-25 05:45:00+00:00,1.8203065034828947e-05
2022-03-25 05:50:00+00:00,1.46663843244683e-05
2022-03-25 05:55:00+00:00,1.854637922826252e-05
2022-03-25 06:00:00+00:00,1.8840414085105322e-05
2022-03-25 06:05:00+00:00,1.5386841150260672e-05
2022-03-25 06:10:00+00:00,1.7711783163676705e-05
2022-03-25 06:15:00+00:00,0.00018924468662050387
2022-03-25 06:20:00+00:00,0.0005385908032107321
2022-03-25 06:25:00+00:00,0.001025180888846316
2022-03-25 06:30:00+00:00,0.0018160650236008827
2022-03-25 06:35:00+00:00,0.002659744879919408
2022-03-25 06:40:00+00:00,0.003859560072013226
2022-03-25 06:45:00+00:00,0.004348598259667131
2022-03-25 06:50:00+00:00,0.004088229532806622
2022-03-25 06:55:00+00:00,0.004027610431215848
2022-03-25 07:00:00+00:00,0.0036534901746423216
2022-03-25 07:05:00+00:00,0.0036681244097470384
2022-03-25 07:10:00+00:00,0.003199797667383931
2022-03-25 07:15:00+00:00,0.002721352043595372
2022-03-25 07:20:00+00:00,0.002539136176468313
2022-03-25 07:25:00+00:00,0.0023455131033120703
2022-03-25 07:30:00+00:00,0.002297591386185575
2022-03-25 07:35:00+00:00,0.0023943789792039536
2022-03-25 07:40:00+00:00,0.002315833194493017
2022-03-25 07:45:00+00:00,0.00256548113026624
2022-03-25 07:50:00+00:00,0.0032382096861077016
2022-03-25 07:55:00+00:00,0.003687925344449903
2022-03-25 08:00:00+00:00,0.0028941522090760166
2022-03-25 08:05:00+00:00,0.0024244517617189863
2022-03-25 08:10:00+00:00,0.0021754137069966172
2022-03-25 08:15:00+00:00,0.0033133560192793567
2022-03-25 08:20:00+00:00,0.002448806419928248
2022-03-25 08:25:00+00:00,0.0026788912149966616
2022-03-25 08:30:00+00:00,0.0017198881808771172
2022-03-25 08:35:00+00:00,0.0021405105504845373
2022-03-25 08:40:00+00:00,0.0018113590888332563
2022-03-25 08:45:00+00:00,0.0015588081512274486
2022-03-25 08:50:00+00:00,0.0019478914778549954
2022-03-25 08:55:00+00:00,0.002088810099631356
2022-03-25 09:00:00+00:00,0.002480052384487883
2022-03-25 09:05:00+00:00,0.0028544720636579485
2022-03-25 09:10:00+00:00,0.0025224352790111483
2022-03-25 09:15:00+00:00,0.0012583950181427911
2022-03-25 09:20:00+00:00,0.00095162668785653
2022-03-25 09:25:00+00:00,0.0006283517027633936
2022-03-25 09:30:00+00:00,0.0006876078215816742
2022-03-25 09:35:00+00:00,0.0005989296899502504
2022-03-25 09:40:00+00:00,0.0010167356060167025
2022-03-25 09:45:00+00:00,0.0015486134309978558
2022-03-25 09:50:00+00:00,0.001143208872807061
2022-03-25 09:55:00+00:00,0.0005950538221793277
2022-03-25 10:00:00+00:00,0.00028536434955404497
2022-03-25 10:05:00+00:00,0.00015853549205048362
2022-03-25 10:10:00+00:00,6.222868242443573e-05
2022-03-25 10:15:00+00:00,6.081292537260772e-05
2022-03-25 10:20:00+00:00,6.0698421309112333e-05
2022-03-25 10:25:00+00:00,7.10160253786676e-05
2022-03-25 10:30:00+00:00,5.684929892511476e-05
2022-03-25 10:35:00+00:00,5.061055736010961e-05
2022-03-25 10:40:00+00:00,4.7947052335267834e-05
2022-03-25 10:45:00+00:00,4.3746075106524343e-05
2022-03-25 10:50:00+00:00,5.232053554678849e-05
2022-03-25 10:55:00+00:00,5.6105188557671036e-05
2022-03-25 11:00:00+00:00,5.444419491667101e-05
2022-03-25 11:05:00+00:00,5.840518706991093e-05
2022-03-25 11:10:00+00:00,6.129105725134787e-05
2022-03-25 11:15:00+00:00,4.327941520159802e-05
2022-03-25 11:20:00+00:00,3.8768076866180195e-05
2022-03-25 11:25:00+00:00,4.104029911671146e-05
2022-03-25 11:30:00+00:00,4.866819576036712e-05
2022-03-25 11:35:00+00:00,4.8795025293536826e-05
2022-03-25 11:40:00+00:00,5.673935657245472e-05
2022-03-25 11:45:00+00:00,4.533865974066595e-05
2022-03-25 11:50:00+00:00,4.3163355190349565e-05
2022-03-25 11:55:00+00:00,4.6197788750473916e-05
2022-03-25 12:00:00+00:00,5.362192152788751e-05
2022-03-25 12:05:00+00:00,5.4553324769992086e-05
2022-03-25 12:10:00+00:00,5.0321943565848835e-05
2022-03-25 12:15:00+00:00,6.005583997368907e-05
2022-03-25 12:20:00+00:00,6.297685494433577e-05
2022-03-25 12:25:00+00:00,6.915985200855497e-05
2022-03-25 12:30:00+00:00,4.7770631275195324e-05
2022-03-25 12:35:00+00:00,5.768470868325184e-05
2022-03-25 12:40:00+00:00,5.2582963245563843e-05
2022-03-25 12:45:00+00:00,4.624403184534257e-05
2022-03-25 12:50:00+00:00,4.0665025266086564e-05
2022-03-25 12:55:00+00:00,3.774553542202388e-05
2022-03-25 13:00:00+00:00,5.20806798133219e-05
2022-03-25 13:05:00+00:00,6.044955205739943e-05
2022-03-25 13:10:00+00:00,5.905604794821769e-05
2022-03-26 03:10:00+00:00,0.000720848474331379
2022-03-26 03:15:00+00:00,0.00025114461820413065
2022-03-26 03:20:00+00:00,0.0001607068905728435
2022-03-26 03:25:00+00:00,0.0001221769970754193
2022-03-26 03:30:00+00:00,0.00010689492184559973
2022-03-26 03:35:00+00:00,3.599641036267631e-05
2022-03-26 03:40:00+00:00,2.3968805237448997e-05
2022-03-26 03:45:00+00:00,2.5025553829766704e-05
2022-03-26 03:50:00+00:00,2.1365687237366654e-05
2022-03-26 03:55:00+00:00,1.8415240328918823e-05
2022-03-26 04:00:00+00:00,1.8226871179295767e-05
2022-03-26 04:05:00+00:00,2.061360476042346e-05
2022-03-26 04:10:00+00:00,2.0499193708565977e-05
2022-03-26 04:15:00+00:00,1.7569438310884198e-05
2022-03-26 04:20:00+00:00,1.64803828051401e-05
2022-03-26 04:25:00+00:00,1.666945428462754e-05
2022-03-26 04:30:00+00:00,1.6501286969188806e-05
2022-03-26 04:35:00+00:00,1.3423316181519438e-05
2022-03-26 04:40:00+00:00,1.5873719246175373e-05
2022-03-26 04:45:00+00:00,1.8427210454695434e-05
2022-03-26 04:50:00+00:00,1.707473894328772e-05
2022-03-26 04:55:00+00:00,1.5053123255123984e-05
2022-03-26 05:00:00+00:00,1.4513910548139004e-05
2022-03-26 05:05:00+00:00,1.7462544709824768e-05
2022-03-26 05:10:00+00:00,2.140062151257222e-05
2022-03-26 05:15:00+00:00,1.8201799497919607e-05
2022-03-26 05:20:00+00:00,2.2211227692619094e-05
2022-03-26 05:25:00+00:00,2.7278335301964476e-05
2022-03-26 05:30:00+00:00,3.660529421955863e-05
2022-03-26 05:35:00+00:00,3.9514522873722253e-05
2022-03-26 05:40:00+00:00,2.657999135741651e-05
2022-03-26 05:45:00+00:00,1.660773358134001e-05
2022-03-26 05:50:00+00:00,1.5003297208180384e-05
2022-03-26 05:55:00+00:00,2.4537598618034115e-05
2022-03-26 06:00:00+00:00,2.4749767491318603e-05
2022-03-26 06:05:00+00:00,1.9302180502539204e-05
2022-03-26 06:10:00+00:00,1.591421421086414e-05
2022-03-26 06:15:00+00:00,2.829372307879782e-05
2022-03-26 06:20:00+00:00,5.262620131455268e-05
2022-03-26 06:25:00+00:00,6.000350414334157e-05
2022-03-26 06:30:00+00:00,5.184628405802391e-05
2022-03-26 06:35:00+00:00,4.391489066736187e-05
2022-03-26 06:40:00+00:00,4.560854904593032e-05
2022-03-26 06:45:00+00:00,5.1253326306379424e-05
2022-03-26 06:50:00+00:00,5.0046017861484544e-05
2022-03-26 06:55:00+00:00,4.2653022845940505e-05
2022-03-26 07:00:00+00:00,3.659933403929406e-05
2022-03-26 07:05:00+00:00,3.562620584870992e-05
2022-03-26 07:10:00+00:00,3.9731758646916165e-05
2022-03-26 07:15:00+00:00,3.707622647127572e-05
2022-03-26 07:20:00+00:00,3.8975297789868175e-05
2022-03-26 07:25:00+00:00,4.470911105600869e-05
2022-03-26 07:30:00+00:00,4.6489120674924936e-05
2022-03-26 07:35:00+00:00,4.218938796286352e-05
2022-03-26 07:40:00+00:00,4.297754432286705e-05
2022-03-26 07:45:00+00:00,3.506295885692208e-05
2022-03-26 07:50:00+00:00,3.578610407743589e-05
2022-03-26 07:55:00+00:00,3.574704694194971e-05
2022-03-26 08:00:00+00:00,2.9502566015567203e-05
2022-03-26 08:05:00+00:00,2.4408506922367483e-05
2022-03-26 08:10:00+00:00,4.345236502300618e-05
2022-03-26 08:15:00+00:00,2.86591297233932e-05
2022-03-26 08:20:00+00:00,3.799869550647628e-05
2022-03-26 08:25:00+00:00,3.367032471552443e-05
2022-03-26 08:30:00+00:00,3.614153104462244e-05
2022-03-26 08:35:00+00:00,3.466408305933252e-05
2022-03-26 08:40:00+00:00,2.452616364390994e-05
2022-03-26 08:45:00+00:00,2.586097024759091e-05
2022-03-26 08:50:00+00:00,3.329852496692902e-05
2022-03-26 08:55:00+00:00,4.5083691547647294e-05
2022-03-26 09:00:00+00:00,3.780474060880575e-05
2022-03-26 09:05:00+00:00,5.296467895115645e-05
2022-03-26 09:10:00+00:00,8.774286010346518e-05
2022-03-26 09:15:00+00:00,6.287547204867182e-05
2022-03-26 09:20:00+00:00,3.707240467834136e-05
2022-03-26 09:25:00+00:00,2.9569899873771765e-05
2022-03-26 09:30:00+00:00,3.759490064818962e-05
2022-03-26 09:35:00+00:00,6.828631221581e-05
2022-03-26 09:40:00+00:00,7.231391999937602e-05
2022-03-26 09:45:00+00:00,5.0832759783541363e-05
2022-03-26 09:50:00+00:00,2.9612572185509518e-05
2022-03-26 09:55:00+00:00,2.8813303062773357e-05
2022-03-26 10:00:00+00:00,2.767462782313315e-05
2022-03-26 10:05:00+00:00,2.8348231360568643e-05
2022-03-26 10:10:00+00:00,2.510255088422129e-05
2022-03-26 10:15:00+00:00,2.859992485029689e-05
2022-03-26 10:20:00+00:00,2.8646194484633378e-05
2022-03-26 10:25:00+00:00,3.578105599719366e-05
2022-03-26 10:30:00+00:00,4.274868206478289e-05
2022-03-26 10:35:00+00:00,3.0361324861106233e-05
2022-03-26 10:40:00+00:00,4.0153748953212816e-05
2022-03-26 10:45:00+00:00,2.633101711075162e-05
2022-03-26 10:50:00+00:00,4.7630309256614494e-05
2022-03-26 10:55:00+00:00,4.361387574866965e-05
2022-03-26 11:00:00+00:00,2.7974722245843204e-05
2022-03-26 11:05:00+00:00,4.005066515748377e-05
2022-03-26 11:10:00+00:00,3.758476067582521e-05
2022-03-26 11:15:00+00:00,4.264234756264277e-05
2022-03-26 11:20:00+00:00,7.039223670872037e-05
2022-03-26 11:25:00+00:00,8.016720321290417e-05
2022-03-26 11:30:00+00:00,0.00011290204847699921
2022-03-26 11:35:00+00:00,5.9946665902920856e-05
2022-03-26 11:40:00+00:00,4.3353572900984915e-05
2022-03-26 11:45:00+00:00,4.027262288773503e-05
2022-03-26 11:50:00+00:00,6.84645262156339e-05
2022-03-26 11:55:00+00:00,6.858965765927489e-05
2022-03-26 12:00:00+00:00,0.00020666139177191896
2022-03-26 12:05:00+00:00,0.00022010936030892532
2022-03-26 12:10:00+00:00,0.00023064512930231438
2022-03-26 12:15:00+00:00,0.00019628054454049658
2022-03-26 12:20:00+00:00,0.00021307797852511735
2022-03-26 12:25:00+00:00,0.00021496373925611523
2022-03-26 12:30:00+00:00,0.00010795356060334878
2022-03-26 12:35:00+00:00,8.232024829447405e-05
2022-03-26 12:40:00+00:00,4.364960207411979e-05
2022-03-26 12:45:00+00:00,3.7279409321405336e-05
2022-03-26 12:50:00+00:00,2.0836763363613154e-05
2022-03-26 12:55:00+00:00,2.4692608687568078e-05
2022-03-26 13:00:00+00:00,3.0389202785088942e-05
2022-03-26 13:05:00+00:00,4.6669586648005195e-05
2022-03-26 13:10:00+00:00,3.120841448763142e-05
2022-03-26 13:15:00+00:00,2.986571129194734e-05
2022-03-26 13:20:00+00:00,4.682972896186881e-05
2022-03-27 04:00:00+00:00,3.4591510757177405e-05
2022-03-27 04:05:00+00:00,4.7665297148357446e-05
2022-03-27 04:10:00+00:00,2.6228415873084522e-05
2022-03-27 04:15:00+00:00,2.6419046833572985e-05
2022-03-27 04:20:00+00:00,1.9377843660973074e-05
2022-03-27 04:25:00+00:00,1.2729156365476488e-05
2022-03-27 04:30:00+00:00,1.6077136934883983e-05
2022-03-27 04:35:00+00:00,1.931805457323574e-05
2022-03-27 04:40:00+00:00,1.910545172333089e-05
2022-03-27 04:45:00+00:00,2.202487809000056e-05
2022-03-27 04:50:00+00:00,2.6849694536772834e-05
2022-03-27 04:55:00+00:00,3.046989690031256e-05
2022-03-27 05:00:00+00:00,3.117798560178722e-05
2022-03-27 05:05:00+00:00,3.408729182676767e-05
2022-03-27 05:10:00+00:00,3.3000106185517636e-05
2022-03-27 05:15:00+00:00,3.9981476406579986e-05
2022-03-27 05:20:00+00:00,3.198689477937162e-05
2022-03-27 05:25:00+00:00,4.5261094137479203e-05
2022-03-27 05:30:00+00:00,5.088063785038798e-05
2022-03-27 05:35:00+00:00,5.662944151313741e-05
2022-03-27 05:40:00+00:00,9.226416123898485e-05
2022-03-27 05:45:00+00:00,8.76154652474455e-05
2022-03-27 05:50:00+00:00,5.03799972934124e-05
2022-03-27 05:55:00+00:00,4.5197408465984914e-05
2022-03-27 06:00:00+00:00,5.394913418894064e-05
2022-03-27 06:05:00+00:00,5.457301942045262e-05
2022-03-27 06:10:00+00:00,5.278015402502985e-05
2022-03-27 06:15:00+00:00,8.35581139029088e-05
2022-03-27 06:20:00+00:00,0.00012019554819542782
2022-03-27 06:25:00+00:00,0.00016713754662255317
2022-03-27 06:30:00+00:00,0.0001617794146470276
2022-03-27 06:35:00+00:00,0.0002189159413547622
2022-03-27 06:40:00+00:00,0.00016092308743904674
2022-03-27 06:45:00+00:00,0.0008399643490625835
2022-03-27 06:50:00+00:00,0.00013723604000267562
2022-03-27 06:55:00+00:00,9.626153341209609e-05
2022-03-27 07:00:00+00:00,7.567179082108493e-05
2022-03-27 07:05:00+00:00,6.664839076689453e-05
2022-03-27 07:10:00+00:00,6.719794598668834e-05
2022-03-27 07:15:00+00:00,6.149514400100706e-05
2022-03-27 07:20:00+00:00,3.441744062900704e-05
2022-03-27 07:25:00+00:00,4.42569745311898e-05
2022-03-27 07:30:00+00:00,3.1560603982793144e-05
2022-03-27 07:35:00+00:00,2.7213953012353934e-05
2022-03-27 07:40:00+00:00,2.726726212087452e-05
2022-03-27 07:45:00+00:00,1.786486024547174e-05
2022-03-27 07:50:00+00:00,2.1039479098500858e-05
2022-03-27 07:55:00+00:00,2.7595050990733038e-05
2022-03-27 08:00:00+00:00,3.3825143349494976e-05
2022-03-27 08:05:00+00:00,3.983490088940566e-05
2022-03-27 08:10:00+00:00,3.080404719104311e-05
2022-03-27 08:15:00+00:00,2.2914970816580163e-05
2022-03-27 08:20:00+00:00,1.8146802759197053e-05
2022-03-27 08:25:00+00:00,2.474427163141023e-05
2022-03-27 08:30:00+00:00,2.6810132599694157e-05
2022-03-27 08:35:00+00:00,1.707402895910942e-05
2022-03-27 08:40:00+00:00,2.051863936277631e-05
2022-03-27 08:45:00+00:00,0.0001485691206489064
2022-03-27 08:50:00+00:00,8.633082237046434e-05
2022-03-27 08:55:00+00:00,0.00011112760417650705
2022-03-27 09:00:00+00:00,0.00010464408924132239
2022-03-27 09:05:00+00:00,0.00012815964129348086
2022-03-27 09:10:00+00:00,0.00010040443263430437
2022-03-27 09:15:00+00:00,0.00013718483423644923
2022-03-27 09:20:00+00:00,9.670530499493879e-05
2022-03-27 09:25:00+00:00,0.00013687934921805008
2022-03-27 09:30:00+00:00,0.00011436959308630853
2022-03-27 09:35:00+00:00,9.238399477036577e-05
2022-03-27 09:40:00+00:00,6.661560129100837e-05
2022-03-27 09:45:00+00:00,4.7844528051239065e-05
2022-03-27 09:50:00+00:00,3.1113015849343077e-05
2022-03-27 09:55:00+00:00,1.5147187442211208e-05
2022-03-27 10:00:00+00:00,1.723041001501438e-05
2022-03-27 10:05:00+00:00,1.7589910114041785e-05
2022-03-27 10:10:00+00:00,2.457662110585386e-05
2022-03-27 10:15:00+00:00,2.6455302673069764e-05
2022-03-27 10:20:00+00:00,2.9582197931633776e-05
2022-03-27 10:25:00+00:00,3.148317431467676e-05
2022-03-27 10:30:00+00:00,4.348202801170669e-05
2022-03-27 10:35:00+00:00,4.664556769827178e-05
2022-03-27 10:40:00+00:00,3.925612104037651e-05
2022-03-27 10:45:00+00:00,4.2395537840227456e-05
2022-03-27 10:50:00+00:00,4.0937514718340396e-05
2022-03-27 10:55:00+00:00,4.217007176212182e-05
2022-03-27 11:00:00+00:00,3.1664218390894575e-05
2022-03-27 11:05:00+00:00,3.377853509609389e-05
2022-03-27 11:10:00+00:00,2.914913442930485e-05
2022-03-27 11:15:00+00:00,4.1029837019223046e-05
2022-03-27 11:20:00+00:00,3.161807056223227e-05
2022-03-27 11:25:00+00:00,2.4781696320001403e-05
2022-03-27 11:30:00+00:00,4.9567110655128704e-05
2022-03-27 11:35:00+00:00,4.3278485085435126e-05
2022-03-27 11:40:00+00:00,3.547502574739474e-05
2022-03-27 11:45:00+00:00,3.415998294270607e-05
2022-03-27 11:50:00+00:00,3.6749086987360474e-05
2022-03-27 11:55:00+00:00,4.169008651350008e-05
2022-03-27 12:00:00+00:00,1.531942515259476e-05
2022-03-27 12:05:00+00:00,1.2515939987813157e-05
2022-03-27 12:10:00+00:00,1.6944314530157693e-05
2022-03-27 12:15:00+00:00,1.585830280602821e-05
2022-03-27 12:20:00+00:00,2.356813028453063e-05
2022-03-27 12:25:00+00:00,3.7889690518747104e-05
2022-03-27 12:30:00+00:00,2.3283484642742225e-05
2022-03-27 12:35:00+00:00,4.300820527890084e-05
2022-03-27 12:40:00+00:00,7.87307853076258e-05
2022-03-27 12:45:00+00:00,8.508540349527067e-05
2022-03-27 12:50:00+00:00,5.475162370087166e-05
2022-03-27 12:55:00+00:00,4.51496898912581e-05
2022-03-27 13:00:00+00:00,5.865008712604941e-05
2022-03-27 13:05:00+00:00,5.874000960058146e-05
2022-03-27 13:10:00+00:00,6.730079530882819e-05
2022-03-27 13:15:00+00:00,8.069100538129406e-05
2022-03-27 13:20:00+00:00,6.26018866437896e-05
2022-03-27 13:25:00+00:00,5.328107120160538e-05
2022-03-28 03:30:00+00:00,4.718437777194898e-05
2022-03-28 03:35:00+00:00,4.585823074396868e-05
2022-03-28 03:40:00+00:00,3.093664792598671e-05
2022-03-28 03:45:00+00:00,3.839769722144068e-05
2022-03-28 03:50:00+00:00,2.900867247491539e-05
2022-03-28 03:55:00+00:00,2.631467190445336e-05
2022-03-28 04:00:00+00:00,2.7307135589604602e-05
2022-03-28 04:05:00+00:00,5.4047629024802846e-05
2022-03-28 04:10:00+00:00,3.125864549383091e-05
2022-03-28 04:15:00+00:00,2.5716552974962335e-05
2022-03-28 04:20:00+00:00,2.4523807713080568e-05
2022-03-28 04:25:00+00:00,3.177680534377866e-05
2022-03-28 04:30:00+00:00,4.3070344081216975e-05
2022-03-28 04:35:00+00:00,3.537892892724784e-05
2022-03-28 04:40:00+00:00,3.276566516738752e-05
2022-03-28 04:45:00+00:00,2.686158054578874e-05
2022-03-28 04:50:00+00:00,2.6140290685107255e-05
2022-03-28 04:55:00+00:00,2.6184052026062056e-05
2022-03-28 05:00:00+00:00,2.7206265805223755e-05
2022-03-28 05:05:00+00:00,2.478977022902662e-05
2022-03-28 05:10:00+00:00,2.323234507113731e-05
2022-03-28 05:15:00+00:00,2.4401088451577614e-05
2022-03-28 05:20:00+00:00,2.3139287375996558e-05
2022-03-28 05:25:00+00:00,2.0658046478258025e-05
2022-03-28 05:30:00+00:00,1.9565159375075427e-05
2022-03-28 05:35:00+00:00,2.3049847957587548e-05
2022-03-28 05:40:00+00:00,2.0041781365028567e-05
2022-03-28 05:45:00+00:00,2.6571551595354987e-05
2022-03-28 05:50:00+00:00,2.9043356025138366e-05
2022-03-28 05:55:00+00:00,5.533791486708355e-05
2022-03-28 06:00:00+00:00,6.332388808582966e-05
2022-03-28 06:05:00+00:00,8.91799209090664e-05
2022-03-28 06:10:00+00:00,8.514586181053273e-05
2022-03-28 06:15:00+00:00,5.672773204266024e-05
2022-03-28 06:20:00+00:00,4.206930841442024e-05
2022-03-28 06:25:00+00:00,3.4103205781995246e-05
2022-03-28 06:30:00+00:00,4.946506714121404e-05
2022-03-28 06:35:00+00:00,4.608280437228392e-05
2022-03-28 06:40:00+00:00,5.940476248278739e-05
2022-03-28 06:45:00+00:00,4.8701780737401345e-05
2022-03-28 06:50:00+00:00,5.534444409249354e-05
2022-03-28 06:55:00+00:00,6.111775856866249e-05
2022-03-28 07:00:00+00:00,7.978610622965405e-05
2022-03-28 07:05:00+00:00,5.735792904576148e-05
2022-03-28 07:10:00+00:00,4.610871455091702e-05
2022-03-28 07:15:00+00:00,5.0630460117569243e-05
2022-03-28 07:20:00+00:00,5.603968037178668e-05
2022-03-28 07:25:00+00:00,8.891790446862631e-05
2022-03-28 07:30:00+00:00,0.0017189225198092585
2022-03-28 07:35:00+00:00,0.0015384686140093695
2022-03-28 07:40:00+00:00,0.00022185268911899253
2022-03-28 07:45:00+00:00,0.0003188987104713909
2022-03-28 07:50:00+00:00,0.00029170215607780017
2022-03-28 07:55:00+00:00,0.0003391093802138748
2022-03-28 08:00:00+00:00,0.00017574415859857956
2022-03-28 08:05:00+00:00,8.440855835769653e-05
2022-03-28 08:10:00+00:00,8.28738837096867e-05
2022-03-28 08:15:00+00:00,8.05715098628304e-05
2022-03-28 08:20:00+00:00,4.9790294713718696e-05
2022-03-28 08:25:00+00:00,3.877968816187816e-05
2022-03-28 08:30:00+00:00,3.203699372996157e-05
2022-03-28 08:35:00+00:00,6.538748357644084e-05
2022-03-28 08:40:00+00:00,7.549861634492388e-05
2022-03-28 08:45:00+00:00,8.749494872013762e-05
2022-03-28 08:50:00+00:00,0.00013479397624653882
2022-03-28 08:55:00+00:00,0.0001462942943037557
2022-03-28 09:00:00+00:00,0.00014865344034840615
2022-03-28 09:05:00+00:00,0.00011767545096956547
2022-03-28 09:10:00+00:00,0.00010866965562711034
2022-03-28 09:15:00+00:00,7.284003688474759e-05
2022-03-28 09:20:00+00:00,4.883470729014872e-05
2022-03-28 09:25:00+00:00,6.385628523874867e-05
2022-03-28 09:30:00+00:00,8.677216578550489e-05
2022-03-28 09:35:00+00:00,8.72333774426629e-05
2022-03-28 09:40:00+00:00,9.178048303509862e-05
2022-03-28 09:45:00+00:00,0.00012791448416055122
2022-03-28 09:50:00+00:00,0.00012150216179632368
2022-03-28 09:55:00+00:00,8.909878593586455e-05
2022-03-28 10:00:00+00:00,9.426599219035863e-05
2022-03-28 10:05:00+00:00,9.00086281212959e-05
2022-03-28 10:10:00+00:00,7.529140978124403e-05
2022-03-28 10:15:00+00:00,3.265598693866473e-05
2022-03-28 10:20:00+00:00,3.502244863043784e-05
2022-03-28 10:25:00+00:00,4.4341651211280505e-05
2022-03-28 10:30:00+00:00,5.426333608141775e-05
2022-03-28 10:35:00+00:00,5.3906685339366694e-05
2022-03-28 10:40:00+00:00,5.017758598337499e-05
2022-03-28 10:45:00+00:00,5.181047126031203e-05
2022-03-28 10:50:00+00:00,5.9020238373145984e-05
2022-03-28 10:55:00+00:00,5.8181041106551123e-05
2022-03-28 11:00:00+00:00,7.133827851517388e-05
2022-03-28 11:05:00+00:00,6.0313265428816035e-05
2022-03-28 11:10:00+00:00,5.060398741567066e-05
2022-03-28 11:15:00+00:00,4.5865276054442376e-05
2022-03-28 11:20:00+00:00,5.029468369535725e-05
2022-03-28 11:25:00+00:00,3.589826577850976e-05
2022-03-28 11:30:00+00:00,3.2053205516329404e-05
2022-03-28 11:35:00+00:00,2.7291540048384993e-05
2022-03-28 11:40:00+00:00,3.6539874230990074e-05
2022-03-28 11:45:00+00:00,3.233201165993367e-05
2022-03-28 11:50:00+00:00,5.0420816164954266e-05
2022-03-28 11:55:00+00:00,6.086239427107552e-05
2022-03-28 12:00:00+00:00,7.042750533641716e-05
2022-03-28 12:05:00+00:00,0.00011714631286896516
2022-03-28 12:10:00+00:00,9.781733273024473e-05
2022-03-28 12:15:00+00:00,7.01973831293698e-05
2022-03-28 12:20:00+00:00,5.3272314448285695e-05
2022-03-28 12:25:00+00:00,5.029200903292568e-05
2022-03-28 12:30:00+00:00,3.322014227043464e-05
2022-03-29 03:10:00+00:00,0.00012827089471423626
2022-03-29 03:15:00+00:00,0.00017753170312085413
2022-03-29 03:20:00+00:00,0.0001980249577312248
2022-03-29 03:25:00+00:00,0.00017061721680297723
2022-03-29 03:30:00+00:00,0.00013791410333831097
2022-03-29 03:35:00+00:00,0.0001010109280215451
2022-03-29 03:40:00+00:00,0.00010587492735261492
2022-03-29 03:45:00+00:00,5.312513376952267e-05
2022-03-29 03:50:00+00:00,4.865183677779217e-05
2022-03-29 03:55:00+00:00,2.8736190237992687e-05
2022-03-29 04:00:00+00:00,1.7789530226571734e-05
2022-03-29 04:05:00+00:00,2.0314683176042724e-05
2022-03-29 04:10:00+00:00,2.159414903408041e-05
2022-03-29 04:15:00+00:00,2.3869665532645173e-05
2022-03-29 04:20:00+00:00,2.679353757550264e-05
2022-03-29 04:25:00+00:00,3.1807633357273985e-05
2022-03-29 04:30:00+00:00,2.9276110288490226e-05
2022-03-29 04:35:00+00:00,2.845016949139541e-05
2022-03-29 04:40:00+00:00,5.7739319179118984e-05
2022-03-29 04:45:00+00:00,0.00010467426639571158
2022-03-29 04:50:00+00:00,0.00010399839851831658
2022-03-29 04:55:00+00:00,0.00011154489970064348
2022-03-29 05:00:00+00:00,9.407182544209808e-05
2022-03-29 05:05:00+00:00,0.00012102034489549072
2022-03-29 05:10:00+00:00,0.00010482008490979868
2022-03-29 05:15:00+00:00,7.54395020719955e-05
2022-03-29 05:20:00+00:00,6.532204434275043e-05
2022-03-29 05:25:00+00:00,8.824421441581483e-05
2022-03-29 05:30:00+00:00,0.00010062536129391623
2022-03-29 05:35:00+00:00,7.157998122357247e-05
2022-03-29 05:40:00+00:00,9.928306386170594e-05
2022-03-29 05:45:00+00:00,8.743837653298854e-05
2022-03-29 05:50:00+00:00,4.337320024181752e-05
2022-03-29 05:55:00+00:00,4.2934144239156615e-05
2022-03-29 06:00:00+00:00,2.9050637879083885e-05
2022-03-29 06:05:00+00:00,3.149617966361331e-05
2022-03-29 06:10:00+00:00,4.931481876484028e-05
2022-03-29 06:15:00+00:00,4.690519930412791e-05
2022-03-29 06:20:00+00:00,0.00010074379380221638
2022-03-29 06:25:00+00:00,7.276602418297842e-05
2022-03-29 06:30:00+00:00,8.847088835778019e-05
2022-03-29 06:35:00+00:00,8.197500002602836e-05
2022-03-29 06:40:00+00:00,9.454207434179859e-05
2022-03-29 06:45:00+00:00,7.77251345618635e-05
2022-03-29 06:50:00+00:00,0.0001717238128794974
2022-03-29 06:55:00+00:00,0.00011844834024448413
2022-03-29 07:00:00+00:00,0.00014105227517974777
2022-03-29 07:05:00+00:00,8.934899408927606e-05
2022-03-29 07:10:00+00:00,0.00013613396089903805
2022-03-29 07:15:00+00:00,0.00024411036376703547
2022-03-29 07:20:00+00:00,7.742719036254687e-05
2022-03-29 07:25:00+00:00,4.967262018490963e-05
2022-03-29 07:30:00+00:00,2.5409147272468116e-05
2022-03-29 07:35:00+00:00,2.83542778458737e-05
2022-03-29 07:40:00+00:00,2.7806467158473934e-05
2022-03-29 07:45:00+00:00,3.696511049720262e-05
2022-03-29 07:50:00+00:00,3.610512845740234e-05
2022-03-29 07:55:00+00:00,3.743283033969287e-05
2022-03-29 08:00:00+00:00,4.037075415777598e-05
2022-03-29 08:05:00+00:00,4.9228327724835154e-05
2022-03-29 08:10:00+00:00,4.309754675465139e-05
2022-03-29 08:15:00+00:00,4.329945361683394e-05
2022-03-29 08:20:00+00:00,4.0634955504211795e-05
2022-03-29 08:25:00+00:00,3.9553247700268526e-05
2022-03-29 08:30:00+00:00,4.702559906502976e-05
2022-03-29 08:35:00+00:00,2.9221752381100995e-05
2022-03-29 08:40:00+00:00,3.211678559067925e-05
2022-03-29 08:45:00+00:00,2.3694527088042975e-05
2022-03-29 08:50:00+00:00,2.142919084137778e-05
2022-03-29 08:55:00+00:00,3.49603095087155e-05
2022-03-29 09:00:00+00:00,0.00010870112930327114
2022-03-29 09:05:00+00:00,0.00011889481367710885
2022-03-29 09:10:00+00:00,5.11935890397648e-05
2022-03-29 09:15:00+00:00,6.02715976219478e-05
2022-03-29 09:20:00+00:00,0.000111771613953141
2022-03-29 09:25:00+00:00,8.053320339501866e-05
2022-03-29 09:30:00+00:00,7.082668052839931e-05
2022-03-29 09:35:00+00:00,8.60193688273518e-05
2022-03-29 09:40:00+00:00,5.299586655120466e-05
2022-03-29 09:45:00+00:00,4.601432459830669e-05
2022-03-29 09:50:00+00:00,3.450647092240023e-05
2022-03-29 09:55:00+00:00,3.9571700394172365e-05
2022-03-29 10:00:00+00:00,3.447708106047431e-05
2022-03-29 10:05:00+00:00,4.493112005046426e-05
2022-03-29 10:10:00+00:00,4.968689438029247e-05
2022-03-29 10:15:00+00:00,7.323515441639395e-05
2022-03-29 10:20:00+00:00,7.643265006745436e-05
2022-03-29 10:25:00+00:00,3.618925100584922e-05
2022-03-29 10:30:00+00:00,2.4817917005496615e-05
2022-03-29 10:35:00+00:00,1.8134727397581228e-05
2022-03-29 10:40:00+00:00,2.5009980817161658e-05
2022-03-29 10:45:00+00:00,1.6748984199646897e-05
2022-03-29 10:50:00+00:00,1.983241516096711e-05
2022-03-29 10:55:00+00:00,2.4637179409676187e-05
2022-03-29 12:15:00+00:00,7.456913393638329e-05
2022-03-29 12:20:00+00:00,9.745542634070067e-05
2022-03-30 03:45:00+00:00,0.0001099038459571153
2022-03-30 03:50:00+00:00,7.722964518305972e-05
2022-03-30 03:55:00+00:00,7.846908004309556e-05
2022-03-30 04:00:00+00:00,7.240552334879697e-05
2022-03-30 04:05:00+00:00,5.5836136842602976e-05
2022-03-30 04:10:00+00:00,3.688999585377412e-05
2022-03-30 04:15:00+00:00,3.678958486778755e-05
2022-03-30 04:20:00+00:00,2.7230552601244584e-05
2022-03-30 04:25:00+00:00,1.978863575468372e-05
2022-03-30 04:30:00+00:00,1.801531903464239e-05
2022-03-30 04:35:00+00:00,1.7234967512087446e-05
2022-03-30 04:40:00+00:00,3.298061132243469e-05
2022-03-30 04:45:00+00:00,2.9322490710507996e-05
2022-03-30 04:50:00+00:00,3.528044504732001e-05
2022-03-30 04:55:00+00:00,4.4614024087906105e-05
2022-03-30 05:00:00+00:00,5.2594277964273755e-05
2022-03-30 05:05:00+00:00,3.292951465910077e-05
2022-03-30 05:10:00+00:00,5.752815613961516e-05
2022-03-30 05:15:00+00:00,6.523925412371607e-05
2022-03-30 05:20:00+00:00,6.370772726952357e-05
2022-03-30 05:25:00+00:00,4.620885506417815e-05
2022-03-30 05:30:00+00:00,4.7475273619830415e-05
2022-03-30 05:35:00+00:00,4.697318279540077e-05
2022-03-30 05:40:00+00:00,5.1289912250665636e-05
2022-03-30 05:45:00+00:00,5.2260622495992034e-05
2022-03-30 05:50:00+00:00,0.00010621641446844046
2022-03-30 05:55:00+00:00,0.00019644787349043608
2022-03-30 06:00:00+00:00,8.54378425441468e-05
2022-03-30 06:05:00+00:00,4.712985820688088e-05
2022-03-30 06:10:00+00:00,6.188943929555074e-05
2022-03-30 06:15:00+00:00,4.027809947821941e-05
2022-03-30 06:20:00+00:00,6.172897510455e-05
2022-03-30 06:25:00+00:00,7.976007492351692e-05
2022-03-30 06:30:00+00:00,6.588660890802341e-05
2022-03-30 06:35:00+00:00,5.16419796540319e-05
2022-03-30 06:40:00+00:00,6.0668793603681274e-05
2022-03-30 06:45:00+00:00,9.835004834193674e-05
2022-03-30 06:50:00+00:00,0.00010669217105285552
2022-03-30 06:55:00+00:00,9.761380209423351e-05
2022-03-30 07:00:00+00:00,8.859357852593369e-05
2022-03-30 07:05:00+00:00,0.00010773520108275197
2022-03-30 07:10:00+00:00,3.690298238378915e-05
2022-03-30 07:15:00+00:00,3.967836532978986e-05
2022-03-30 07:20:00+00:00,7.60867818073101e-05
2022-03-30 07:25:00+00:00,6.545359657826121e-05
2022-03-30 07:30:00+00:00,0.00011370556260002151
2022-03-30 07:35:00+00:00,8.024474816274813e-05
2022-03-30 07:40:00+00:00,7.259806993845791e-05
2022-03-30 07:45:00+00:00,6.038902736355137e-05
2022-03-30 07:50:00+00:00,5.292131956700688e-05
2022-03-30 07:55:00+00:00,3.826481967310144e-05
2022-03-30 08:00:00+00:00,5.880233106247271e-05
2022-03-30 08:05:00+00:00,0.0001928921132516514
2022-03-30 08:10:00+00:00,0.00015307025400246644
2022-03-30 08:15:00+00:00,0.0002414154744271682
2022-03-30 08:20:00+00:00,0.00027472746538533834
2022-03-30 08:25:00+00:00,0.00017081859705946352
2022-03-30 08:30:00+00:00,5.000393161261512e-05
2022-03-30 08:35:00+00:00,3.4042146868835667e-05
2022-03-30 08:40:00+00:00,2.9310891349403753e-05
2022-03-30 08:45:00+00:00,3.2057448828653525e-05
2022-03-30 08:50:00+00:00,4.331714655232654e-05
2022-03-30 08:55:00+00:00,2.2100547622088523e-05
2022-03-30 09:00:00+00:00,1.5292183566185397e-05
2022-03-30 09:05:00+00:00,1.3967436269615628e-05
2022-03-30 09:10:00+00:00,1.745242376736769e-05
2022-03-30 09:15:00+00:00,1.552190631268091e-05
2022-03-30 09:20:00+00:00,3.8338393487872776e-05
2022-03-30 09:25:00+00:00,8.873033818535679e-05
2022-03-30 09:30:00+00:00,8.439296345168927e-05
2022-03-30 09:35:00+00:00,5.901962571039546e-05
2022-03-30 09:40:00+00:00,9.489418157409872e-05
2022-03-30 09:45:00+00:00,0.000132471694317865
2022-03-30 09:50:00+00:00,0.00010803227065759598
2022-03-30 09:55:00+00:00,0.00013043045048853383
2022-03-30 10:00:00+00:00,0.00012585453867186274
2022-03-30 10:05:00+00:00,7.671013972371968e-05
2022-03-30 10:10:00+00:00,0.00010159032130077109
2022-03-30 10:15:00+00:00,0.00013666362936676593
2022-03-30 10:20:00+00:00,5.2011498588676856e-05
2022-03-30 10:25:00+00:00,4.357609476732434e-05
2022-03-30 10:30:00+00:00,2.9223509887038083e-05
2022-03-30 10:35:00+00:00,4.517129310442591e-05
2022-03-30 10:40:00+00:00,3.435094128027251e-05
2022-03-30 10:45:00+00:00,2.9346523301429265e-05
2022-03-30 10:50:00+00:00,5.0689115784055665e-05
2022-03-30 10:55:00+00:00,4.780369489260443e-05
2022-03-30 11:00:00+00:00,6.994651790250819e-05
2022-03-30 11:05:00+00:00,5.299689915866752e-05
2022-03-30 11:10:00+00:00,5.629583975083778e-05
2022-03-30 11:15:00+00:00,7.237672086820641e-05
2022-03-30 11:20:00+00:00,8.260639363563811e-05
2022-03-30 11:25:00+00:00,6.461589973438608e-05
2022-03-30 11:30:00+00:00,8.129929075601496e-05
2022-03-30 11:35:00+00:00,8.668941325800668e-05
2022-03-30 11:40:00+00:00,0.00010780350691510346
2022-03-30 11:45:00+00:00,8.694621252816121e-05
2022-03-30 11:50:00+00:00,6.767397442306843e-05
2022-03-30 11:55:00+00:00,0.00012070493587938193
2022-03-30 12:00:00+00:00,0.00013024167329968122
2022-03-30 12:05:00+00:00,0.00011522700480914569
2022-03-30 12:10:00+00:00,0.00022991190071475315
2022-03-30 12:15:00+00:00,0.00033105777296986926
2022-03-30 12:20:00+00:00,0.00024427182156197086
2022-03-30 12:25:00+00:00,0.00044520034535186
2022-03-30 12:30:00+00:00,0.000530936842756342
2022-03-30 12:35:00+00:00,0.0005557478304315587
2022-03-30 12:40:00+00:00,0.0006296800360239413
2022-03-30 12:45:00+00:00,0.0006180062015599423
2022-03-30 12:50:00+00:00,0.0006618659730543658
2022-03-30 12:55:00+00:00,0.0006640093059902116
2022-03-30 13:00:00+00:00,0.00010861926230698082
2022-03-30 13:05:00+00:00,0.00011931430540949097
2022-03-30 13:10:00+00:00,5.6454647604269776e-05
2022-03-30 13:15:00+00:00,4.944587348514649e-05
2022-03-30 13:20:00+00:00,5.3528927785186134e-05
2022-03-30 13:25:00+00:00,5.730300712197587e-05
2022-03-30 13:30:00+00:00,5.6377082880012456e-05
2022-03-30 13:35:00+00:00,9.405486792557327e-05
2022-03-30 13:40:00+00:00,0.00013866253994620969
2022-03-31 03:20:00+00:00,0.000163262545671644
2022-03-31 03:25:00+00:00,0.0001223568602271879
2022-03-31 03:30:00+00:00,7.265838437629634e-05
2022-03-31 03:35:00+00:00,5.606048619014185e-05
2022-03-31 03:40:00+00:00,4.692915843368094e-05
2022-03-31 03:45:00+00:00,3.711325100059018e-05
2022-03-31 03:50:00+00:00,2.9853527804342753e-05
2022-03-31 03:55:00+00:00,3.067763686314324e-05
2022-03-31 04:00:00+00:00,2.98279265259567e-05
2022-03-31 04:05:00+00:00,3.1604000441265776e-05
2022-03-31 04:10:00+00:00,2.68142283799857e-05
2022-03-31 04:15:00+00:00,1.946181519585585e-05
2022-03-31 04:20:00+00:00,1.860071789630632e-05
2022-03-31 04:25:00+00:00,3.621112604061919e-05
2022-03-31 04:30:00+00:00,3.927548234568557e-05
2022-03-31 04:35:00+00:00,3.1524576917719575e-05
2022-03-31 04:40:00+00:00,3.605038734370554e-05
2022-03-31 04:45:00+00:00,4.572711357424489e-05
2022-03-31 04:50:00+00:00,4.840197655975649e-05
2022-03-31 04:55:00+00:00,5.321592475560113e-05
2022-03-31 05:00:00+00:00,9.051741691703096e-05
2022-03-31 05:05:00+00:00,8.319055608562822e-05
2022-03-31 05:10:00+00:00,7.196595029887404e-05
2022-03-31 05:15:00+00:00,0.0001467304652313438
2022-03-31 05:20:00+00:00,0.00016005176790223578
2022-03-31 05:25:00+00:00,6.149846877564324e-05
2022-03-31 05:30:00+00:00,0.00011872354808274345
2022-03-31 05:35:00+00:00,8.582265157604089e-05
2022-03-31 05:40:00+00:00,5.4441082924493216e-05
2022-03-31 05:45:00+00:00,4.4676655602028615e-05
2022-03-31 05:50:00+00:00,3.524665577128093e-05
2022-03-31 05:55:00+00:00,4.2120499534222916e-05
2022-03-31 06:00:00+00:00,3.466855485743874e-05
2022-03-31 06:05:00+00:00,3.1385199322745434e-05
2022-03-31 06:10:00+00:00,3.321409507003175e-05
2022-03-31 06:15:00+00:00,5.437852154987907e-05
2022-03-31 06:20:00+00:00,6.444586243651688e-05
2022-03-31 06:25:00+00:00,8.35081321730957e-05
2022-03-31 06:30:00+00:00,6.185361787465497e-05
2022-03-31 06:35:00+00:00,6.0627617805584103e-05
2022-03-31 06:40:00+00:00,5.824132867107456e-05
2022-03-31 06:45:00+00:00,5.345146035662085e-05
2022-03-31 06:50:00+00:00,5.135604207459365e-05
2022-03-31 06:55:00+00:00,5.564218389294971e-05
2022-03-31 07:00:00+00:00,7.711115133815747e-05
2022-03-31 07:05:00+00:00,9.690747346372119e-05
2022-03-31 07:10:00+00:00,7.94386418972141e-05
2022-03-31 07:15:00+00:00,4.023486099373121e-05
2022-03-31 07:20:00+00:00,4.279978706063351e-05
2022-03-31 07:25:00+00:00,6.315998663533242e-05
2022-03-31 07:30:00+00:00,0.00012181113586262873
2022-03-31 07:35:00+00:00,7.221685445169495e-05
2022-03-31 07:40:00+00:00,7.470025994891755e-05
2022-03-31 07:45:00+00:00,0.00045473002160702957
2022-03-31 07:50:00+00:00,0.00043559006342494517
2022-03-31 07:55:00+00:00,0.00037782707787827074
2022-03-31 08:00:00+00:00,0.00026275367497276714
2022-03-31 08:05:00+00:00,0.0003861843325092573
2022-03-31 08:10:00+00:00,6.519596340335151e-05
2022-03-31 08:15:00+00:00,6.529480259612117e-05
2022-03-31 08:20:00+00:00,6.891160557069846e-05
2022-03-31 08:25:00+00:00,9.74439651362451e-05
2022-03-31 08:30:00+00:00,4.4292946320198644e-05
2022-03-31 08:35:00+00:00,4.837493945486871e-05
2022-03-31 08:40:00+00:00,4.055367214216673e-05
2022-03-31 08:45:00+00:00,2.5322813689324526e-05
2022-03-31 08:50:00+00:00,2.580512758829342e-05
2022-03-31 08:55:00+00:00,2.512560812807314e-05
2022-03-31 09:00:00+00:00,2.7840565199570293e-05
2022-03-31 09:05:00+00:00,2.881680776166157e-05
2022-03-31 09:10:00+00:00,5.3788811331169776e-05
2022-03-31 09:15:00+00:00,3.5474206623788235e-05
2022-03-31 09:20:00+00:00,5.362872409398895e-05
2022-03-31 09:25:00+00:00,7.225088197230053e-05
2022-03-31 09:30:00+00:00,7.877208298372185e-05
2022-03-31 09:35:00+00:00,9.68894585077541e-05
2022-03-31 09:40:00+00:00,0.0001667666270679199
2022-03-31 09:45:00+00:00,0.00010471948847307907
2022-03-31 09:50:00+00:00,9.177219889578129e-05
2022-03-31 09:55:00+00:00,0.00014442138767879986
2022-03-31 10:00:00+00:00,0.00011843366306640653
2022-03-31 10:05:00+00:00,8.05748814426761e-05
2022-03-31 10:10:00+00:00,6.612833969696045e-05
2022-03-31 10:15:00+00:00,0.00010307610702185424
2022-03-31 10:20:00+00:00,5.5708748921605425e-05
2022-03-31 10:25:00+00:00,7.5378435006107e-05
2022-03-31 10:30:00+00:00,5.739895479788905e-05
2022-03-31 10:35:00+00:00,5.7566202283615264e-05
2022-03-31 10:40:00+00:00,5.146797943015798e-05
2022-03-31 10:45:00+00:00,6.251603801113674e-05
2022-03-31 10:50:00+00:00,4.5807504312943975e-05
2022-03-31 10:55:00+00:00,4.309149421150776e-05
2022-03-31 11:00:00+00:00,6.904518477401377e-05
2022-03-31 11:05:00+00:00,9.64222954901154e-05
2022-03-31 11:10:00+00:00,0.00010459883359729188
2022-03-31 11:15:00+00:00,7.9263769627315e-05
2022-03-31 11:20:00+00:00,5.414915853632471e-05
2022-03-31 11:25:00+00:00,5.800184573883368e-05
2022-03-31 11:30:00+00:00,6.51025623028197e-05
2022-03-31 11:35:00+00:00,7.31075766528914e-05
2022-03-31 11:40:00+00:00,6.624561132081554e-05
2022-03-31 11:45:00+00:00,5.804523123629731e-05
2022-03-31 11:50:00+00:00,6.404453044642004e-05
2022-03-31 11:55:00+00:00,4.778206471006324e-05
2022-03-31 12:00:00+00:00,3.651095690442481e-05
2022-03-31 12:05:00+00:00,3.7660897315957725e-05
2022-03-31 12:10:00+00:00,3.355427673927405e-05
2022-03-31 12:15:00+00:00,2.9064051777293544e-05
2022-03-31 12:20:00+00:00,2.1794341070389137e-05
2022-03-31 12:25:00+00:00,1.842427691615894e-05
2022-03-31 12:30:00+00:00,2.7941764884275413e-05
2022-03-31 12:35:00+00:00,2.4856137928426178e-05
2022-03-31 12:40:00+00:00,2.4418631491508305e-05
2022-03-31 12:45:00+00:00,2.0544044012944106e-05
2022-03-31 12:50:00+00:00,2.4443730449437003e-05
2022-03-31 12:55:00+00:00,2.7296718159687423e-05
2022-03-31 13:00:00+00:00,2.1481598185424374e-05
2022-03-31 13:05:00+00:00,2.2286778564115813e-05
2022-03-31 13:10:00+00:00,2.9432206313180114e-05
2022-03-31 13:15:00+00:00,3.6379232148356824e-05
2022-03-31 13:20:00+00:00,2.9934776071296977e-05
2022-03-31 13:25:00+00:00,5.706056032302179e-05
2022-04-01 06:50:00+00:00,8.788015841781254e-05
2022-04-01 06:55:00+00:00,6.025206177793971e-05
2022-04-01 07:00:00+00:00,6.326706435513022e-05
2022-04-01 07:05:00+00:00,5.823252500265441e-05
2022-04-01 07:10:00+00:00,6.058851109833805e-05
2022-04-01 07:15:00+00:00,7.574423544375794e-05
2022-04-01 07:20:00+00:00,9.382238029075742e-05
2022-04-01 07:25:00+00:00,7.936720401699616e-05
2022-04-01 07:30:00+00:00,5.5601398626757185e-05
2022-04-01 07:35:00+00:00,4.692305006969507e-05
2022-04-01 07:40:00+00:00,4.776782659784534e-05
2022-04-01 07:45:00+00:00,5.319273806688214e-05
2022-04-01 07:50:00+00:00,5.831190238255625e-05
2022-04-01 07:55:00+00:00,4.007647658596679e-05
2022-04-01 08:00:00+00:00,3.896558842914466e-05
2022-04-01 08:05:00+00:00,4.9575821307622225e-05
2022-04-01 08:10:00+00:00,5.9466968211641845e-05
2022-04-01 08:15:00+00:00,6.205366091610003e-05
2022-04-01 08:20:00+00:00,6.022996675472823e-05
2022-04-01 08:25:00+00:00,0.00010748628584913089
2022-04-01 08:30:00+00:00,0.00012830838667276316
2022-04-01 08:35:00+00:00,0.00012587805767642093
2022-04-01 08:40:00+00:00,7.193430887653448e-05
2022-04-01 08:45:00+00:00,3.988825512903716e-05
2022-04-01 08:50:00+00:00,4.786211763628175e-05
2022-04-01 08:55:00+00:00,4.831171751867709e-05
2022-04-01 09:00:00+00:00,5.238091896459467e-05
2022-04-01 09:05:00+00:00,4.266315310118152e-05
2022-04-01 09:10:00+00:00,4.131174962873052e-05
2022-04-01 09:15:00+00:00,5.348160649928627e-05
2022-04-01 09:20:00+00:00,0.00015566020145125058
2022-04-01 09:25:00+00:00,0.0001739984910547767
2022-04-01 09:30:00+00:00,0.00014218925607844692
2022-04-01 09:35:00+00:00,0.0001457391711312847
2022-04-01 09:40:00+00:00,0.0001586921932117439
2022-04-01 09:45:00+00:00,7.649744221886596e-05
2022-04-01 09:50:00+00:00,7.302219537385393e-05
2022-04-01 09:55:00+00:00,6.892465086607774e-05
2022-04-01 10:00:00+00:00,5.704876458936679e-05
2022-04-01 10:05:00+00:00,6.959832171556302e-05
2022-04-01 10:10:00+00:00,8.443648191828805e-05
2022-04-01 10:15:00+00:00,8.152682629120673e-05
2022-04-01 10:20:00+00:00,6.700055710556432e-05
2022-04-01 10:25:00+00:00,8.94668014152877e-05
2022-04-01 10:30:00+00:00,0.00013807045352521528
2022-04-01 10:35:00+00:00,0.0001118197147867035
2022-04-01 10:40:00+00:00,8.173596906310862e-05
2022-04-01 10:45:00+00:00,8.132716199835061e-05
2022-04-01 10:50:00+00:00,7.521789151549643e-05
2022-04-01 10:55:00+00:00,3.256910581570218e-05
2022-04-01 11:00:00+00:00,2.8836663553273234e-05
2022-04-01 11:05:00+00:00,5.3265119658089656e-05
2022-04-01 11:10:00+00:00,0.00018856712696882377
2022-04-01 11:15:00+00:00,0.0001341823888613298
2022-04-01 11:20:00+00:00,8.191920223165082e-05
2022-04-01 11:25:00+00:00,9.08052814100403e-05
2022-04-01 11:30:00+00:00,0.00018860614835470798
2022-04-01 11:35:00+00:00,7.122829166864314e-05
2022-04-01 11:40:00+00:00,5.272623939286065e-05
2022-04-01 11:45:00+00:00,8.97280412211496e-05
2022-04-01 11:50:00+00:00,0.00010654695358301426
2022-04-01 11:55:00+00:00,6.133387804449013e-05
2022-04-01 12:00:00+00:00,5.052061495775096e-05
2022-04-01 12:05:00+00:00,6.24609020416104e-05
2022-04-01 12:10:00+00:00,7.326003601270683e-05
2022-04-01 12:15:00+00:00,5.921818761217879e-05
2022-04-01 12:20:00+00:00,4.856244669665647e-05
2022-04-01 12:25:00+00:00,7.892306937263732e-05
2022-04-01 12:30:00+00:00,9.611874849511467e-05
2022-04-01 12:35:00+00:00,9.74150625769999e-05
2022-04-01 12:40:00+00:00,9.178380571164894e-05
2022-04-01 13:15:00+00:00,7.024542476802806e-05
2022-04-01 13:20:00+00:00,5.776399536052351e-05
2022-04-04 06:00:00+00:00,1.2972493805861036e-05
2022-04-04 06:05:00+00:00,1.2466160804835236e-05
2022-04-04 06:10:00+00:00,1.3620689055704995e-05
2022-04-04 06:15:00+00:00,1.6467036715724594e-05
2022-04-04 06:20:00+00:00,1.9220526685724963e-05
2022-04-04 06:25:00+00:00,2.0157001357158625e-05
2022-04-04 06:30:00+00:00,2.3070961051137097e-05
2022-04-04 06:35:00+00:00,2.1043038543878665e-05
2022-04-04 06:40:00+00:00,2.5741440601668614e-05
2022-04-04 06:45:00+00:00,2.524423660646717e-05
2022-04-04 06:50:00+00:00,1.9150102175389722e-05
2022-04-04 06:55:00+00:00,2.2739762842360366e-05
2022-04-04 07:00:00+00:00,2.2125075020792485e-05
2022-04-04 07:05:00+00:00,2.1490093188325514e-05
2022-04-04 07:10:00+00:00,1.6768781489190058e-05
2022-04-04 07:15:00+00:00,1.5170029117474035e-05
2022-04-04 07:20:00+00:00,1.3259251502974869e-05
2022-04-04 07:25:00+00:00,1.3169577624510323e-05
2022-04-04 07:30:00+00:00,1.9007337507348908e-05
2022-04-04 07:35:00+00:00,1.810552623726796e-05
2022-04-04 07:40:00+00:00,2.6861339543066375e-05
2022-04-04 07:45:00+00:00,2.6379953471895997e-05
2022-04-04 07:50:00+00:00,3.2495864401659896e-05
2022-04-04 07:55:00+00:00,3.140279347964274e-05
2022-04-04 08:00:00+00:00,3.670413156041452e-05
2022-04-04 08:05:00+00:00,7.615201670321596e-05
2022-04-04 08:10:00+00:00,7.041974176795208e-05
2022-04-04 08:15:00+00:00,5.620942866677656e-05
2022-04-04 08:20:00+00:00,4.8851219322964314e-05
2022-04-04 08:25:00+00:00,7.872138125740936e-05
2022-04-04 08:30:00+00:00,3.331865963980588e-05
2022-04-04 08:35:00+00:00,2.3276088234892278e-05
2022-04-04 08:40:00+00:00,2.5445002331819357e-05
2022-04-04 08:45:00+00:00,3.818665032368362e-05
2022-04-04 08:50:00+00:00,2.8960288252865415e-05
2022-04-04 08:55:00+00:00,2.961721436889503e-05
2022-04-04 09:00:00+00:00,2.3452702288054037e-05
2022-04-04 09:05:00+00:00,4.510174259397842e-05
2022-04-04 09:10:00+00:00,3.41406764111891e-05
2022-04-04 09:15:00+00:00,1.843643714171071e-05
2022-04-04 09:20:00+00:00,4.229036533381681e-05
2022-04-04 09:25:00+00:00,6.814625196568637e-05
2022-04-04 09:30:00+00:00,4.216457938529319e-05
2022-04-04 09:35:00+00:00,2.533118030594333e-05
2022-04-04 09:40:00+00:00,6.392627575477204e-05
2022-04-04 09:45:00+00:00,6.0991127763430036e-05
2022-04-04 09:50:00+00:00,5.6382107931869534e-05
2022-04-04 09:55:00+00:00,8.006835816704792e-05
2022-04-04 10:30:00+00:00,2.5800544836408618e-05
2022-04-04 10:35:00+00:00,2.8462986205563936e-05
2022-04-04 10:40:00+00:00,3.483569672724411e-05
2022-04-04 10:45:00+00:00,2.9536203578594093e-05
2022-04-04 10:50:00+00:00,4.66617410015088e-05
2022-04-04 10:55:00+00:00,3.994283176169267e-05
2022-04-04 11:00:00+00:00,9.575217694497117e-05
2022-04-04 11:05:00+00:00,3.58942877901935e-05
2022-04-04 11:10:00+00:00,2.2695093168503168e-05
2022-04-04 11:15:00+00:00,2.0049188690816855e-05
2022-04-04 11:20:00+00:00,2.0239759511151244e-05
2022-04-04 11:25:00+00:00,2.298671471556283e-05
2022-04-04 11:30:00+00:00,2.481739593937561e-05
2022-04-04 11:35:00+00:00,1.9655107946122223e-05
2022-04-04 11:40:00+00:00,2.2873606530081313e-05
2022-04-04 11:45:00+00:00,2.201002258411094e-05
2022-04-04 11:50:00+00:00,2.1644298306803573e-05
2022-04-04 11:55:00+00:00,4.698696935808541e-05
2022-04-04 12:00:00+00:00,3.838446800736906e-05
2022-04-04 12:05:00+00:00,3.09558999596509e-05
2022-04-04 12:10:00+00:00,3.2888642337480685e-05
2022-04-04 12:15:00+00:00,3.1215422526270115e-05
2022-04-04 12:20:00+00:00,2.5725043920354145e-05
2022-04-04 12:25:00+00:00,2.3842235264912488e-05
2022-04-04 12:30:00+00:00,2.3517511124748637e-05
2022-04-04 12:35:00+00:00,1.5760127861991555e-05
2022-04-04 12:40:00+00:00,8.443190137860418e-06
2022-04-04 12:45:00+00:00,1.3195253597361799e-05
2022-04-04 12:50:00+00:00,2.0202896931389014e-05
2022-04-04 12:55:00+00:00,2.524470238806793e-05
2022-04-05 03:25:00+00:00,0.0008510532090848751
2022-04-05 03:30:00+00:00,0.00047906440894842685
2022-04-05 03:35:00+00:00,0.000593417319635988
2022-04-05 03:40:00+00:00,0.0005769346969227421
2022-04-05 03:45:00+00:00,0.00011115233186927484
2022-04-05 03:50:00+00:00,0.0001180358835887477
2022-04-05 03:55:00+00:00,5.3385049890804166e-05
2022-04-05 04:00:00+00:00,7.833971277174101e-05
2022-04-05 04:05:00+00:00,5.740293156210647e-05
2022-04-05 04:10:00+00:00,9.110146600343649e-05
2022-04-05 04:15:00+00:00,8.278082832260001e-05
2022-04-05 04:20:00+00:00,9.101963710464063e-05
2022-04-05 04:25:00+00:00,7.542282607209233e-05
2022-04-05 04:30:00+00:00,7.417114062902851e-05
2022-04-05 04:35:00+00:00,8.400799398180722e-05
2022-04-05 04:40:00+00:00,6.133259160150052e-05
2022-04-05 04:45:00+00:00,6.178075165007119e-05
2022-04-05 04:50:00+00:00,4.422858632825913e-05
2022-04-05 04:55:00+00:00,5.96480252110998e-05
2022-04-05 05:00:00+00:00,3.898255312291822e-05
2022-04-05 05:05:00+00:00,4.437748066414091e-05
2022-04-05 05:10:00+00:00,5.0021485286031264e-05
2022-04-05 05:15:00+00:00,4.941118594322779e-05
2022-04-05 05:20:00+00:00,4.611761230508735e-05
2022-04-05 05:25:00+00:00,4.034562311923184e-05
2022-04-05 05:30:00+00:00,5.6287725533986336e-05
2022-04-05 05:35:00+00:00,6.641636371997499e-05
2022-04-05 05:40:00+00:00,6.514426434715705e-05
2022-04-05 05:45:00+00:00,7.506022354582605e-05
2022-04-05 05:50:00+00:00,8.675879422579555e-05
2022-04-05 05:55:00+00:00,7.228106557187274e-05
2022-04-05 06:00:00+00:00,0.00013336933510895484
2022-04-05 06:05:00+00:00,0.00023899313912822306
2022-04-05 06:10:00+00:00,0.00014636290831347915
2022-04-05 06:15:00+00:00,0.00015435137212108197
2022-04-05 06:20:00+00:00,7.545221702135797e-05
2022-04-05 06:25:00+00:00,7.615524299436288e-05
2022-04-05 06:30:00+00:00,4.950783381750915e-05
2022-04-05 06:35:00+00:00,5.9977716060907446e-05
2022-04-05 06:40:00+00:00,7.814694622955903e-05
2022-04-05 06:45:00+00:00,8.420508535654068e-05
2022-04-05 06:50:00+00:00,6.453595843701885e-05
2022-04-05 06:55:00+00:00,5.3240469675724215e-05
2022-04-05 07:00:00+00:00,4.4084349803607074e-05
2022-04-05 07:05:00+00:00,3.940246369928804e-05
2022-04-05 07:10:00+00:00,3.8145463556122586e-05
2022-04-05 07:15:00+00:00,4.682138202769598e-05
2022-04-05 07:20:00+00:00,5.9578963068772996e-05
2022-04-05 07:25:00+00:00,6.628072634806405e-05
2022-04-05 07:30:00+00:00,4.6220379361370864e-05
2022-04-05 07:35:00+00:00,4.742412884371162e-05
2022-04-05 07:40:00+00:00,4.29523945179734e-05
2022-04-05 07:45:00+00:00,7.30179037768168e-05
2022-04-05 07:50:00+00:00,9.52202598266117e-05
2022-04-05 07:55:00+00:00,9.182251326981275e-05
2022-04-05 08:00:00+00:00,0.00010930121586010951
2022-04-05 08:05:00+00:00,0.00010935754938155207
2022-04-05 08:10:00+00:00,0.00010353603837098326
2022-04-05 08:15:00+00:00,7.114797765476226e-05
2022-04-05 08:20:00+00:00,5.869337498470549e-05
2022-04-05 08:25:00+00:00,5.815982529289993e-05
2022-04-05 08:30:00+00:00,4.3658454569289193e-05
2022-04-05 08:35:00+00:00,3.5548521380921556e-05
2022-04-05 08:40:00+00:00,2.79806205635445e-05
2022-04-05 08:45:00+00:00,0.0001281695432082309
2022-04-05 08:50:00+00:00,0.00016249868006815106
2022-04-05 08:55:00+00:00,0.0002317052664913045
2022-04-05 09:00:00+00:00,0.00021589874298240706
2022-04-05 09:05:00+00:00,0.0002257407982363084
2022-04-05 09:10:00+00:00,0.0002248345338747648
2022-04-05 09:15:00+00:00,0.00012882063233974296
2022-04-05 09:20:00+00:00,0.0001385153246966542
2022-04-05 09:25:00+00:00,4.0875709373138095e-05
2022-04-05 09:30:00+00:00,4.1686324963824635e-05
2022-04-05 09:35:00+00:00,4.38080883399488e-05
2022-04-05 09:40:00+00:00,4.886387869871519e-05
2022-04-05 09:45:00+00:00,8.625111343657538e-05
2022-04-05 09:50:00+00:00,7.526601524954182e-05
2022-04-05 09:55:00+00:00,5.931442546568209e-05
2022-04-05 10:00:00+00:00,6.784021138260501e-05
2022-04-05 10:05:00+00:00,9.264820582086789e-05
2022-04-05 10:10:00+00:00,0.00011545143739510294
2022-04-05 10:15:00+00:00,0.00017139569253432282
2022-04-05 10:20:00+00:00,0.00015857467945672667
2022-04-05 10:25:00+00:00,0.0001391763443507911
2022-04-05 10:30:00+00:00,0.00014821121709352657
2022-04-05 10:35:00+00:00,0.00014156265197323495
2022-04-05 10:40:00+00:00,5.09460579447405e-05
2022-04-05 10:45:00+00:00,3.316343837829328e-05
2022-04-05 10:50:00+00:00,3.759817316791101e-05
2022-04-05 10:55:00+00:00,4.320781636013432e-05
2022-04-05 11:00:00+00:00,4.6616047112501626e-05
2022-04-05 11:05:00+00:00,4.9543224384631565e-05
2022-04-05 11:10:00+00:00,4.2261831262893664e-05
2022-04-05 11:15:00+00:00,4.912156221015005e-05
2022-04-05 11:20:00+00:00,4.8839949787102887e-05
2022-04-05 11:25:00+00:00,4.306316120323659e-05
2022-04-05 11:30:00+00:00,7.369096035382322e-05
2022-04-05 11:35:00+00:00,8.273791378326782e-05
2022-04-05 11:40:00+00:00,8.363454151037156e-05
2022-04-05 11:45:00+00:00,7.970406175853802e-05
2022-04-05 11:50:00+00:00,8.296382514128285e-05
2022-04-05 11:55:00+00:00,9.63774013045597e-05
2022-04-05 12:00:00+00:00,7.014155441210156e-05
2022-04-05 12:05:00+00:00,7.112341782379668e-05
2022-04-05 12:10:00+00:00,5.8741916609642624e-05
2022-04-05 12:15:00+00:00,5.389502001994175e-05
2022-04-05 12:20:00+00:00,6.73689629927987e-05
2022-04-05 12:25:00+00:00,7.671240749810829e-05
2022-04-05 12:30:00+00:00,0.00010391358968745001
2022-04-05 12:35:00+00:00,9.043580886504475e-05
2022-04-05 12:40:00+00:00,9.611694364484668e-05
2022-04-05 12:45:00+00:00,8.959984721081955e-05
2022-04-05 12:50:00+00:00,0.0001276165494035793
2022-04-05 12:55:00+00:00,0.00010887534716873231
2022-04-05 13:00:00+00:00,8.262486951227959e-05
2022-04-05 13:05:00+00:00,7.27591103282539e-05
2022-04-05 13:10:00+00:00,7.118894978067531e-05
2022-04-05 13:15:00+00:00,6.882378570916699e-05
2022-04-05 13:20:00+00:00,4.753583107644881e-05
2022-04-05 13:25:00+00:00,3.387026658433558e-05
2022-04-05 13:30:00+00:00,4.694436764136407e-05
2022-04-05 13:35:00+00:00,0.00011035409241689015
2022-04-06 04:15:00+00:00,7.16135407637505e-05
2022-04-06 04:20:00+00:00,4.689897768223816e-05
2022-04-06 04:25:00+00:00,2.0011987373042558e-05
2022-04-06 04:30:00+00:00,3.654769620418162e-05
2022-04-06 04:35:00+00:00,5.3970658678332485e-05
2022-04-06 04:40:00+00:00,5.2661785261726496e-05
2022-04-06 04:45:00+00:00,5.607378117575114e-05
2022-04-06 04:50:00+00:00,5.3429409960609716e-05
2022-04-06 04:55:00+00:00,4.6535825856957535e-05
2022-04-06 05:00:00+00:00,3.5268399249895705e-05
2022-04-06 05:05:00+00:00,2.4574933169484667e-05
2022-04-06 05:10:00+00:00,4.426868853120584e-05
2022-04-06 05:15:00+00:00,3.6697590041653494e-05
2022-04-06 05:20:00+00:00,5.5159311890489365e-05
2022-04-06 05:25:00+00:00,2.7234647703868872e-05
2022-04-06 05:30:00+00:00,2.8665621683891836e-05
2022-04-06 05:35:00+00:00,6.683098123173394e-05
2022-04-06 05:40:00+00:00,5.3546814559813255e-05
2022-04-06 05:45:00+00:00,6.470649474356178e-05
2022-04-06 05:50:00+00:00,5.545278522856105e-05
2022-04-06 05:55:00+00:00,9.350271214279547e-05
2022-04-06 06:00:00+00:00,0.00013963071697385533
2022-04-06 06:05:00+00:00,0.00017590712394280515
2022-04-06 06:10:00+00:00,0.00018113098138694181
2022-04-06 06:15:00+00:00,0.0001532381439530656
2022-04-06 06:20:00+00:00,0.00018243161921337813
2022-04-06 06:25:00+00:00,0.0001547856124570347
2022-04-06 06:30:00+00:00,8.413575476353923e-05
2022-04-06 06:35:00+00:00,8.855720380091625e-05
2022-04-06 06:40:00+00:00,5.754170842268216e-05
2022-04-06 06:45:00+00:00,5.689085287846697e-05
2022-04-06 06:50:00+00:00,6.0382058079627654e-05
2022-04-06 06:55:00+00:00,6.568015940968293e-05
2022-04-06 07:00:00+00:00,9.397507606467797e-05
2022-04-06 07:05:00+00:00,0.00017377477614880313
2022-04-06 07:10:00+00:00,0.00015904917111130983
2022-04-06 07:15:00+00:00,9.940831536455628e-05
2022-04-06 07:20:00+00:00,0.00010854961213997575
2022-04-06 07:25:00+00:00,0.0001457343570785366
2022-04-06 07:30:00+00:00,0.00010768028796913141
2022-04-06 07:35:00+00:00,7.737358377024917e-05
2022-04-06 07:40:00+00:00,7.675008090599301e-05
2022-04-06 07:45:00+00:00,8.087421195671355e-05
2022-04-06 07:50:00+00:00,4.478352096085059e-05
2022-04-06 07:55:00+00:00,8.459027958358776e-05
2022-04-06 08:00:00+00:00,6.502675906053789e-05
2022-04-06 08:05:00+00:00,0.00012767093992012847
2022-04-06 08:10:00+00:00,0.001301036509693562
2022-04-06 08:15:00+00:00,0.0003346272526405774
2022-04-06 08:20:00+00:00,0.0001394751183224932
2022-04-06 08:25:00+00:00,0.00014916888817011567
2022-04-06 08:30:00+00:00,0.0004430822677069288
2022-04-06 08:35:00+00:00,0.0003150613622077128
2022-04-06 08:40:00+00:00,0.00038773188484385725
2022-04-06 08:45:00+00:00,0.00027408026098082203
2022-04-06 08:50:00+00:00,0.0005519615865141589
2022-04-06 08:55:00+00:00,0.0003764324388992131
2022-04-06 09:00:00+00:00,0.00029658966404600925
2022-04-06 09:05:00+00:00,5.103369397610026e-05
2022-04-06 09:10:00+00:00,2.1786485657784897e-05
2022-04-06 09:15:00+00:00,2.812758275453322e-05
2022-04-06 09:20:00+00:00,3.529300643319882e-05
2022-04-06 09:25:00+00:00,3.5288204980779934e-05
2022-04-06 09:30:00+00:00,3.603103965714929e-05
2022-04-06 09:35:00+00:00,3.583818492695383e-05
2022-04-06 09:40:00+00:00,3.202039338593016e-05
2022-04-06 09:45:00+00:00,3.5112627472540817e-05
2022-04-06 09:50:00+00:00,3.974905087090666e-05
2022-04-06 09:55:00+00:00,4.147161943930255e-05
2022-04-06 10:00:00+00:00,3.496047527680651e-05
2022-04-06 10:05:00+00:00,2.211651436716859e-05
2022-04-06 10:10:00+00:00,2.264121717920607e-05
2022-04-06 10:15:00+00:00,2.4213309564918502e-05
2022-04-06 10:20:00+00:00,4.229255420252394e-05
2022-04-06 10:25:00+00:00,5.2973636550748644e-05
2022-04-06 10:30:00+00:00,0.00010700912725046282
2022-04-06 10:35:00+00:00,0.00013203006981593623
2022-04-06 10:40:00+00:00,0.00010751259250215447
2022-04-06 10:45:00+00:00,8.451705383884181e-05
2022-04-06 10:50:00+00:00,4.011532877223528e-05
2022-04-06 10:55:00+00:00,3.453142864467059e-05
2022-04-06 11:00:00+00:00,4.182754754600203e-05
2022-04-06 11:05:00+00:00,4.323663903631056e-05
2022-04-06 11:10:00+00:00,4.074192223735637e-05
2022-04-06 11:15:00+00:00,2.9760632200038135e-05
2022-04-06 11:20:00+00:00,2.3813692436793217e-05
2022-04-06 11:25:00+00:00,2.3826059294213367e-05
2022-04-06 11:30:00+00:00,5.950549668859089e-05
2022-04-06 11:35:00+00:00,7.052834972719909e-05
2022-04-06 11:40:00+00:00,7.116198363805899e-05
2022-04-06 11:45:00+00:00,7.021156709775983e-05
2022-04-06 11:50:00+00:00,6.815991790806386e-05
2022-04-06 11:55:00+00:00,5.969674880754113e-05
2022-04-06 12:00:00+00:00,2.6674671172134145e-05
2022-04-06 12:05:00+00:00,2.7523308220154664e-05
2022-04-06 12:10:00+00:00,2.9717406585243436e-05
2022-04-06 12:15:00+00:00,2.4619021423442375e-05
2022-04-06 12:20:00+00:00,2.6116709229031927e-05
2022-04-06 12:25:00+00:00,1.8224820641305785e-05
2022-04-06 12:30:00+00:00,2.6175799234290612e-05
2022-04-06 12:35:00+00:00,1.8051135506325704e-05
2022-04-06 12:40:00+00:00,1.696151727215546e-05
2022-04-06 12:45:00+00:00,1.407229131148269e-05
2022-04-06 12:50:00+00:00,1.354984676875427e-05
2022-04-06 12:55:00+00:00,1.6175193890156684e-05
2022-04-06 13:00:00+00:00,1.5840386712810307e-05
2022-04-06 13:05:00+00:00,1.925895425938926e-05
2022-04-06 13:10:00+00:00,2.693688369037163e-05
2022-04-06 13:15:00+00:00,2.027403082099543e-05
2022-04-06 13:20:00+00:00,5.0275926285197025e-05
2022-04-07 03:10:00+00:00,0.0001594100789716868
2022-04-07 03:15:00+00:00,0.0001178185213292826
2022-04-07 03:20:00+00:00,0.00010591849718556687
2022-04-07 03:25:00+00:00,7.639614984542827e-05
2022-04-07 03:30:00+00:00,2.5670084474376143e-05
2022-04-07 03:35:00+00:00,3.268589593341985e-05
2022-04-07 03:40:00+00:00,3.373546527468574e-05
2022-04-07 03:45:00+00:00,2.8603634181162825e-05
2022-04-07 03:50:00+00:00,1.9748509600507627e-05
2022-04-07 03:55:00+00:00,2.119349781735178e-05
2022-04-07 04:00:00+00:00,2.3509438698871763e-05
2022-04-07 04:05:00+00:00,2.497128763918085e-05
2022-04-07 04:10:00+00:00,2.6289751751790367e-05
2022-04-07 04:15:00+00:00,2.7278917952881736e-05
2022-04-07 04:20:00+00:00,6.598112627612624e-05
2022-04-07 04:25:00+00:00,8.204514493746614e-05
2022-04-07 04:30:00+00:00,8.29252280048482e-05
2022-04-07 04:35:00+00:00,6.57659327261209e-05
2022-04-07 04:40:00+00:00,7.970485154625181e-05
2022-04-07 04:45:00+00:00,5.1810510997517514e-05
2022-04-07 04:50:00+00:00,2.8370317014822418e-05
2022-04-07 04:55:00+00:00,2.9935376123825638e-05
2022-04-07 05:00:00+00:00,5.020907304190383e-05
2022-04-07 05:05:00+00:00,6.373421678571221e-05
2022-04-07 05:10:00+00:00,5.190755853283033e-05
2022-04-07 05:15:00+00:00,5.546165846733638e-05
2022-04-07 05:20:00+00:00,4.3499591319036764e-05
2022-04-07 05:25:00+00:00,5.530080914231745e-05
2022-04-07 05:30:00+00:00,6.651925334224485e-05
2022-04-07 05:35:00+00:00,4.9416652185570756e-05
2022-04-07 05:40:00+00:00,4.519487137238917e-05
2022-04-07 05:45:00+00:00,3.486652730195381e-05
2022-04-07 05:50:00+00:00,4.2047282964115795e-05
2022-04-07 05:55:00+00:00,4.9435287530490326e-05
2022-04-07 06:00:00+00:00,4.7087190782542676e-05
2022-04-07 06:05:00+00:00,7.769360466087243e-05
2022-04-07 06:10:00+00:00,0.0002340503391202337
2022-04-07 06:15:00+00:00,0.000467491948499374
2022-04-07 06:20:00+00:00,0.0006260441625177068
2022-04-07 06:25:00+00:00,0.0006610628895132633
2022-04-07 06:30:00+00:00,0.0005644120866381423
2022-04-07 06:35:00+00:00,0.0005691427610963263
2022-04-07 06:40:00+00:00,0.0004011143686877383
2022-04-07 06:45:00+00:00,0.00015250025943462522
2022-04-07 06:50:00+00:00,8.398341939051853e-05
2022-04-07 06:55:00+00:00,5.2442592249912466e-05
2022-04-07 07:00:00+00:00,0.00014059082128365502
2022-04-07 07:05:00+00:00,0.00029814308566921267
2022-04-07 07:10:00+00:00,0.0002838768806853906
2022-04-07 07:15:00+00:00,0.0002723207448886006
2022-04-07 07:20:00+00:00,0.00025658493691598167
2022-04-07 07:25:00+00:00,0.0003463371061018597
2022-04-07 07:30:00+00:00,0.00024956894553300344
2022-04-07 07:35:00+00:00,0.0011095666080404845
2022-04-07 07:40:00+00:00,0.00013863082100084326
2022-04-07 07:45:00+00:00,0.00012950755754243968
2022-04-07 07:50:00+00:00,0.00022291071873652957
2022-04-07 07:55:00+00:00,0.0001993151217101695
2022-04-07 08:00:00+00:00,0.0001898612028638491
2022-04-07 08:05:00+00:00,0.0002352798334148926
2022-04-07 08:10:00+00:00,0.00016541461688651595
2022-04-07 08:15:00+00:00,0.00013590078630605404
2022-04-07 08:20:00+00:00,0.00013962947468919824
2022-04-07 08:25:00+00:00,0.0001076141532956178
2022-04-07 08:30:00+00:00,0.00017840319561022834
2022-04-07 08:35:00+00:00,7.513450579839369e-05
2022-04-07 08:40:00+00:00,0.00026096362403590885
2022-04-07 08:45:00+00:00,0.0006846307212253084
2022-04-07 08:50:00+00:00,0.0007773718510626417
2022-04-07 08:55:00+00:00,0.0006256628941750824
2022-04-07 09:00:00+00:00,0.000784703655193184
2022-04-07 09:05:00+00:00,0.0009494346820148057
2022-04-07 09:10:00+00:00,0.0007466457086950327
2022-04-07 09:15:00+00:00,0.000779506092990303
2022-04-07 09:20:00+00:00,0.0005876699348773252
2022-04-07 09:25:00+00:00,0.0010755023838718348
2022-04-07 09:30:00+00:00,0.0007304711726257585
2022-04-07 09:35:00+00:00,0.00042374187009288424
2022-04-07 09:40:00+00:00,0.00024606711707402695
2022-04-07 09:45:00+00:00,0.00045475647342657903
2022-04-07 09:50:00+00:00,0.0006781772696330948
2022-04-07 09:55:00+00:00,0.0006240218018476252
2022-04-07 10:00:00+00:00,0.0006372408090258894
2022-04-07 10:05:00+00:00,0.0007206659442864827
2022-04-07 10:10:00+00:00,0.0008009556481821078
2022-04-07 10:15:00+00:00,0.0005170842319841406
2022-04-07 10:20:00+00:00,0.00025629008497504214
2022-04-07 10:25:00+00:00,0.00026954037221050653
2022-04-07 10:30:00+00:00,0.0003024147113979879
2022-04-07 10:35:00+00:00,0.0001225966030430716
2022-04-07 10:40:00+00:00,7.421395642593279e-05
2022-04-07 10:45:00+00:00,0.00010493157502521298
2022-04-07 10:50:00+00:00,7.966154235082568e-05
2022-04-07 10:55:00+00:00,5.571550551007707e-05
2022-04-07 11:00:00+00:00,3.7761097133095546e-05
2022-04-07 11:05:00+00:00,3.574372127674257e-05
2022-04-07 11:10:00+00:00,4.9623772577702106e-05
2022-04-07 11:15:00+00:00,4.801351981821694e-05
2022-04-07 11:20:00+00:00,3.9030531392758136e-05
2022-04-07 11:25:00+00:00,4.438466011071196e-05
2022-04-07 11:30:00+00:00,8.983868376395964e-05
2022-04-07 11:35:00+00:00,8.787310573318453e-05
2022-04-07 11:40:00+00:00,8.532366864614088e-05
2022-04-07 11:45:00+00:00,8.529793932177505e-05
2022-04-07 11:50:00+00:00,9.509758216925006e-05
2022-04-07 11:55:00+00:00,9.509672580833865e-05
2022-04-07 12:00:00+00:00,4.619973959595335e-05
2022-04-07 12:05:00+00:00,4.2862710842809485e-05
2022-04-07 12:10:00+00:00,3.597720851531081e-05
2022-04-07 12:15:00+00:00,3.561422098911758e-05
2022-04-07 12:20:00+00:00,2.829534617465498e-05
2022-04-07 12:25:00+00:00,3.644689128536976e-05
2022-04-07 12:30:00+00:00,3.686991792333269e-05
2022-04-07 12:35:00+00:00,3.956046594432876e-05
2022-04-07 12:40:00+00:00,5.765346241918681e-05
2022-04-07 12:45:00+00:00,5.356648213699631e-05
2022-04-07 12:50:00+00:00,4.4621892808003836e-05
2022-04-07 12:55:00+00:00,4.154045859133867e-05
2022-04-07 13:00:00+00:00,5.828735999743109e-05
2022-04-07 13:05:00+00:00,5.062171051489005e-05
2022-04-07 13:10:00+00:00,6.027369870005678e-05
2022-04-07 13:15:00+00:00,8.905525115785312e-05
2022-04-07 13:20:00+00:00,8.95712374745738e-05
2022-04-07 13:25:00+00:00,7.978823845794736e-05
2022-04-08 03:15:00+00:00,0.000514667431464195
2022-04-08 03:20:00+00:00,0.0005710722660031026
2022-04-08 03:25:00+00:00,0.0007235117286191896
2022-04-08 03:30:00+00:00,0.000397818874504778
2022-04-08 03:35:00+00:00,0.00023777961677437262
2022-04-08 03:40:00+00:00,0.00018050609994439183
2022-04-08 03:45:00+00:00,9.803388685703013e-05
2022-04-08 03:50:00+00:00,6.118974438156556e-05
2022-04-08 03:55:00+00:00,4.8990360831731556e-05
2022-04-08 04:00:00+00:00,4.723181716824953e-05
2022-04-08 04:05:00+00:00,4.0444255232566996e-05
2022-04-08 04:10:00+00:00,3.436768013242123e-05
2022-04-08 04:15:00+00:00,3.9509632284932166e-05
2022-04-08 04:20:00+00:00,4.693433385099834e-05
2022-04-08 04:25:00+00:00,5.011318373615924e-05
2022-04-08 04:30:00+00:00,4.713810375313497e-05
2022-04-08 04:35:00+00:00,3.289922362038071e-05
2022-04-08 04:40:00+00:00,2.6781538621290344e-05
2022-04-08 04:45:00+00:00,2.745519593006397e-05
2022-04-08 04:50:00+00:00,3.216304232997398e-05
2022-04-08 04:55:00+00:00,3.37938377247468e-05
2022-04-08 05:00:00+00:00,2.6447504395309763e-05
2022-04-08 05:05:00+00:00,2.8930221449468988e-05
2022-04-08 05:10:00+00:00,2.8894250174292843e-05
2022-04-08 05:15:00+00:00,2.438432351900933e-05
2022-04-08 05:20:00+00:00,2.4364837107423943e-05
2022-04-08 05:25:00+00:00,3.395143061168146e-05
2022-04-08 05:30:00+00:00,5.104753820649411e-05
2022-04-08 05:35:00+00:00,4.331604298512792e-05
2022-04-08 05:40:00+00:00,3.020449722102741e-05
2022-04-08 05:45:00+00:00,2.2311061645770025e-05
2022-04-08 05:50:00+00:00,2.299463331706377e-05
2022-04-08 05:55:00+00:00,2.0676438187577233e-05
2022-04-08 06:00:00+00:00,2.170335034493629e-05
2022-04-08 06:05:00+00:00,4.6473275669015474e-05
2022-04-08 06:10:00+00:00,4.604159629149303e-05
2022-04-08 06:15:00+00:00,4.806573334697988e-05
2022-04-08 06:20:00+00:00,5.4617734620298806e-05
2022-04-08 06:25:00+00:00,7.516396230215212e-05
2022-04-08 06:30:00+00:00,6.122084458268614e-05
2022-04-08 06:35:00+00:00,3.090038369251024e-05
2022-04-08 06:40:00+00:00,3.0477802643911225e-05
2022-04-08 06:45:00+00:00,3.712916059168597e-05
2022-04-08 06:50:00+00:00,3.981265201674021e-05
2022-04-08 06:55:00+00:00,3.319815765131904e-05
2022-04-08 07:00:00+00:00,3.0785621341323645e-05
2022-04-08 07:05:00+00:00,2.946644443224291e-05
2022-04-08 07:10:00+00:00,3.702581783324764e-05
2022-04-08 07:15:00+00:00,4.94300260732615e-05
2022-04-08 07:20:00+00:00,5.0875923433313536e-05
2022-04-08 07:25:00+00:00,5.364345599093432e-05
2022-04-08 07:30:00+00:00,0.00032163379546467356
2022-04-08 07:35:00+00:00,0.0003353712057541905
2022-04-08 07:40:00+00:00,0.00032293319354477945
2022-04-08 07:45:00+00:00,0.0003069786305449699
2022-04-08 07:50:00+00:00,0.0007887224660364833
2022-04-08 07:55:00+00:00,0.0001283583692670746
2022-04-08 08:00:00+00:00,4.081653036728902e-05
2022-04-08 08:05:00+00:00,4.4201022120954834e-05
2022-04-08 08:10:00+00:00,1.813984829656706e-05
2022-04-08 08:15:00+00:00,2.091546733026964e-05
2022-04-08 08:20:00+00:00,1.844294826438817e-05
2022-04-08 08:25:00+00:00,3.463924322594337e-05
2022-04-08 08:30:00+00:00,0.00032650471559102435
2022-04-08 08:35:00+00:00,9.794522854197962e-05
2022-04-08 08:40:00+00:00,0.00010576278544811827
2022-04-08 08:45:00+00:00,9.27253413424762e-05
2022-04-08 08:50:00+00:00,0.00011289381952105374
2022-04-08 08:55:00+00:00,0.00014669049307950246
2022-04-08 09:00:00+00:00,0.00022915536797010682
2022-04-08 09:05:00+00:00,0.00034775128763637586
2022-04-08 09:10:00+00:00,0.0003471724382019358
2022-04-08 09:15:00+00:00,0.00035952570836321934
2022-04-08 09:20:00+00:00,0.0004690769332137392
2022-04-08 09:25:00+00:00,0.0004326639300585623
2022-04-08 09:30:00+00:00,0.0002618419564133833
2022-04-08 09:35:00+00:00,0.00027436413564984344
2022-04-08 09:40:00+00:00,0.000271639909319268
2022-04-08 09:45:00+00:00,0.00026502580432143894
2022-04-08 09:50:00+00:00,0.00021961607202044856
2022-04-08 09:55:00+00:00,0.0002325073648659622
2022-04-08 10:00:00+00:00,0.00016966109864598492
2022-04-08 10:05:00+00:00,0.00020425513397657333
2022-04-08 10:10:00+00:00,0.00019619468625409637
2022-04-08 10:15:00+00:00,0.00017779117214190463
2022-04-08 10:20:00+00:00,0.000244529694582925
2022-04-08 10:25:00+00:00,0.0001831211114758561
2022-04-08 10:30:00+00:00,0.0003223471379224564
2022-04-08 10:35:00+00:00,0.0003717525106423797
2022-04-08 10:40:00+00:00,0.0003681602351688962
2022-04-08 10:45:00+00:00,0.00033128724608572275
2022-04-08 10:50:00+00:00,0.0002696851188417301
2022-04-08 10:55:00+00:00,0.0003301289235737045
2022-04-08 11:00:00+00:00,0.00017311080995738716
2022-04-08 11:05:00+00:00,0.00018174918453104988
2022-04-08 11:10:00+00:00,0.0002162419485710029
2022-04-08 11:15:00+00:00,0.0001522590133694522
2022-04-08 11:20:00+00:00,0.00010455415292281778
2022-04-08 11:25:00+00:00,8.335972021801745e-05
2022-04-08 11:30:00+00:00,6.460916636802663e-05
2022-04-08 11:35:00+00:00,5.9074284814981025e-05
2022-04-08 11:40:00+00:00,5.643960369013716e-05
2022-04-08 11:45:00+00:00,6.611176380118134e-05
2022-04-08 11:50:00+00:00,6.132648167396982e-05
2022-04-08 11:55:00+00:00,6.385399935995473e-05
2022-04-08 12:00:00+00:00,5.443666653732702e-05
2022-04-08 12:05:00+00:00,6.517095773342587e-05
2022-04-08 12:10:00+00:00,6.313396430272054e-05
2022-04-08 12:15:00+00:00,4.39078572969566e-05
2022-04-08 12:20:00+00:00,2.9505334393075915e-05
2022-04-08 12:25:00+00:00,3.772851416008953e-05
2022-04-08 12:30:00+00:00,3.77250793053163e-05
2022-04-08 12:35:00+00:00,4.230413426732099e-05
2022-04-08 12:40:00+00:00,2.2373651724756187e-05
2022-04-08 12:45:00+00:00,1.9067999141912366e-05
2022-04-08 12:50:00+00:00,2.232867516008387e-05
2022-04-08 12:55:00+00:00,2.5971613948312554e-05
2022-04-08 13:00:00+00:00,3.6564915131209456e-05
2022-04-08 13:05:00+00:00,2.650878782889069e-05
2022-04-08 13:10:00+00:00,2.0174565253804806e-05
2022-04-08 13:15:00+00:00,1.5943616908836508e-05
2022-04-08 13:20:00+00:00,1.6434815394178286e-05
2022-04-08 13:25:00+00:00,5.995152733046977e-05
2022-04-09 03:30:00+00:00,0.0006599011707913262
2022-04-09 03:35:00+00:00,0.0003909593562712233
2022-04-09 03:40:00+00:00,0.00022253063955961726
2022-04-09 03:45:00+00:00,0.00011577993819704224
2022-04-09 03:50:00+00:00,3.132081664661507e-05
2022-04-09 03:55:00+00:00,2.2111304470970048e-05
2022-04-09 04:00:00+00:00,1.9886045538635792e-05
2022-04-09 04:05:00+00:00,2.5381256008921046e-05
2022-04-09 04:10:00+00:00,2.994003350383168e-05
2022-04-09 04:15:00+00:00,2.917717784350677e-05
2022-04-09 04:20:00+00:00,2.3273992367926134e-05
2022-04-09 04:25:00+00:00,1.707339396602714e-05
2022-04-09 04:30:00+00:00,1.710719697385013e-05
2022-04-09 04:35:00+00:00,2.021454789791491e-05
2022-04-09 04:40:00+00:00,2.8518659139683265e-05
2022-04-09 04:45:00+00:00,3.614091501405891e-05
2022-04-09 04:50:00+00:00,4.302579101765328e-05
2022-04-09 04:55:00+00:00,4.412487426718032e-05
2022-04-09 05:00:00+00:00,4.401522586892353e-05
2022-04-09 05:05:00+00:00,5.190831896505213e-05
2022-04-09 05:10:00+00:00,6.049964554247731e-05
2022-04-09 05:15:00+00:00,6.31001570590005e-05
2022-04-09 05:20:00+00:00,7.253882863892134e-05
2022-04-09 05:25:00+00:00,8.047690712477821e-05
2022-04-09 05:30:00+00:00,7.612127306193966e-05
2022-04-09 05:35:00+00:00,7.104451359226375e-05
2022-04-09 05:40:00+00:00,7.641373253935178e-05
2022-04-09 05:45:00+00:00,8.060512482788543e-05
2022-04-09 05:50:00+00:00,8.397821406533508e-05
2022-04-09 05:55:00+00:00,6.641605018915048e-05
2022-04-09 06:00:00+00:00,6.703258828997968e-05
2022-04-09 06:05:00+00:00,7.760188102121118e-05
2022-04-09 06:10:00+00:00,3.5546402246224185e-05
2022-04-09 06:15:00+00:00,5.815800148614869e-05
2022-04-09 06:20:00+00:00,6.795232248048633e-05
2022-04-09 06:25:00+00:00,0.00011750192614847638
2022-04-09 06:30:00+00:00,0.00013220325224190822
2022-04-09 06:35:00+00:00,0.0001238678644093733
2022-04-09 06:40:00+00:00,0.00022962869628719465
2022-04-09 06:45:00+00:00,0.00028533535330420615
2022-04-09 06:50:00+00:00,0.0003002240032163469
2022-04-09 06:55:00+00:00,0.00032568729648098827
2022-04-09 07:00:00+00:00,0.00036266220270757813
2022-04-09 07:05:00+00:00,0.0005146000743864025
2022-04-09 07:10:00+00:00,0.0004270967835704589
2022-04-09 07:15:00+00:00,0.0003752475631354634
2022-04-09 07:20:00+00:00,0.00041998308891397977
2022-04-09 07:25:00+00:00,0.00038839266329276993
2022-04-09 07:30:00+00:00,0.0005595115458012085
2022-04-09 07:35:00+00:00,0.00039213569000504567
2022-04-09 07:40:00+00:00,0.0005237916258503422
2022-04-09 07:45:00+00:00,0.0006027907221287036
2022-04-09 07:50:00+00:00,0.0005543532091064919
2022-04-09 07:55:00+00:00,0.0004774681272303364
2022-04-09 08:00:00+00:00,0.00031798692572195257
2022-04-09 08:05:00+00:00,0.0003147829461231279
2022-04-09 08:10:00+00:00,0.00019791943049664995
2022-04-09 08:15:00+00:00,0.00034568519992890485
2022-04-09 08:20:00+00:00,0.0005465012871258678
2022-04-09 08:25:00+00:00,0.0006032090008220035
2022-04-09 08:30:00+00:00,0.0005614349619617716
2022-04-09 08:35:00+00:00,0.0005748622931567021
2022-04-09 08:40:00+00:00,0.0007312169703637425
2022-04-09 08:45:00+00:00,0.0009013607122825026
2022-04-09 08:50:00+00:00,0.0005090529727940983
2022-04-09 08:55:00+00:00,0.0007926502656068681
2022-04-09 09:00:00+00:00,0.0008669752286156962
2022-04-09 09:05:00+00:00,0.001307251073227255
2022-04-09 09:10:00+00:00,0.0010443345474436495
2022-04-09 09:15:00+00:00,0.00045591067805848237
2022-04-09 09:20:00+00:00,0.0006439688336968922
2022-04-09 09:25:00+00:00,0.0002961146162109987
2022-04-09 09:30:00+00:00,0.00015130899354378396
2022-04-09 09:35:00+00:00,0.00012940170147453958
2022-04-09 09:40:00+00:00,0.00012325904896143763
2022-04-09 09:45:00+00:00,9.16391243307789e-05
2022-04-09 09:50:00+00:00,6.500804591489615e-05
2022-04-09 09:55:00+00:00,6.796088293956072e-05
2022-04-09 10:00:00+00:00,0.0001206375579878029
2022-04-09 10:05:00+00:00,0.00010408173450382515
2022-04-09 10:10:00+00:00,0.00018003781146015504
2022-04-09 10:15:00+00:00,0.00013742681985273194
2022-04-09 10:20:00+00:00,0.00011864345402368506
2022-04-09 10:25:00+00:00,0.00011690837418148777
2022-04-09 10:30:00+00:00,0.0001805302938727597
2022-04-09 10:35:00+00:00,0.0001208785224248248
2022-04-09 10:40:00+00:00,0.00010014947800339483
2022-04-09 10:45:00+00:00,0.00010151141893533182
2022-04-09 10:50:00+00:00,0.00010597982508749424
2022-04-09 10:55:00+00:00,0.00015568734891953397
2022-04-09 11:00:00+00:00,9.128585596654763e-05
2022-04-09 11:05:00+00:00,8.339902013640402e-05
2022-04-09 11:10:00+00:00,7.548030649719137e-05
2022-04-09 11:15:00+00:00,7.019945000388467e-05
2022-04-09 11:20:00+00:00,7.189376505713712e-05
2022-04-09 11:25:00+00:00,2.6271139882555127e-05
2022-04-09 11:30:00+00:00,5.0105231646609455e-05
2022-04-09 11:35:00+00:00,7.935529029692853e-05
2022-04-09 11:40:00+00:00,0.00010340207551465975
2022-04-09 11:45:00+00:00,0.00021042489839956423
2022-04-09 11:50:00+00:00,0.00027758396415096135
2022-04-09 11:55:00+00:00,0.0002770192123248948
2022-04-09 12:00:00+00:00,0.00042124305410291314
2022-04-09 12:05:00+00:00,0.0005141745328287122
2022-04-09 12:10:00+00:00,0.00038066718294719787
2022-04-09 12:15:00+00:00,0.0004348494582313608
2022-04-09 12:20:00+00:00,0.0004421426316679642
2022-04-09 12:25:00+00:00,0.00040371289868799736
2022-04-09 12:30:00+00:00,0.0005440642033829748
2022-04-09 12:35:00+00:00,0.0004283708362994588
2022-04-09 12:40:00+00:00,0.00017695459976299003
2022-04-09 12:45:00+00:00,0.00014891104164886833
2022-04-09 12:50:00+00:00,0.0001446093544197039
2022-04-09 12:55:00+00:00,8.282369811603689e-05
2022-04-09 13:00:00+00:00,5.0468491212595724e-05
2022-04-09 13:05:00+00:00,8.44917128674997e-05
2022-04-10 03:30:00+00:00,9.432081942067807e-05
2022-04-10 03:35:00+00:00,7.44316401928615e-05
2022-04-10 03:40:00+00:00,4.86864647405165e-05
2022-04-10 03:45:00+00:00,7.827800557790564e-05
2022-04-10 03:50:00+00:00,9.662605013204112e-05
2022-04-10 03:55:00+00:00,0.00010855260017672243
2022-04-10 04:00:00+00:00,7.701877492757893e-05
2022-04-10 04:05:00+00:00,6.195899591734591e-05
2022-04-10 04:10:00+00:00,6.222655020629378e-05
2022-04-10 04:15:00+00:00,6.632440757772443e-05
2022-04-10 04:20:00+00:00,7.306932180972908e-05
2022-04-10 04:25:00+00:00,9.839051220617756e-05
2022-04-10 04:30:00+00:00,8.356912912391741e-05
2022-04-10 04:35:00+00:00,8.787884600333682e-05
2022-04-10 04:40:00+00:00,0.00011116635581117795
2022-04-10 04:45:00+00:00,9.683358700575993e-05
2022-04-10 04:50:00+00:00,0.0001067081130569124
2022-04-10 04:55:00+00:00,0.00013132893410043107
2022-04-10 05:00:00+00:00,0.00013421005895244704
2022-04-10 05:05:00+00:00,0.00013178036949401746
2022-04-10 05:10:00+00:00,9.733392883348247e-05
2022-04-10 05:15:00+00:00,0.00010599901721451309
2022-04-10 05:20:00+00:00,0.00010934869808522836
2022-04-10 05:25:00+00:00,0.00011709084849289691
2022-04-10 05:30:00+00:00,7.464617279554712e-05
2022-04-10 05:35:00+00:00,5.455736131933978e-05
2022-04-10 05:40:00+00:00,5.000467754608173e-05
2022-04-10 05:45:00+00:00,5.560397263266655e-05
2022-04-10 05:50:00+00:00,0.00029458910687830194
2022-04-10 05:55:00+00:00,0.0003474677721362785
2022-04-10 06:00:00+00:00,0.0003693836735094689
2022-04-10 06:05:00+00:00,0.0003815162907814229
2022-04-10 06:10:00+00:00,0.0003573496187967216
2022-04-10 06:15:00+00:00,0.00017071903334280424
2022-04-10 06:20:00+00:00,4.671627340920952e-05
2022-04-10 06:25:00+00:00,5.5795144685879295e-05
2022-04-10 06:30:00+00:00,5.955077635527488e-05
2022-04-10 06:35:00+00:00,5.628728760083429e-05
2022-04-10 06:40:00+00:00,6.064331913546235e-05
2022-04-10 06:45:00+00:00,4.600704227123036e-05
2022-04-10 06:50:00+00:00,4.514702699993855e-05
2022-04-10 06:55:00+00:00,5.5682782032825555e-05
2022-04-10 07:00:00+00:00,7.155179204931461e-05
2022-04-10 07:05:00+00:00,6.930683343104595e-05
2022-04-10 07:10:00+00:00,5.2432101925158786e-05
2022-04-10 07:15:00+00:00,3.66039172769592e-05
2022-04-10 07:20:00+00:00,4.060672284901545e-05
2022-04-10 07:25:00+00:00,2.499961026202003e-05
2022-04-10 07:30:00+00:00,2.6122975944533906e-05
2022-04-10 07:35:00+00:00,3.110878311584684e-05
2022-04-10 07:40:00+00:00,3.397198622306157e-05
2022-04-10 07:45:00+00:00,2.4157868486306356e-05
2022-04-10 07:50:00+00:00,2.2142684518141438e-05
2022-04-10 07:55:00+00:00,2.231696149711525e-05
2022-04-10 08:00:00+00:00,2.6834142996963108e-05
2022-04-10 08:05:00+00:00,2.67956698033556e-05
2022-04-10 08:10:00+00:00,2.8747726224214636e-05
2022-04-10 08:15:00+00:00,1.797835375598154e-05
2022-04-10 08:20:00+00:00,3.6091772833307465e-05
2022-04-10 08:25:00+00:00,4.3755185443129064e-05
2022-04-10 08:30:00+00:00,4.230374717047909e-05
2022-04-10 08:35:00+00:00,2.5134675849582845e-05
2022-04-10 08:40:00+00:00,2.3171630326451115e-05
2022-04-10 08:45:00+00:00,5.24759681879685e-05
2022-04-10 08:50:00+00:00,5.401209438016515e-05
2022-04-10 08:55:00+00:00,4.9045264795950184e-05
2022-04-10 09:00:00+00:00,3.812086452319892e-05
2022-04-10 09:05:00+00:00,3.27416419660704e-05
2022-04-10 09:10:00+00:00,7.045469547676369e-05
2022-04-10 09:15:00+00:00,6.297384987265052e-05
2022-04-10 09:20:00+00:00,8.97671475251105e-05
2022-04-10 09:25:00+00:00,0.00011809992343289009
2022-04-10 09:30:00+00:00,0.0001324920879759776
2022-04-10 09:35:00+00:00,0.00013194593130942128
2022-04-10 09:40:00+00:00,0.000109226850916819
2022-04-10 09:45:00+00:00,0.000183769660720657
2022-04-10 09:50:00+00:00,6.017814030960635e-05
2022-04-10 09:55:00+00:00,6.451907040437541e-05
2022-04-10 10:00:00+00:00,5.5422965268994224e-05
2022-04-10 10:05:00+00:00,0.0002668598927506102
2022-04-10 10:10:00+00:00,0.0002006490190388047
2022-04-10 10:15:00+00:00,0.000197412777707541
2022-04-10 10:20:00+00:00,0.000200213266408097
2022-04-10 10:25:00+00:00,0.0001355023900224454
2022-04-10 10:30:00+00:00,0.0001482970260086248
2022-04-10 10:35:00+00:00,7.286314079813236e-05
2022-04-10 10:40:00+00:00,6.803801598268772e-05
2022-04-10 10:45:00+00:00,5.207192576677463e-05
2022-04-10 10:50:00+00:00,4.841487469181419e-05
2022-04-10 10:55:00+00:00,6.0937771905390006e-05
2022-04-10 11:00:00+00:00,4.149547758092636e-05
2022-04-10 11:05:00+00:00,3.325698389190949e-05
2022-04-10 11:10:00+00:00,2.2849634250392038e-05
2022-04-10 11:15:00+00:00,4.8053578478875555e-05
2022-04-10 11:20:00+00:00,3.8609381277292544e-05
2022-04-10 11:25:00+00:00,3.1314983739509895e-05
2022-04-10 11:30:00+00:00,3.4221064657395625e-05
2022-04-10 11:35:00+00:00,3.743835555163557e-05
2022-04-10 11:40:00+00:00,3.261488483348502e-05
2022-04-10 11:45:00+00:00,1.5026937893796692e-05
2022-04-10 11:50:00+00:00,1.5218839246475299e-05
2022-04-10 11:55:00+00:00,2.2554196129986168e-05
2022-04-10 12:00:00+00:00,2.8916177496046407e-05
2022-04-10 12:05:00+00:00,2.688236667574003e-05
2022-04-10 12:10:00+00:00,2.7865775255726025e-05
2022-04-10 12:15:00+00:00,2.385148151296725e-05
2022-04-10 12:20:00+00:00,2.3950774788931064e-05
2022-04-10 12:25:00+00:00,3.0965786530772226e-05
2022-04-10 12:30:00+00:00,2.948631696908747e-05
2022-04-10 12:35:00+00:00,2.9039610379563046e-05
2022-04-10 12:40:00+00:00,3.0400146380535284e-05
2022-04-10 12:45:00+00:00,1.5702224614563036e-05
2022-04-10 12:50:00+00:00,1.9659133240670863e-05
2022-04-10 12:55:00+00:00,1.9129625805131185e-05
2022-04-10 13:00:00+00:00,6.110052737408457e-05
2022-04-10 13:05:00+00:00,4.6376884771106604e-05
2022-04-10 13:10:00+00:00,7.516627987777305e-05
2022-04-11 03:25:00+00:00,0.0005443509960853983
2022-04-11 03:30:00+00:00,0.0004689649156465653
2022-04-11 03:35:00+00:00,0.00027459231916828565
2022-04-11 03:40:00+00:00,0.0001841098265197359
2022-04-11 03:45:00+00:00,0.00012489825806442985
2022-04-11 03:50:00+00:00,2.856040137719439e-05
2022-04-11 03:55:00+00:00,2.9552198908270854e-05
2022-04-11 04:00:00+00:00,3.344947257442683e-05
2022-04-11 04:05:00+00:00,3.6766850297167576e-05
2022-04-11 04:10:00+00:00,4.1106118474735694e-05
2022-04-11 04:15:00+00:00,5.9102852367327576e-05
2022-04-11 04:20:00+00:00,7.651003562049666e-05
2022-04-11 04:25:00+00:00,6.136999123442999e-05
2022-04-11 04:30:00+00:00,3.926080853712096e-05
2022-04-11 04:35:00+00:00,3.18749581417312e-05
2022-04-11 04:40:00+00:00,2.9006611241382643e-05
2022-04-11 04:45:00+00:00,2.5528784182846476e-05
2022-04-11 04:50:00+00:00,5.0141971895642e-05
2022-04-11 04:55:00+00:00,5.5996612185753354e-05
2022-04-11 05:00:00+00:00,5.98886522407376e-05
2022-04-11 05:05:00+00:00,6.214195784704556e-05
2022-04-11 05:10:00+00:00,5.599295856549455e-05
2022-04-11 05:15:00+00:00,4.78042210075748e-05
2022-04-11 05:20:00+00:00,2.266016278985232e-05
2022-04-11 05:25:00+00:00,2.8307025161191295e-05
2022-04-11 05:30:00+00:00,2.5514944936783416e-05
2022-04-11 05:35:00+00:00,3.0707331772119986e-05
2022-04-11 05:40:00+00:00,3.636793092699469e-05
2022-04-11 05:45:00+00:00,3.530650667656257e-05
2022-04-11 05:50:00+00:00,3.194996743691335e-05
2022-04-11 05:55:00+00:00,2.9616206317165726e-05
2022-04-11 06:00:00+00:00,2.8065915907002446e-05
2022-04-11 06:05:00+00:00,5.0203436592493034e-05
2022-04-11 06:10:00+00:00,4.231553033680945e-05
2022-04-11 06:15:00+00:00,2.7896054649610275e-05
2022-04-11 06:20:00+00:00,1.9284097127537204e-05
2022-04-11 06:25:00+00:00,2.4483284840148676e-05
2022-04-11 06:30:00+00:00,2.5826517859166075e-05
2022-04-11 06:35:00+00:00,2.2119462246820397e-05
2022-04-11 06:40:00+00:00,3.658357180684325e-05
2022-04-11 06:45:00+00:00,4.7828378629622504e-05
2022-04-11 06:50:00+00:00,5.159271923355223e-05
2022-04-11 06:55:00+00:00,4.161930263166304e-05
2022-04-11 07:00:00+00:00,3.1116228533789716e-05
2022-04-11 07:05:00+00:00,2.6461380498263258e-05
2022-04-11 07:10:00+00:00,2.345784473157508e-05
2022-04-11 07:15:00+00:00,2.2405644672881413e-05
2022-04-11 07:20:00+00:00,2.1573748889843013e-05
2022-04-11 07:25:00+00:00,2.66822290644438e-05
2022-04-11 07:30:00+00:00,3.7190129010295605e-05
2022-04-11 07:35:00+00:00,3.809805940426178e-05
2022-04-11 07:40:00+00:00,2.7139668619338873e-05
2022-04-11 07:45:00+00:00,1.7719410585391333e-05
2022-04-11 07:50:00+00:00,5.949789453018134e-05
2022-04-11 07:55:00+00:00,8.991335480051373e-05
2022-04-11 08:00:00+00:00,0.0001073463879997135
2022-04-11 08:05:00+00:00,9.747234084657327e-05
2022-04-11 08:10:00+00:00,7.319576928369303e-05
2022-04-11 08:15:00+00:00,7.850242709785434e-05
2022-04-11 08:20:00+00:00,4.568761843093791e-05
2022-04-11 08:25:00+00:00,4.55735473408352e-05
2022-04-11 08:30:00+00:00,3.689047303637536e-05
2022-04-11 08:35:00+00:00,2.3643403784481542e-05
2022-04-11 08:40:00+00:00,1.6627313823125122e-05
2022-04-11 08:45:00+00:00,1.7786393996724025e-05
2022-04-11 08:50:00+00:00,2.4778511123064472e-05
2022-04-11 08:55:00+00:00,1.8172644686512404e-05
2022-04-11 09:00:00+00:00,2.9809353814580165e-05
2022-04-11 09:05:00+00:00,2.5069755599570176e-05
2022-04-11 09:10:00+00:00,2.4203848129580562e-05
2022-04-11 09:15:00+00:00,5.024522551529943e-05
2022-04-11 09:20:00+00:00,4.497314335065623e-05
2022-04-11 09:25:00+00:00,3.979277851669502e-05
2022-04-11 09:30:00+00:00,2.9435377779550632e-05
2022-04-11 09:35:00+00:00,5.1584964014463795e-05
2022-04-11 09:40:00+00:00,0.00019909409450276705
2022-04-11 09:45:00+00:00,0.00025964167653146867
2022-04-11 09:50:00+00:00,0.0006257493670495311
2022-04-11 09:55:00+00:00,0.0006437418457233161
2022-04-11 10:00:00+00:00,0.0006625046128233915
2022-04-11 10:05:00+00:00,0.0006203814095738992
2022-04-11 10:10:00+00:00,0.0004999694006421091
2022-04-11 10:15:00+00:00,0.0003694744024713537
2022-04-11 10:20:00+00:00,6.0229563069915484e-05
2022-04-11 10:25:00+00:00,3.2822531233781904e-05
2022-04-11 10:30:00+00:00,2.3296690081338872e-05
2022-04-11 10:35:00+00:00,1.5341647753777057e-05
2022-04-11 10:40:00+00:00,1.3837495274116664e-05
2022-04-11 10:45:00+00:00,1.6359997251394104e-05
2022-04-11 10:50:00+00:00,1.9420713460701258e-05
2022-04-11 10:55:00+00:00,2.48924557201339e-05
2022-04-11 11:00:00+00:00,2.437812857045272e-05
2022-04-11 11:05:00+00:00,3.913859803072235e-05
2022-04-11 11:10:00+00:00,3.0114003306676547e-05
2022-04-11 11:15:00+00:00,2.1416450792406428e-05
2022-04-11 11:20:00+00:00,2.0456968063585483e-05
2022-04-11 11:25:00+00:00,2.2939221993058486e-05
2022-04-11 11:30:00+00:00,2.561725263425061e-05
2022-04-11 11:35:00+00:00,4.265253359137711e-05
2022-04-11 11:40:00+00:00,5.74087178730768e-05
2022-04-11 11:45:00+00:00,0.00013076018627854156
2022-04-11 11:50:00+00:00,0.00016883314914455759
2022-04-11 11:55:00+00:00,0.0001639433785111668
2022-04-11 12:00:00+00:00,0.0002680375026435463
2022-04-11 12:05:00+00:00,0.0003200199634723493
2022-04-11 12:10:00+00:00,0.00027495454591574213
2022-04-11 12:15:00+00:00,0.00038709107418285994
2022-04-11 12:20:00+00:00,0.00039224125622934963
2022-04-11 12:25:00+00:00,0.00029286470732231096
2022-04-11 12:30:00+00:00,0.00038818780915784605
2022-04-11 12:35:00+00:00,0.0004946279720877416
2022-04-11 12:40:00+00:00,0.0007689979994664118
2022-04-11 12:45:00+00:00,0.0005993979002332721
2022-04-11 12:50:00+00:00,0.0004402403800161214
2022-04-11 12:55:00+00:00,0.00037924560756791504
2022-04-11 13:00:00+00:00,0.00040028808831218645
2022-04-11 13:05:00+00:00,0.00023985349402606075
2022-04-11 13:10:00+00:00,0.0002350084394434123
2022-04-11 13:15:00+00:00,0.00018324658752692514
2022-04-11 13:20:00+00:00,0.00017656817566243988
2022-04-11 13:25:00+00:00,0.00017041827583188097
2022-04-11 13:30:00+00:00,0.0015575336534254273
2022-04-12 03:15:00+00:00,0.002529204386106224
2022-04-12 03:20:00+00:00,0.0018543800128016938
2022-04-12 03:25:00+00:00,0.0008888542197209778
2022-04-12 03:30:00+00:00,0.0004894032384198436
2022-04-12 03:35:00+00:00,0.00021562249721814608
2022-04-12 03:40:00+00:00,0.0001240878348644349
2022-04-12 03:45:00+00:00,0.0001223477013477574
2022-04-12 03:50:00+00:00,9.841843741866867e-05
2022-04-12 03:55:00+00:00,0.00010474467055944032
2022-04-12 04:00:00+00:00,9.186315062292685e-05
2022-04-12 04:05:00+00:00,0.00012177208607281448
2022-04-12 04:10:00+00:00,0.00013267075860831342
2022-04-12 04:15:00+00:00,7.876789903817338e-05
2022-04-12 04:20:00+00:00,0.00011805925187065931
2022-04-12 04:25:00+00:00,0.0001498686526211707
2022-04-12 04:30:00+00:00,0.00012266266513426852
2022-04-12 04:35:00+00:00,7.648505072812644e-05
2022-04-12 04:40:00+00:00,0.00019614707005746529
2022-04-12 04:45:00+00:00,7.452663778027848e-05
2022-04-12 04:50:00+00:00,4.638723230355827e-05
2022-04-12 04:55:00+00:00,4.263867548924807e-05
2022-04-12 05:00:00+00:00,9.722026309956422e-05
2022-04-12 05:05:00+00:00,0.00028242116578842735
2022-04-12 05:10:00+00:00,0.0003293276982918104
2022-04-12 05:15:00+00:00,0.0003553945279059594
2022-04-12 05:20:00+00:00,0.0003266267825205806
2022-04-12 05:25:00+00:00,0.000499167149100852
2022-04-12 05:30:00+00:00,0.00039656700699071553
2022-04-12 05:35:00+00:00,6.0562166042406984e-05
2022-04-12 05:40:00+00:00,0.0001053681112335178
2022-04-12 05:45:00+00:00,0.00012292264315838666
2022-04-12 05:50:00+00:00,0.00015151672509003666
2022-04-12 05:55:00+00:00,0.00016651805240724444
2022-04-12 06:00:00+00:00,0.00017348447856638155
2022-04-12 06:05:00+00:00,0.00013652150811907065
2022-04-12 06:10:00+00:00,6.21791651361764e-05
2022-04-12 06:15:00+00:00,4.513441331667655e-05
2022-04-12 06:20:00+00:00,6.0806027205548714e-05
2022-04-12 06:25:00+00:00,5.549968320946297e-05
2022-04-12 06:30:00+00:00,4.611983211642387e-05
2022-04-12 06:35:00+00:00,4.414799429000985e-05
2022-04-12 06:40:00+00:00,6.680070187500023e-05
2022-04-12 06:45:00+00:00,0.00017509291268545034
2022-04-12 06:50:00+00:00,0.00019888720170757758
2022-04-12 06:55:00+00:00,0.0002352330994428115
2022-04-12 07:00:00+00:00,0.00045873308433851904
2022-04-12 07:05:00+00:00,0.0004671008231039847
2022-04-12 07:10:00+00:00,0.00039373595526664783
2022-04-12 07:15:00+00:00,0.000321579031211469
2022-04-12 07:20:00+00:00,0.00029735717920261845
2022-04-12 07:25:00+00:00,0.00021734973223473404
2022-04-12 07:30:00+00:00,7.831345864249466e-05
2022-04-12 07:35:00+00:00,3.673033554761821e-05
2022-04-12 07:40:00+00:00,3.122672671727182e-05
2022-04-12 07:45:00+00:00,2.8341434161349242e-05
2022-04-12 07:50:00+00:00,3.151187431118913e-05
2022-04-12 07:55:00+00:00,2.93792564528568e-05
2022-04-12 08:00:00+00:00,2.4944738395951768e-05
2022-04-12 08:05:00+00:00,2.1006110557375302e-05
2022-04-12 08:10:00+00:00,2.6975385080583494e-05
2022-04-12 08:15:00+00:00,2.082711409982479e-05
2022-04-12 08:20:00+00:00,1.787940118114097e-05
2022-04-12 08:25:00+00:00,2.22186420345678e-05
2022-04-12 08:30:00+00:00,3.342532461015998e-05
2022-04-12 08:35:00+00:00,5.180527438410479e-05
2022-04-12 08:40:00+00:00,4.528016913385105e-05
2022-04-12 08:45:00+00:00,3.988535127323952e-05
2022-04-12 08:50:00+00:00,2.7516953868636498e-05
2022-04-12 08:55:00+00:00,2.094169080734212e-05
2022-04-12 09:00:00+00:00,4.4320246044139756e-05
2022-04-12 09:05:00+00:00,3.9593967384341156e-05
2022-04-12 09:10:00+00:00,5.4567016175018655e-05
2022-04-12 09:15:00+00:00,0.0001403708075525831
2022-04-12 09:20:00+00:00,0.00017470719580977374
2022-04-12 09:25:00+00:00,0.00031965506931646133
2022-04-12 09:30:00+00:00,0.0003272731171708513
2022-04-12 09:35:00+00:00,0.00033300478841400186
2022-04-12 09:40:00+00:00,0.00037698308659129274
2022-04-12 09:45:00+00:00,0.00022546025192581596
2022-04-12 09:50:00+00:00,0.0001539609187840107
2022-04-12 09:55:00+00:00,8.709470709292438e-05
2022-04-12 10:00:00+00:00,6.302838134503254e-05
2022-04-12 10:05:00+00:00,4.310546875414289e-05
2022-04-12 10:10:00+00:00,3.312555243523916e-05
2022-04-12 10:15:00+00:00,3.857315610106479e-05
2022-04-12 10:20:00+00:00,3.515269311342614e-05
2022-04-12 10:25:00+00:00,2.4565563043614844e-05
2022-04-12 10:30:00+00:00,3.881605113245664e-05
2022-04-12 10:35:00+00:00,5.163831838032173e-05
2022-04-12 10:40:00+00:00,6.0479641996668875e-05
2022-04-12 10:45:00+00:00,6.340703534020593e-05
2022-04-12 10:50:00+00:00,0.00010475786569984503
2022-04-12 10:55:00+00:00,0.00012552946910811388
2022-04-12 11:00:00+00:00,0.00016929780818663207
2022-04-12 11:05:00+00:00,0.00019544254386790274
2022-04-12 11:10:00+00:00,0.00017325741519961136
2022-04-12 11:15:00+00:00,0.00014371037773729068
2022-04-12 11:20:00+00:00,0.00013350716718404937
2022-04-12 11:25:00+00:00,0.0001251324647707467
2022-04-12 11:30:00+00:00,0.000101742943095896
2022-04-12 11:35:00+00:00,0.00013016068386221855
2022-04-12 11:40:00+00:00,0.00011483439279411287
2022-04-12 11:45:00+00:00,0.00020367697218296547
2022-04-12 11:50:00+00:00,0.00022993691382032494
2022-04-12 11:55:00+00:00,0.00015319702548165866
2022-04-12 12:00:00+00:00,0.00024036326479758943
2022-04-12 12:05:00+00:00,0.0002697447040318424
2022-04-12 12:10:00+00:00,0.0002753117185402021
2022-04-12 12:15:00+00:00,0.00030501615748422073
2022-04-12 12:20:00+00:00,0.000361074479525894
2022-04-12 12:25:00+00:00,0.0003492717499873931
2022-04-12 12:30:00+00:00,0.0004743874007929639
2022-04-12 12:35:00+00:00,0.0005507622682407132
2022-04-12 12:40:00+00:00,0.0006021502636140226
2022-04-12 12:45:00+00:00,0.00048370344782317664
2022-04-12 12:50:00+00:00,0.0003292569326823182
2022-04-12 12:55:00+00:00,0.00026872693067232783
2022-04-12 13:00:00+00:00,0.00030270081843113665
2022-04-12 13:05:00+00:00,0.00015717513801157565
2022-04-12 13:10:00+00:00,0.00017922086555829188
2022-04-12 13:15:00+00:00,0.0001698118901722936
2022-04-12 13:20:00+00:00,0.00018764301473263862
2022-04-12 13:25:00+00:00,0.0002514420295600877
2022-04-12 13:30:00+00:00,0.001043135805044732
2022-04-13 03:25:00+00:00,7.35842086302268e-05
2022-04-13 03:30:00+00:00,5.566684894066213e-05
2022-04-13 03:35:00+00:00,8.070828010628552e-05
2022-04-13 03:40:00+00:00,0.00010339019065706395
2022-04-13 03:45:00+00:00,0.00010434691719381297
2022-04-13 03:50:00+00:00,0.0001293983783495658
2022-04-13 03:55:00+00:00,0.00011602489369775514
2022-04-13 04:00:00+00:00,0.00011858895201479675
2022-04-13 04:05:00+00:00,0.00012928002133510047
2022-04-13 04:10:00+00:00,6.429660118170813e-05
2022-04-13 04:15:00+00:00,8.530308192727775e-05
2022-04-13 04:20:00+00:00,8.261867386238129e-05
2022-04-13 04:25:00+00:00,0.00014033871842356274
2022-04-13 04:30:00+00:00,0.00011616643986765181
2022-04-13 04:35:00+00:00,0.0001258898309615046
2022-04-13 04:40:00+00:00,9.92202255324796e-05
2022-04-13 04:45:00+00:00,0.00014163587819583095
2022-04-13 04:50:00+00:00,7.587036103044975e-05
2022-04-13 04:55:00+00:00,6.354919769732189e-05
2022-04-13 05:00:00+00:00,6.285409424625307e-05
2022-04-13 05:05:00+00:00,0.00011394983283629022
2022-04-13 05:10:00+00:00,0.0001484495919930224
2022-04-13 05:15:00+00:00,8.955762623374578e-05
2022-04-13 05:20:00+00:00,9.020543186505916e-05
2022-04-13 05:25:00+00:00,3.785053471041663e-05
2022-04-13 05:30:00+00:00,4.0359864319689954e-05
2022-04-13 05:35:00+00:00,6.492906050332583e-05
2022-04-13 05:40:00+00:00,5.4133358710693065e-05
2022-04-13 05:45:00+00:00,4.495774379653566e-05
2022-04-13 05:50:00+00:00,0.00010097607674137667
2022-04-13 05:55:00+00:00,0.00014147243524885477
2022-04-13 06:00:00+00:00,0.00011850145601898853
2022-04-13 06:05:00+00:00,0.00012775147022095636
2022-04-13 06:10:00+00:00,0.00013661104690448848
2022-04-13 06:15:00+00:00,0.00010065899326148433
2022-04-13 06:20:00+00:00,6.149282104062638e-05
2022-04-13 06:25:00+00:00,6.616047308336674e-05
2022-04-13 06:30:00+00:00,6.255609658850224e-05
2022-04-13 06:35:00+00:00,4.501467125756516e-05
2022-04-13 06:40:00+00:00,7.850680745672519e-05
2022-04-13 06:45:00+00:00,0.00015210472233028962
2022-04-13 06:50:00+00:00,0.00018271617733267134
2022-04-13 06:55:00+00:00,7.789679626695541e-05
2022-04-13 07:00:00+00:00,6.690156923306001e-05
2022-04-13 07:05:00+00:00,4.421965927015002e-05
2022-04-13 07:10:00+00:00,4.153349122127989e-05
2022-04-13 07:15:00+00:00,5.8830391666150864e-05
2022-04-13 07:20:00+00:00,5.275485117391049e-05
2022-04-13 07:25:00+00:00,5.012888342034133e-05
2022-04-13 07:30:00+00:00,4.5681814070113835e-05
2022-04-13 07:35:00+00:00,3.4215529983819665e-05
2022-04-13 07:40:00+00:00,7.901633776676875e-05
2022-04-13 07:45:00+00:00,9.432462043323986e-05
2022-04-13 07:50:00+00:00,7.502210622868962e-05
2022-04-13 07:55:00+00:00,0.0002477068395117406
2022-04-13 08:00:00+00:00,0.00025599004860122623
2022-04-13 08:05:00+00:00,0.00041080717592356517
2022-04-13 08:10:00+00:00,0.00017634655642719625
2022-04-13 08:15:00+00:00,0.0004029330895640868
2022-04-13 08:20:00+00:00,0.0001630799795123166
2022-04-13 08:25:00+00:00,0.00013498683844565516
2022-04-13 08:30:00+00:00,0.00012228227744041318
2022-04-13 08:35:00+00:00,0.00013826931255827058
2022-04-13 08:40:00+00:00,0.0002566181386969142
2022-04-13 08:45:00+00:00,0.0010405875060776745
2022-04-13 08:50:00+00:00,0.00048481416710277045
2022-04-13 08:55:00+00:00,0.000540192528609443
2022-04-13 09:00:00+00:00,0.0003067656029375381
2022-04-13 09:05:00+00:00,0.0010169673472276717
2022-04-13 09:10:00+00:00,0.0002757891624825491
2022-04-13 09:15:00+00:00,0.0002736478666026276
2022-04-13 09:20:00+00:00,0.00012651390621738135
2022-04-13 09:25:00+00:00,7.487902223575706e-05
2022-04-13 09:30:00+00:00,5.844185155786303e-05
2022-04-13 09:35:00+00:00,0.000222041627474794
2022-04-13 09:40:00+00:00,0.0002699970481968403
2022-04-13 09:45:00+00:00,0.00017963207828489405
2022-04-13 09:50:00+00:00,9.9591415233674e-05
2022-04-13 09:55:00+00:00,8.997555823828529e-05
2022-04-13 10:00:00+00:00,4.80296766314176e-05
2022-04-13 10:05:00+00:00,7.576084643235274e-05
2022-04-13 10:10:00+00:00,8.362606704531135e-05
2022-04-13 10:15:00+00:00,0.00010239008616887056
2022-04-13 10:20:00+00:00,9.678192206940594e-05
2022-04-13 10:25:00+00:00,7.771522614212976e-05
2022-04-13 10:30:00+00:00,4.750851593164639e-05
2022-04-13 10:35:00+00:00,7.82888074290475e-05
2022-04-13 10:40:00+00:00,5.7909424175848794e-05
2022-04-13 10:45:00+00:00,3.7190751181078516e-05
2022-04-13 10:50:00+00:00,2.528486675776225e-05
2022-04-13 10:55:00+00:00,2.530228343874536e-05
2022-04-13 11:00:00+00:00,2.6245216393259184e-05
2022-04-13 11:05:00+00:00,2.390160059844738e-05
2022-04-13 11:10:00+00:00,2.684381524369448e-05
2022-04-13 11:15:00+00:00,5.9302181675334847e-05
2022-04-13 11:20:00+00:00,7.004989644919627e-05
2022-04-13 11:25:00+00:00,3.439582452681075e-05
2022-04-13 11:30:00+00:00,5.586237015067934e-05
2022-04-13 11:35:00+00:00,0.00014730573896470169
2022-04-13 11:40:00+00:00,0.00017077352020045448
2022-04-13 11:45:00+00:00,0.0002942666184851259
2022-04-13 11:50:00+00:00,0.00032387130158633673
2022-04-13 11:55:00+00:00,0.0002038339265337277
2022-04-13 12:00:00+00:00,9.073101498719556e-05
2022-04-13 12:05:00+00:00,0.00014918492818225557
2022-04-13 12:10:00+00:00,0.00011346407605632967
2022-04-13 12:15:00+00:00,7.47018872394347e-05
2022-04-13 12:20:00+00:00,5.306777476411173e-05
2022-04-13 12:25:00+00:00,5.151784850615186e-05
2022-04-13 12:30:00+00:00,2.1350756965472025e-05
2022-04-13 12:35:00+00:00,2.483216637701086e-05
2022-04-13 12:40:00+00:00,2.2878036252683344e-05
2022-04-13 12:45:00+00:00,6.677455590680634e-05
2022-04-13 12:50:00+00:00,0.00010622575748421532
2022-04-13 12:55:00+00:00,6.522729568920078e-05
2022-04-14 03:45:00+00:00,0.00012810195313632224
2022-04-14 03:50:00+00:00,0.00017970513157153234
2022-04-14 03:55:00+00:00,0.00028900995767513023
2022-04-14 04:00:00+00:00,0.00029093636841898927
2022-04-14 04:05:00+00:00,0.00024218332582356337
2022-04-14 04:10:00+00:00,0.00020744838725261067
2022-04-14 04:15:00+00:00,0.00025706848158952824
2022-04-14 04:20:00+00:00,0.00016123606346161906
2022-04-14 04:25:00+00:00,0.00024570629989703895
2022-04-14 04:30:00+00:00,0.00015431769348056963
2022-04-14 04:35:00+00:00,0.0001758672367284751
2022-04-14 04:40:00+00:00,0.00032873902971255694
2022-04-14 04:45:00+00:00,0.00019252771710843517
2022-04-14 04:50:00+00:00,0.00036713179235011513
2022-04-14 04:55:00+00:00,0.0002882501693830897
2022-04-14 05:00:00+00:00,0.0002678930834768127
2022-04-14 05:05:00+00:00,0.00022390856437480653
2022-04-14 05:10:00+00:00,0.0001962361396768168
2022-04-14 05:15:00+00:00,0.00013066057208299724
2022-04-14 05:20:00+00:00,8.52827513478055e-05
2022-04-14 05:25:00+00:00,3.4220740868682634e-05
2022-04-14 05:30:00+00:00,1.890252652855106e-05
2022-04-14 05:35:00+00:00,3.813507782678402e-05
2022-04-14 05:40:00+00:00,5.897247794853638e-05
2022-04-14 05:45:00+00:00,0.00012553499736791198
2022-04-14 05:50:00+00:00,0.00033989787526165523
2022-04-14 05:55:00+00:00,0.000557381823223333
2022-04-14 06:00:00+00:00,0.000645185210956423
2022-04-14 06:05:00+00:00,0.0005567825234246351
2022-04-14 06:10:00+00:00,0.0006121370475151919
2022-04-14 06:15:00+00:00,0.00039024072413678534
2022-04-14 06:20:00+00:00,0.0003187135084273556
2022-04-14 06:25:00+00:00,0.00016373807329654112
2022-04-14 06:30:00+00:00,0.00018719375868350157
2022-04-14 06:35:00+00:00,0.00017515537828652306
2022-04-14 06:40:00+00:00,0.00015116571816773194
2022-04-14 06:45:00+00:00,0.00017087493186377877
2022-04-14 06:50:00+00:00,9.025710599084795e-05
2022-04-14 06:55:00+00:00,0.00012097880595095801
2022-04-14 07:00:00+00:00,8.312065208301838e-05
2022-04-14 07:05:00+00:00,4.888526056512915e-05
2022-04-14 07:10:00+00:00,4.938377388315899e-05
2022-04-14 07:15:00+00:00,7.749312024635638e-05
2022-04-14 07:20:00+00:00,9.968206614826754e-05
2022-04-14 07:25:00+00:00,3.84528289425086e-05
2022-04-14 07:30:00+00:00,2.7904880528124704e-05
2022-04-14 07:35:00+00:00,4.8335482379459596e-05
2022-04-14 07:40:00+00:00,4.998318163833198e-05
2022-04-14 07:45:00+00:00,3.766588081672551e-05
2022-04-14 07:50:00+00:00,2.5228289454336876e-05
2022-04-14 07:55:00+00:00,2.3150755718842184e-05
2022-04-14 08:00:00+00:00,3.87042649661845e-05
2022-04-14 08:05:00+00:00,3.8315038345883545e-05
2022-04-14 08:10:00+00:00,3.263570604001609e-05
2022-04-14 08:15:00+00:00,2.8899247390486093e-05
2022-04-14 08:20:00+00:00,2.9207528016827086e-05
2022-04-14 08:25:00+00:00,3.814043654302407e-05
2022-04-14 08:30:00+00:00,3.556588870736371e-05
2022-04-14 08:35:00+00:00,4.392002822735936e-05
2022-04-14 08:40:00+00:00,2.8155117173783125e-05
2022-04-14 08:45:00+00:00,2.128561953367106e-05
2022-04-14 08:50:00+00:00,3.427393454741007e-05
2022-04-14 08:55:00+00:00,2.8560579478610693e-05
2022-04-14 09:00:00+00:00,2.7680976265884068e-05
2022-04-14 09:05:00+00:00,4.6671746664577986e-05
2022-04-14 09:10:00+00:00,6.819875425947577e-05
2022-04-14 09:15:00+00:00,4.3435232393005474e-05
2022-04-14 09:20:00+00:00,7.505696141095108e-05
2022-04-14 09:25:00+00:00,0.00010150003277699519
2022-04-14 09:30:00+00:00,8.713444632175284e-05
2022-04-14 09:35:00+00:00,6.554202997756443e-05
2022-04-14 09:40:00+00:00,3.3437461590251893e-05
2022-04-14 09:45:00+00:00,3.203524929162195e-05
2022-04-14 09:50:00+00:00,2.7642150011073e-05
2022-04-14 09:55:00+00:00,2.227162721359392e-05
2022-04-14 10:00:00+00:00,2.296783519337196e-05
2022-04-14 10:05:00+00:00,2.9987121140500655e-05
2022-04-14 10:10:00+00:00,3.1206199442779775e-05
2022-04-14 10:15:00+00:00,2.5214364784777285e-05
2022-04-14 10:20:00+00:00,3.0848064316638726e-05
2022-04-14 10:25:00+00:00,2.1574809168481037e-05
2022-04-14 10:30:00+00:00,1.528002127926615e-05
2022-04-14 10:35:00+00:00,1.8235143056617097e-05
2022-04-14 10:40:00+00:00,2.22514693803271e-05
2022-04-14 10:45:00+00:00,1.0003653777505676e-05
2022-04-14 10:50:00+00:00,1.4182108929706818e-05
2022-04-14 10:55:00+00:00,2.353228664965137e-05
2022-04-14 11:00:00+00:00,2.3493027994547354e-05
2022-04-14 11:05:00+00:00,3.4904964824765895e-05
2022-04-14 11:10:00+00:00,4.0355381674348745e-05
2022-04-14 11:15:00+00:00,4.267183919175064e-05
2022-04-14 11:20:00+00:00,3.974854598117259e-05
2022-04-14 11:25:00+00:00,6.124347732475635e-05
2022-04-14 11:30:00+00:00,0.00013300866898070598
2022-04-14 11:35:00+00:00,0.00010150723458383684
2022-04-14 11:40:00+00:00,0.00018261468691889535
2022-04-14 11:45:00+00:00,0.0002333698426776849
2022-04-14 11:50:00+00:00,0.0001415058276381072
2022-04-14 11:55:00+00:00,0.0002536898158516322
2022-04-14 12:00:00+00:00,0.0002775882532175022
2022-04-14 12:05:00+00:00,0.00020545281508448923
2022-04-14 12:10:00+00:00,0.00016971145259577758
2022-04-14 12:15:00+00:00,0.000111726520137045
2022-04-14 12:20:00+00:00,0.00012339079548968408
2022-04-14 12:25:00+00:00,0.00010068341148765028
2022-04-14 12:30:00+00:00,0.00010117572576193184
2022-04-14 12:35:00+00:00,0.0001141787544422078
2022-04-14 12:40:00+00:00,6.50496581793511e-05
2022-04-14 12:45:00+00:00,5.6329094026139524e-05
2022-04-14 12:50:00+00:00,6.911032294174325e-05
2022-04-14 12:55:00+00:00,7.395035603489666e-05
2022-04-14 13:00:00+00:00,7.87253767149892e-05
2022-04-14 13:05:00+00:00,8.264267783961662e-05
2022-04-14 13:10:00+00:00,8.339580535656664e-05
2022-04-14 13:15:00+00:00,0.00010976307036795104
2022-04-14 13:20:00+00:00,9.503605454997329e-05
2022-04-14 13:25:00+00:00,5.725782802192288e-05
2022-04-14 13:30:00+00:00,7.951730922597218e-05
2022-04-15 04:00:00+00:00,8.538324330380323e-05
2022-04-15 04:05:00+00:00,7.368245309727608e-05
2022-04-15 04:10:00+00:00,8.208365804093071e-05
2022-04-15 04:15:00+00:00,9.811230113418165e-05
2022-04-15 04:20:00+00:00,6.657179808324044e-05
2022-04-15 04:25:00+00:00,6.198577601854784e-05
2022-04-15 04:30:00+00:00,7.94963391909478e-05
2022-04-15 04:35:00+00:00,0.00011641505271755302
2022-04-15 04:40:00+00:00,0.00012151448425693775
2022-04-15 04:45:00+00:00,0.0002021519280566553
2022-04-15 04:50:00+00:00,0.00018251033737629784
2022-04-15 04:55:00+00:00,0.00012059294115653899
2022-04-15 05:00:00+00:00,0.00013640318994956031
2022-04-15 05:05:00+00:00,7.700613720036756e-05
2022-04-15 05:10:00+00:00,9.558148709717441e-05
2022-04-15 05:15:00+00:00,0.00013486957431728728
2022-04-15 05:20:00+00:00,0.00013901383775663423
2022-04-15 05:25:00+00:00,0.00012955540210989898
2022-04-15 05:30:00+00:00,0.00020862643154015388
2022-04-15 05:35:00+00:00,0.00031667590632598685
2022-04-15 05:40:00+00:00,0.00025858564031281333
2022-04-15 05:45:00+00:00,0.00014608103454529552
2022-04-15 05:50:00+00:00,0.0002548646227585983
2022-04-15 05:55:00+00:00,0.00010269082658061585
2022-04-15 06:00:00+00:00,7.284828438091316e-05
2022-04-15 06:05:00+00:00,4.1266849950012e-05
2022-04-15 06:10:00+00:00,3.9747293094328387e-05
2022-04-15 06:15:00+00:00,4.336546506398228e-05
2022-04-15 06:20:00+00:00,4.0966288764283265e-05
2022-04-15 06:25:00+00:00,3.599408042311543e-05
2022-04-15 06:30:00+00:00,3.198397534316915e-05
2022-04-15 06:35:00+00:00,2.838003578429347e-05
2022-04-15 06:40:00+00:00,3.238180823258283e-05
2022-04-15 06:45:00+00:00,3.90702291454196e-05
2022-04-15 06:50:00+00:00,6.505032185947575e-05
2022-04-15 06:55:00+00:00,7.733055591217473e-05
2022-04-15 07:00:00+00:00,6.518683808119343e-05
2022-04-15 07:05:00+00:00,5.8048246107124945e-05
2022-04-15 07:10:00+00:00,6.517833403047792e-05
2022-04-15 07:15:00+00:00,8.721961723311855e-05
2022-04-15 07:20:00+00:00,8.160528870471468e-05
2022-04-15 07:25:00+00:00,8.442967476242976e-05
2022-04-15 07:30:00+00:00,9.111823122775987e-05
2022-04-15 07:35:00+00:00,5.1249632741714665e-05
2022-04-15 07:40:00+00:00,9.400462649955216e-05
2022-04-15 07:45:00+00:00,0.00010012880814581129
2022-04-15 07:50:00+00:00,0.00013673034283734407
2022-04-15 07:55:00+00:00,9.572299180838236e-05
2022-04-15 08:00:00+00:00,0.00013880800980415066
2022-04-15 08:05:00+00:00,0.00017726283534762175
2022-04-15 08:10:00+00:00,0.00017950857701690582
2022-04-15 08:15:00+00:00,0.0001499450089112529
2022-04-15 08:20:00+00:00,0.0001436103914464444
2022-04-15 08:25:00+00:00,0.00011441884879238574
2022-04-15 08:30:00+00:00,0.0001272083035302037
2022-04-15 08:35:00+00:00,8.059263294031308e-05
2022-04-15 08:40:00+00:00,6.51328584421507e-05
2022-04-15 08:45:00+00:00,8.022694978825675e-05
2022-04-15 08:50:00+00:00,0.0001629652076005809
2022-04-15 08:55:00+00:00,0.00017312666129072187
2022-04-15 09:00:00+00:00,0.00016647275339187712
2022-04-15 09:05:00+00:00,0.00020114401555326874
2022-04-15 09:10:00+00:00,0.00018884565467506458
2022-04-15 09:15:00+00:00,0.00019630774951500212
2022-04-15 09:20:00+00:00,0.00012865386987358498
2022-04-15 09:25:00+00:00,4.6850264116087955e-05
2022-04-15 09:30:00+00:00,3.844412898601506e-05
2022-04-15 09:35:00+00:00,5.276421253545623e-05
2022-04-15 09:40:00+00:00,5.442704249998344e-05
2022-04-15 09:45:00+00:00,3.593358937175965e-05
2022-04-15 09:50:00+00:00,7.757242406205131e-05
2022-04-15 09:55:00+00:00,0.00010278484048766984
2022-04-15 10:00:00+00:00,3.88501568263117e-05
2022-04-15 10:05:00+00:00,1.4977867711395585e-05
2022-04-15 10:10:00+00:00,1.3699968984570905e-05
2022-04-15 10:15:00+00:00,2.3636659824558505e-05
2022-04-15 10:20:00+00:00,1.893594426185474e-05
2022-04-15 10:25:00+00:00,6.738861264791058e-05
2022-04-15 10:30:00+00:00,7.080170304795113e-05
2022-04-15 10:35:00+00:00,0.00018508753029857573
2022-04-15 10:40:00+00:00,0.00029884316174330963
2022-04-15 10:45:00+00:00,0.0003277204067501005
2022-04-15 10:50:00+00:00,0.0006696788780853743
2022-04-15 10:55:00+00:00,0.00034909436504762347
2022-04-15 11:00:00+00:00,0.0002482451675640117
2022-04-15 11:05:00+00:00,0.00027741874219988736
2022-04-15 11:10:00+00:00,0.00016349584253685012
2022-04-15 11:15:00+00:00,0.00020596093608675158
2022-04-15 11:20:00+00:00,0.00019943181172130928
2022-04-15 11:25:00+00:00,0.00019257526119179593
2022-04-15 11:30:00+00:00,0.00013988190234206837
2022-04-15 11:35:00+00:00,0.00016691309400094755
2022-04-15 11:40:00+00:00,0.00019029036402965104
2022-04-15 11:45:00+00:00,0.00023221595744295443
2022-04-15 11:50:00+00:00,0.00024775862445494174
2022-04-15 11:55:00+00:00,0.00041596303785402454
2022-04-15 12:00:00+00:00,0.0005068323529169596
2022-04-15 12:05:00+00:00,0.0003074572054628111
2022-04-15 12:10:00+00:00,0.00036665955418678156
2022-04-15 12:15:00+00:00,0.00042220239724676895
2022-04-15 12:20:00+00:00,0.0003659563379276315
2022-04-15 12:25:00+00:00,0.00025403453548069666
2022-04-15 12:30:00+00:00,6.458522059700806e-05
2022-04-15 12:35:00+00:00,6.175119927830405e-05
2022-04-15 12:40:00+00:00,6.38022515534977e-05
2022-04-15 12:45:00+00:00,6.551645693483726e-05
2022-04-15 12:50:00+00:00,7.001282630039868e-05
2022-04-15 12:55:00+00:00,6.904915152444872e-05
2022-04-15 13:00:00+00:00,5.3469776048488464e-05
2022-04-15 13:05:00+00:00,6.317926580544428e-05
2022-04-15 13:10:00+00:00,9.90152549640396e-05
2022-04-15 13:15:00+00:00,5.2385732313304324e-05
2022-04-15 13:20:00+00:00,5.71156811946069e-05
2022-04-15 13:25:00+00:00,9.265975380355435e-05
2022-04-16 03:45:00+00:00,0.00020509028484856499
2022-04-16 03:50:00+00:00,0.0002053130019534032
2022-04-16 03:55:00+00:00,0.00013755685974694567
2022-04-16 04:00:00+00:00,0.00012457272053006211
2022-04-16 04:05:00+00:00,0.00013435485551781533
2022-04-16 04:10:00+00:00,0.00012158273327825797
2022-04-16 04:15:00+00:00,0.00012507489706307479
2022-04-16 04:20:00+00:00,0.00010622552821102031
2022-04-16 04:25:00+00:00,0.0001645816699882088
2022-04-16 04:30:00+00:00,0.00015287066112934137
2022-04-16 04:35:00+00:00,0.00023941805412142384
2022-04-16 04:40:00+00:00,0.0002730833256417862
2022-04-16 04:45:00+00:00,0.00042939701555860934
2022-04-16 04:50:00+00:00,0.0007383573814213445
2022-04-16 04:55:00+00:00,0.0006793069124363812
2022-04-16 05:00:00+00:00,0.0007673525570716924
2022-04-16 05:05:00+00:00,0.0005771994802185771
2022-04-16 05:10:00+00:00,0.0009550910243942737
2022-04-16 05:15:00+00:00,0.0013708005048815605
2022-04-16 05:20:00+00:00,0.0003202488276640486
2022-04-16 05:25:00+00:00,0.0001628879198682031
2022-04-16 05:30:00+00:00,0.000113171862359723
2022-04-16 05:35:00+00:00,0.0002095748851160536
2022-04-16 05:40:00+00:00,0.00016696562744420107
2022-04-16 05:45:00+00:00,0.00025658640938786324
2022-04-16 05:50:00+00:00,0.00021139659914898762
2022-04-16 05:55:00+00:00,0.00038072382158107414
2022-04-16 06:00:00+00:00,0.0006680908806992592
2022-04-16 06:05:00+00:00,0.0008695259199526062
2022-04-16 06:10:00+00:00,0.0009178101215334136
2022-04-16 06:15:00+00:00,0.0012773981385043954
2022-04-16 06:20:00+00:00,0.0011786236076359266
2022-04-16 06:25:00+00:00,0.0016394559818407226
2022-04-16 06:30:00+00:00,0.001973717852580083
2022-04-16 06:35:00+00:00,0.0010939838417654067
2022-04-16 06:40:00+00:00,0.0010893134137940626
2022-04-16 06:45:00+00:00,0.0013109186739457897
2022-04-16 06:50:00+00:00,0.0015494532588859033
2022-04-16 06:55:00+00:00,0.0005487386713929003
2022-04-16 07:00:00+00:00,0.00034506453869733366
2022-04-16 07:05:00+00:00,0.00037117774897469963
2022-04-16 07:10:00+00:00,0.0001531516018124097
2022-04-16 07:15:00+00:00,4.123960278102458e-05
2022-04-16 07:20:00+00:00,2.5254703790044888e-05
2022-04-16 07:25:00+00:00,4.104528412652047e-05
2022-04-16 07:30:00+00:00,0.0002574697013194864
2022-04-16 07:35:00+00:00,0.0010173956109284662
2022-04-16 07:40:00+00:00,0.0013348387299092527
2022-04-16 07:45:00+00:00,0.0009371626518033571
2022-04-16 07:50:00+00:00,0.0012706204318492277
2022-04-16 07:55:00+00:00,0.001491002693911096
2022-04-16 08:00:00+00:00,0.003494699459412039
2022-04-16 08:05:00+00:00,0.0010408441189132536
2022-04-16 08:10:00+00:00,0.0017091406398839326
2022-04-16 08:15:00+00:00,0.0009195007222738674
2022-04-16 08:20:00+00:00,0.00081602291310228
2022-04-16 08:25:00+00:00,0.0005609052432303213
2022-04-16 08:30:00+00:00,0.0004055723914984346
2022-04-16 08:35:00+00:00,0.0004568954049636023
2022-04-16 08:40:00+00:00,0.0003888006180011173
2022-04-16 08:45:00+00:00,0.0004963561406252725
2022-04-16 08:50:00+00:00,0.0003004869109220383
2022-04-16 08:55:00+00:00,0.00023998096794417286
2022-04-16 09:00:00+00:00,0.00022144963688855483
2022-04-16 09:05:00+00:00,0.0002635200075366557
2022-04-16 09:10:00+00:00,0.00040108492706398684
2022-04-16 09:15:00+00:00,0.00011026197336907757
2022-04-16 09:20:00+00:00,0.00018272914878891843
2022-04-16 09:25:00+00:00,0.00014256924301761913
2022-04-16 09:30:00+00:00,0.00024553247402714167
2022-04-16 09:35:00+00:00,0.000479803203785642
2022-04-16 09:40:00+00:00,0.00047788001619625937
2022-04-16 09:45:00+00:00,0.0005281284618306461
2022-04-16 09:50:00+00:00,0.0005557770428736831
2022-04-16 09:55:00+00:00,0.0005590860590889507
2022-04-16 10:00:00+00:00,0.00023508112086255702
2022-04-16 10:05:00+00:00,0.00047360680597887246
2022-04-16 10:10:00+00:00,0.00048535788198608563
2022-04-16 10:15:00+00:00,0.00039934863760599193
2022-04-16 10:20:00+00:00,0.00035120849058927205
2022-04-16 10:25:00+00:00,0.0003309516491142085
2022-04-16 10:30:00+00:00,0.00042107961305429834
2022-04-16 10:35:00+00:00,0.00014309398770285427
2022-04-16 10:40:00+00:00,0.00011868436965262313
2022-04-16 10:45:00+00:00,0.00013677222284198725
2022-04-16 10:50:00+00:00,0.0001051851764996647
2022-04-16 10:55:00+00:00,7.2234912357511e-05
2022-04-16 11:00:00+00:00,0.00014113333235831534
2022-04-16 11:05:00+00:00,0.00014627830091358513
2022-04-16 11:10:00+00:00,0.00013817674900512919
2022-04-16 11:15:00+00:00,0.00016959003944490303
2022-04-16 11:20:00+00:00,0.0001924968422049798
2022-04-16 11:25:00+00:00,0.00020701300061772655
2022-04-16 11:30:00+00:00,0.00017317219546602057
2022-04-16 11:35:00+00:00,0.00020748056636117303
2022-04-16 11:40:00+00:00,0.00018795452521025424
2022-04-16 11:45:00+00:00,0.000151254255960954
2022-04-16 11:50:00+00:00,0.00014554612769700323
2022-04-16 11:55:00+00:00,9.279614628849656e-05
2022-04-16 12:00:00+00:00,2.1771988884884185e-05
2022-04-16 12:05:00+00:00,2.5184093328556226e-05
2022-04-16 12:10:00+00:00,2.8816085049105826e-05
2022-04-16 12:15:00+00:00,2.4621427363564357e-05
2022-04-16 12:20:00+00:00,2.3849126648191322e-05
2022-04-16 12:25:00+00:00,1.8921658968531117e-05
2022-04-16 12:30:00+00:00,1.5875199324579038e-05
2022-04-16 12:35:00+00:00,1.738918115790833e-05
2022-04-16 12:40:00+00:00,3.0394125118574722e-05
2022-04-16 12:45:00+00:00,3.374843370162212e-05
2022-04-16 12:50:00+00:00,5.109037762882368e-05
2022-04-16 12:55:00+00:00,9.186162977449437e-05
2022-04-16 13:00:00+00:00,0.00010163536082935148
2022-04-16 13:05:00+00:00,0.00010036150903858
2022-04-16 13:10:00+00:00,0.00012198479650711323
2022-04-16 13:15:00+00:00,0.00010409908778443394
2022-04-16 13:20:00+00:00,0.00014382319414082587
2022-04-16 13:25:00+00:00,9.891891493887498e-05
2022-04-16 13:30:00+00:00,0.00010113788607248785
2022-04-17 03:20:00+00:00,0.002982467321356102
2022-04-17 03:25:00+00:00,0.0014199587963921788
2022-04-17 03:30:00+00:00,0.0012441914163895194
2022-04-17 03:35:00+00:00,0.0011932658007776824
2022-04-17 03:40:00+00:00,0.000981699558852933
2022-04-17 03:45:00+00:00,0.0005896088722748094
2022-04-17 03:50:00+00:00,0.0003335804466302956
2022-04-17 03:55:00+00:00,0.00012132523855088756
2022-04-17 04:00:00+00:00,5.6438227081224034e-05
2022-04-17 04:05:00+00:00,5.93120878719659e-05
2022-04-17 04:10:00+00:00,6.0000646786228276e-05
2022-04-17 04:15:00+00:00,5.864673745909258e-05
2022-04-17 04:20:00+00:00,5.580085656205392e-05
2022-04-17 04:25:00+00:00,5.2550339783612023e-05
2022-04-17 04:30:00+00:00,4.924743651150261e-05
2022-04-17 04:35:00+00:00,4.752755444623347e-05
2022-04-17 04:40:00+00:00,4.636410352933693e-05
2022-04-17 04:45:00+00:00,4.029776730897449e-05
2022-04-17 04:50:00+00:00,3.882497398607842e-05
2022-04-17 04:55:00+00:00,3.9127812218045005e-05
2022-04-17 05:00:00+00:00,4.3416301010714095e-05
2022-04-17 05:05:00+00:00,4.6871698294313315e-05
2022-04-17 05:10:00+00:00,5.3062222808631694e-05
2022-04-17 05:15:00+00:00,5.996834053538919e-05
2022-04-17 05:20:00+00:00,6.780885670701453e-05
2022-04-17 05:25:00+00:00,7.692043308235037e-05
2022-04-17 05:30:00+00:00,8.196198629090548e-05
2022-04-17 05:35:00+00:00,9.742900260970502e-05
2022-04-17 05:40:00+00:00,0.00010485094527706352
2022-04-17 05:45:00+00:00,0.00011193823714208825
2022-04-17 05:50:00+00:00,0.0001407613478888742
2022-04-17 05:55:00+00:00,0.00011851995267522696
2022-04-17 06:00:00+00:00,0.00010439927901190154
2022-04-17 06:05:00+00:00,0.00013924297414463738
2022-04-17 06:10:00+00:00,0.00014507076408023777
2022-04-17 06:15:00+00:00,0.00010072214998863154
2022-04-17 06:20:00+00:00,6.0905824136171125e-05
2022-04-17 06:25:00+00:00,7.436762552891986e-05
2022-04-17 06:30:00+00:00,0.00011738026179109498
2022-04-17 06:35:00+00:00,0.00017550058082603612
2022-04-17 06:40:00+00:00,0.00018481621153170215
2022-04-17 06:45:00+00:00,0.00012234433947216433
2022-04-17 06:50:00+00:00,7.787619468423099e-05
2022-04-17 06:55:00+00:00,6.817376954414531e-05
2022-04-17 07:00:00+00:00,7.125080616740288e-05
2022-04-17 07:05:00+00:00,7.914025535636097e-05
2022-04-17 07:10:00+00:00,7.55002522733699e-05
2022-04-17 07:15:00+00:00,6.170378303524408e-05
2022-04-17 07:20:00+00:00,5.681750057935287e-05
2022-04-17 07:25:00+00:00,5.729003326479996e-05
2022-04-17 07:30:00+00:00,6.606899444684321e-05
2022-04-17 07:35:00+00:00,5.361722120728851e-05
2022-04-17 07:40:00+00:00,4.75126631886653e-05
2022-04-17 07:45:00+00:00,4.696443647187339e-05
2022-04-17 07:50:00+00:00,4.7231566811915074e-05
2022-04-17 07:55:00+00:00,2.8111897241153224e-05
2022-04-17 08:00:00+00:00,3.922020466180957e-05
2022-04-17 08:05:00+00:00,4.741867199589318e-05
2022-04-17 08:10:00+00:00,5.4042489300277374e-05
2022-04-17 08:15:00+00:00,3.414173925079795e-05
2022-04-17 08:20:00+00:00,5.037756387212812e-05
2022-04-17 08:25:00+00:00,7.182904046578126e-05
2022-04-17 08:30:00+00:00,6.39149848842521e-05
2022-04-17 08:35:00+00:00,7.126808716761705e-05
2022-04-17 08:40:00+00:00,5.227776119154939e-05
2022-04-17 08:45:00+00:00,5.574817416246303e-05
2022-04-17 08:50:00+00:00,4.1633322290721765e-05
2022-04-17 08:55:00+00:00,4.3539214576547785e-05
2022-04-17 09:00:00+00:00,5.7929300339250554e-05
2022-04-17 09:05:00+00:00,3.333630452422011e-05
2022-04-17 09:10:00+00:00,3.4150264326558915e-05
2022-04-17 09:15:00+00:00,4.466292550166508e-05
2022-04-17 09:20:00+00:00,4.0169753402469075e-05
2022-04-17 09:25:00+00:00,3.7632865071068464e-05
2022-04-17 09:30:00+00:00,3.169966892835553e-05
2022-04-17 09:35:00+00:00,3.587922157582212e-05
2022-04-17 09:40:00+00:00,3.675799593411577e-05
2022-04-17 09:45:00+00:00,3.699029749535805e-05
2022-04-17 09:50:00+00:00,3.170850080476063e-05
2022-04-17 09:55:00+00:00,3.235841598634615e-05
2022-04-17 10:00:00+00:00,6.0340087494437736e-05
2022-04-17 10:05:00+00:00,7.304622588773098e-05
2022-04-17 10:10:00+00:00,6.064799899127047e-05
2022-04-17 10:15:00+00:00,4.7773074076916975e-05
2022-04-17 10:20:00+00:00,3.3522303745214184e-05
2022-04-17 10:25:00+00:00,3.710766818979942e-05
2022-04-17 10:30:00+00:00,6.693733681313173e-05
2022-04-17 10:35:00+00:00,7.643667082919307e-05
2022-04-17 10:40:00+00:00,4.45512873249691e-05
2022-04-17 10:45:00+00:00,2.021250690018013e-05
2022-04-17 10:50:00+00:00,2.719457763591804e-05
2022-04-17 10:55:00+00:00,3.6874875563938815e-05
2022-04-17 11:00:00+00:00,3.82965471342255e-05
2022-04-17 11:05:00+00:00,2.8002244083948685e-05
2022-04-17 11:10:00+00:00,2.706339655515536e-05
2022-04-17 11:15:00+00:00,3.442229807823968e-05
2022-04-17 11:20:00+00:00,3.7646614944373314e-05
2022-04-17 11:25:00+00:00,4.7778400972651724e-05
2022-04-17 11:30:00+00:00,6.831220920656165e-05
2022-04-17 11:35:00+00:00,8.195476381813276e-05
2022-04-17 11:40:00+00:00,0.0001724023697514099
2022-04-17 11:45:00+00:00,0.0002290742629730738
2022-04-17 11:50:00+00:00,0.0002227748537771753
2022-04-17 11:55:00+00:00,0.0003294877798744943
2022-04-17 12:00:00+00:00,0.0003854941697902428
2022-04-17 12:05:00+00:00,0.0003465507599726785
2022-04-17 12:10:00+00:00,0.0004326433655750851
2022-04-17 12:15:00+00:00,0.00044232928393410896
2022-04-17 12:20:00+00:00,0.0003962154034524906
2022-04-17 12:25:00+00:00,0.0004790812379826632
2022-04-17 12:30:00+00:00,0.0005026176315974486
2022-04-17 12:35:00+00:00,0.0004968761426366093
2022-04-17 12:40:00+00:00,0.0006487660966566296
2022-04-17 12:45:00+00:00,0.000639009770315178
2022-04-17 12:50:00+00:00,0.0003418304572211242
2022-04-17 12:55:00+00:00,0.00020030997688225914
2022-04-17 13:00:00+00:00,0.0004269041155393577
2022-04-18 03:45:00+00:00,0.000143253212530906
2022-04-18 03:50:00+00:00,0.00013201940714672485
2022-04-18 03:55:00+00:00,0.00013732880907427512
2022-04-18 04:00:00+00:00,0.00010726096126953415
2022-04-18 04:05:00+00:00,0.0002174857993619882
2022-04-18 04:10:00+00:00,0.0002334808252011832
2022-04-18 04:15:00+00:00,0.0003752484125632055
2022-04-18 04:20:00+00:00,0.00032011653671081545
2022-04-18 04:25:00+00:00,0.00030061786934353665
2022-04-18 04:30:00+00:00,0.00043616186150757823
2022-04-18 04:35:00+00:00,0.0005377333345977986
2022-04-18 04:40:00+00:00,0.0007598626953397023
2022-04-18 04:45:00+00:00,0.0004249841807072498
2022-04-18 04:50:00+00:00,0.00043560772038316275
2022-04-18 04:55:00+00:00,0.0004714006635621228
2022-04-18 05:00:00+00:00,0.0003313804967729154
2022-04-18 05:05:00+00:00,0.00013657800438990876
2022-04-18 05:10:00+00:00,2.606301458759461e-05
2022-04-18 05:15:00+00:00,2.1552376507357274e-05
2022-04-18 05:20:00+00:00,2.551190404311839e-05
2022-04-18 05:25:00+00:00,2.5380859090367655e-05
2022-04-18 05:30:00+00:00,1.9383170957101483e-05
2022-04-18 05:35:00+00:00,1.4983508702091368e-05
2022-04-18 05:40:00+00:00,1.791098346810449e-05
2022-04-18 05:45:00+00:00,1.7698844283336405e-05
2022-04-18 05:50:00+00:00,2.349696166271488e-05
2022-04-18 05:55:00+00:00,3.832205141706428e-05
2022-04-18 06:00:00+00:00,4.738616537844559e-05
2022-04-18 06:05:00+00:00,3.515766151705291e-05
2022-04-18 06:10:00+00:00,1.673739343216426e-05
2022-04-18 06:15:00+00:00,1.8417401394831297e-05
2022-04-18 06:20:00+00:00,1.968442883684442e-05
2022-04-18 06:25:00+00:00,1.76259517776405e-05
2022-04-18 06:30:00+00:00,2.5386118879569163e-05
2022-04-18 06:35:00+00:00,3.274370101850906e-05
2022-04-18 06:40:00+00:00,2.7767275713819546e-05
2022-04-18 06:45:00+00:00,2.4750346635798345e-05
2022-04-18 06:50:00+00:00,3.456009774531875e-05
2022-04-18 06:55:00+00:00,3.422277282553443e-05
2022-04-18 07:00:00+00:00,2.0993631928700672e-05
2022-04-18 07:05:00+00:00,2.87025455547902e-05
2022-04-18 07:10:00+00:00,5.682126306662735e-05
2022-04-18 07:15:00+00:00,7.058007351643444e-05
2022-04-18 07:20:00+00:00,6.724267873151562e-05
2022-04-18 07:25:00+00:00,6.463737228450937e-05
2022-04-18 07:30:00+00:00,6.0497289429773415e-05
2022-04-18 07:35:00+00:00,6.742433428744691e-05
2022-04-18 07:40:00+00:00,2.6258192400199978e-05
2022-04-18 07:45:00+00:00,1.8143715759203093e-05
2022-04-18 07:50:00+00:00,1.6547594661600922e-05
2022-04-18 07:55:00+00:00,1.950678675790423e-05
2022-04-18 08:00:00+00:00,1.630863379227015e-05
2022-04-18 08:05:00+00:00,2.560322690760456e-05
2022-04-18 08:10:00+00:00,2.7812930501524533e-05
2022-04-18 08:15:00+00:00,2.316247274232057e-05
2022-04-18 08:20:00+00:00,3.11837246031142e-05
2022-04-18 08:25:00+00:00,3.4878744153080554e-05
2022-04-18 08:30:00+00:00,2.0667100876338838e-05
2022-04-18 08:35:00+00:00,1.4168646237360085e-05
2022-04-18 08:40:00+00:00,2.752570987974562e-05
2022-04-18 08:45:00+00:00,3.933721967409671e-05
2022-04-18 08:50:00+00:00,3.6140683551344084e-05
2022-04-18 08:55:00+00:00,4.8958894306112306e-05
2022-04-18 09:00:00+00:00,5.094780581779156e-05
2022-04-18 09:05:00+00:00,3.0142455129682437e-05
2022-04-18 09:10:00+00:00,3.2325790805358134e-05
2022-04-18 09:15:00+00:00,4.2383322138854224e-05
2022-04-18 09:20:00+00:00,5.723524195997925e-05
2022-04-18 09:25:00+00:00,6.37565805061624e-05
2022-04-18 09:30:00+00:00,5.278960950793337e-05
2022-04-18 09:35:00+00:00,3.0526161476706686e-05
2022-04-18 09:40:00+00:00,2.63305318172387e-05
2022-04-18 09:45:00+00:00,2.797255470629391e-05
2022-04-18 09:50:00+00:00,3.1565443519147366e-05
2022-04-18 09:55:00+00:00,4.3105536544833534e-05
2022-04-18 10:00:00+00:00,3.7136979963700145e-05
2022-04-18 10:05:00+00:00,3.782502840440282e-05
2022-04-18 10:10:00+00:00,3.876891484719332e-05
2022-04-18 10:15:00+00:00,4.672376149247661e-05
2022-04-18 10:20:00+00:00,7.378392705877208e-05
2022-04-18 10:25:00+00:00,7.248309225747572e-05
2022-04-18 10:30:00+00:00,6.600435641605947e-05
2022-04-18 10:35:00+00:00,7.779368905685852e-05
2022-04-18 10:40:00+00:00,6.192927544689543e-05
2022-04-18 10:45:00+00:00,5.8041257358042885e-05
2022-04-18 10:50:00+00:00,2.7025089450494273e-05
2022-04-18 10:55:00+00:00,3.4128339207789694e-05
2022-04-18 11:00:00+00:00,7.480412082094437e-05
2022-04-18 11:05:00+00:00,7.127943580879866e-05
2022-04-18 11:10:00+00:00,0.00010080866342366828
2022-04-18 11:15:00+00:00,0.00013854526296917596
2022-04-18 11:20:00+00:00,0.00014611086008615504
2022-04-18 11:25:00+00:00,0.0001535421084912082
2022-04-18 11:30:00+00:00,0.00010678550898205025
2022-04-18 11:35:00+00:00,9.110489986701727e-05
2022-04-18 11:40:00+00:00,0.00010611736831897997
2022-04-18 11:45:00+00:00,8.713812216690431e-05
2022-04-18 11:50:00+00:00,0.00011153545282321456
2022-04-18 11:55:00+00:00,0.0002242364625486993
2022-04-18 12:00:00+00:00,0.00016247941536048273
2022-04-18 12:05:00+00:00,0.00026625261223006084
2022-04-18 12:10:00+00:00,0.0002183656272781199
2022-04-18 12:15:00+00:00,0.00021980918832674673
2022-04-18 12:20:00+00:00,0.00035037146278587075
2022-04-18 12:25:00+00:00,0.0005267311421248799
2022-04-18 12:30:00+00:00,0.0006351675451613182
2022-04-18 12:35:00+00:00,0.000557807273652912
2022-04-18 12:40:00+00:00,0.00038392999585245603
2022-04-18 12:45:00+00:00,0.00028979949736161184
2022-04-18 12:50:00+00:00,0.0002504189399960839
2022-04-18 12:55:00+00:00,0.00033892857374279595
2022-04-18 13:00:00+00:00,0.00027283599449868975
2022-04-18 13:05:00+00:00,0.00023338213544800678
2022-04-18 13:10:00+00:00,9.192613430410717e-05
2022-04-18 13:15:00+00:00,6.551590470753262e-05
2022-04-18 13:20:00+00:00,6.73843490356165e-05
2022-04-18 13:25:00+00:00,0.00011168831167721924
2022-04-19 04:10:00+00:00,0.00012224272834932657
2022-04-19 04:15:00+00:00,5.272456722779241e-05
2022-04-19 04:20:00+00:00,3.0149607934664556e-05
2022-04-19 04:25:00+00:00,2.7660764424050734e-05
2022-04-19 04:30:00+00:00,2.6720089970182788e-05
2022-04-19 04:35:00+00:00,2.9087444609790527e-05
2022-04-19 04:40:00+00:00,3.002451933519353e-05
2022-04-19 04:45:00+00:00,2.8754797319774897e-05
2022-04-19 04:50:00+00:00,2.969315091436838e-05
2022-04-19 04:55:00+00:00,2.377771012666815e-05
2022-04-19 05:00:00+00:00,2.5597333212207686e-05
2022-04-19 05:05:00+00:00,3.095826112656459e-05
2022-04-19 05:10:00+00:00,4.036979937613805e-05
2022-04-19 05:15:00+00:00,2.7934784929754258e-05
2022-04-19 05:20:00+00:00,1.757936798179459e-05
2022-04-19 05:25:00+00:00,1.6580087240286562e-05
2022-04-19 05:30:00+00:00,1.9316883195714872e-05
2022-04-19 05:35:00+00:00,2.0757411099454193e-05
2022-04-19 05:40:00+00:00,2.2401480747184925e-05
2022-04-19 05:45:00+00:00,2.3437348146698444e-05
2022-04-19 05:50:00+00:00,2.182971146424832e-05
2022-04-19 05:55:00+00:00,2.400657802953109e-05
2022-04-19 06:00:00+00:00,2.4647281106032602e-05
2022-04-19 06:05:00+00:00,2.7129053383011137e-05
2022-04-19 06:10:00+00:00,2.6451179084122807e-05
2022-04-19 06:15:00+00:00,2.7140498313695603e-05
2022-04-19 06:20:00+00:00,6.246440048358872e-05
2022-04-19 06:25:00+00:00,0.0009375692328932602
2022-04-19 06:30:00+00:00,0.0013974995820749847
2022-04-19 06:35:00+00:00,0.002363614561709752
2022-04-19 06:40:00+00:00,0.003186279193047918
2022-04-19 06:45:00+00:00,0.0038312982788020152
2022-04-19 06:50:00+00:00,0.004015245877125154
2022-04-19 06:55:00+00:00,0.003840426607222767
2022-04-19 07:00:00+00:00,0.0038845743938778956
2022-04-19 07:05:00+00:00,0.00392622847378005
2022-04-19 07:10:00+00:00,0.003963896083133608
2022-04-19 07:15:00+00:00,0.003959743920522934
2022-04-19 07:20:00+00:00,0.003810077998758087
2022-04-19 07:25:00+00:00,0.0036077058938210446
2022-04-19 07:30:00+00:00,0.0034077264399342763
2022-04-19 07:35:00+00:00,0.0032620262615060134
2022-04-19 07:40:00+00:00,0.003159268632308738
2022-04-19 07:45:00+00:00,0.002964645375273261
2022-04-19 07:50:00+00:00,0.0027762641726398526
2022-04-19 07:55:00+00:00,0.002524985040400766
2022-04-19 08:00:00+00:00,0.0023844467557325986
2022-04-19 08:05:00+00:00,0.002336785761910582
2022-04-19 08:10:00+00:00,0.0023087908842124526
2022-04-19 08:15:00+00:00,0.002214472780338834
2022-04-19 08:20:00+00:00,0.0022827965788416353
2022-04-19 08:25:00+00:00,0.002257671541457766
2022-04-19 08:30:00+00:00,0.002173045635322871
2022-04-19 08:35:00+00:00,0.002060461049583289
2022-04-19 08:40:00+00:00,0.0019729947225357682
2022-04-19 08:45:00+00:00,0.0019335199782652716
2022-04-19 08:50:00+00:00,0.0018538198200569722
2022-04-19 08:55:00+00:00,0.0019165215552595888
2022-04-19 09:00:00+00:00,0.002096466172330798
2022-04-19 09:05:00+00:00,0.0021792884305193052
2022-04-19 09:10:00+00:00,0.002196358164053792
2022-04-19 09:15:00+00:00,0.0021463598947262953
2022-04-19 09:20:00+00:00,0.0017678372991746724
2022-04-19 09:25:00+00:00,0.0014510147049086484
2022-04-19 09:30:00+00:00,0.0017117687924588913
2022-04-19 09:35:00+00:00,0.0018384508659388924
2022-04-19 09:40:00+00:00,0.0020330220050679294
2022-04-19 09:45:00+00:00,0.002084522226233843
2022-04-19 09:50:00+00:00,0.0019183008187716182
2022-04-19 09:55:00+00:00,0.0026910803966605588
2022-04-19 10:00:00+00:00,0.004539474715523181
2022-04-19 10:05:00+00:00,0.0036060083544962834
2022-04-19 10:10:00+00:00,0.002657959355029121
2022-04-19 10:15:00+00:00,0.001687051583154719
2022-04-19 10:20:00+00:00,0.0005558278747386314
2022-04-19 10:25:00+00:00,7.818998545887319e-05
2022-04-19 10:30:00+00:00,8.689944101656606e-05
2022-04-19 10:35:00+00:00,8.7850320054102e-05
2022-04-19 10:40:00+00:00,8.862138241204968e-05
2022-04-19 10:45:00+00:00,8.0705398740065e-05
2022-04-19 10:50:00+00:00,8.370731667191263e-05
2022-04-19 10:55:00+00:00,0.00010037003359940694
2022-04-19 11:00:00+00:00,8.238575077825398e-05
2022-04-19 11:05:00+00:00,8.943946131338981e-05
2022-04-19 11:10:00+00:00,9.541078635233604e-05
2022-04-19 11:15:00+00:00,9.27208918532416e-05
2022-04-19 11:20:00+00:00,4.9426391612322124e-05
2022-04-19 11:25:00+00:00,6.982033129454077e-05
2022-04-19 11:30:00+00:00,7.539200564173931e-05
2022-04-19 11:35:00+00:00,9.139285913552881e-05
2022-04-19 11:40:00+00:00,0.0001062849618918856
2022-04-19 11:45:00+00:00,0.00011080462076874417
2022-04-19 11:50:00+00:00,0.000127588112556356
2022-04-19 11:55:00+00:00,5.933943264519765e-05
2022-04-19 12:00:00+00:00,4.949202416853562e-05
2022-04-19 12:05:00+00:00,6.166337858213044e-05
2022-04-19 12:10:00+00:00,9.668487334563307e-05
2022-04-19 12:15:00+00:00,8.737751710847799e-05
2022-04-19 12:20:00+00:00,7.071161130800894e-05
2022-04-19 12:25:00+00:00,6.55589217044549e-05
2022-04-19 12:30:00+00:00,7.657632016051554e-05
2022-04-19 12:35:00+00:00,3.910248376785819e-05
2022-04-19 12:40:00+00:00,4.73961701802421e-05
2022-04-19 12:45:00+00:00,4.7190566029904575e-05
2022-04-19 12:50:00+00:00,4.459936044783706e-05
2022-04-19 12:55:00+00:00,3.828045357182568e-05
2022-04-19 13:00:00+00:00,3.334542005462051e-05
2022-04-19 13:05:00+00:00,3.1561465553949204e-05
2022-04-19 13:10:00+00:00,5.1068650420979425e-05
2022-04-20 03:35:00+00:00,0.0008864382078500636
2022-04-20 03:40:00+00:00,0.0005011857171581145
2022-04-20 03:45:00+00:00,0.00039386561749886364
2022-04-20 03:50:00+00:00,0.0005066096259367691
2022-04-20 03:55:00+00:00,0.00028874875707453346
2022-04-20 04:00:00+00:00,1.3860423395010732e-05
2022-04-20 04:05:00+00:00,1.2190385122885294e-05
2022-04-20 04:10:00+00:00,1.2957481434005803e-05
2022-04-20 04:15:00+00:00,2.1491854183328627e-05
2022-04-20 04:20:00+00:00,4.045173249420724e-05
2022-04-20 04:25:00+00:00,5.747657482664228e-05
2022-04-20 04:30:00+00:00,5.553340230471211e-05
2022-04-20 04:35:00+00:00,4.678959450741774e-05
2022-04-20 04:40:00+00:00,4.7811901976101834e-05
2022-04-20 04:45:00+00:00,5.62972150156434e-05
2022-04-20 04:50:00+00:00,3.201791952119393e-05
2022-04-20 04:55:00+00:00,6.669212688356394e-05
2022-04-20 05:00:00+00:00,8.644779790318763e-05
2022-04-20 05:05:00+00:00,0.00011490778053501705
2022-04-20 05:10:00+00:00,0.00020476102849702297
2022-04-20 05:15:00+00:00,0.0002651818834566029
2022-04-20 05:20:00+00:00,0.00028465510797340006
2022-04-20 05:25:00+00:00,0.000323718809115234
2022-04-20 05:30:00+00:00,0.0003334305747126947
2022-04-20 05:35:00+00:00,0.0002703520032958062
2022-04-20 05:40:00+00:00,0.00015242385158927807
2022-04-20 05:45:00+00:00,0.00031015292683449506
2022-04-20 05:50:00+00:00,0.0007518346637682897
2022-04-20 05:55:00+00:00,0.0009155948467750647
2022-04-20 06:00:00+00:00,0.0013788786873395594
2022-04-20 06:05:00+00:00,0.002417478900464466
2022-04-20 06:10:00+00:00,0.0035106935324187524
2022-04-20 06:15:00+00:00,0.003519811618979645
2022-04-20 06:20:00+00:00,0.003814239963884938
2022-04-20 06:25:00+00:00,0.003861602917474374
2022-04-20 06:30:00+00:00,0.0031216259994912023
2022-04-20 06:35:00+00:00,0.0022327757281755396
2022-04-20 06:40:00+00:00,0.0017367279727885435
2022-04-20 06:45:00+00:00,0.0017104811805673083
2022-04-20 06:50:00+00:00,0.0017050490243056891
2022-04-20 06:55:00+00:00,0.0015858550671983588
2022-04-20 07:00:00+00:00,0.0014055085648795014
2022-04-20 07:05:00+00:00,0.0012173366809552417
2022-04-20 07:10:00+00:00,0.0011573821629715564
2022-04-20 07:15:00+00:00,0.0011422086438102905
2022-04-20 07:20:00+00:00,0.0012025955858397154
2022-04-20 07:25:00+00:00,0.0012995636223406162
2022-04-20 07:30:00+00:00,0.0012623562705914764
2022-04-20 07:35:00+00:00,0.0010669246177775595
2022-04-20 07:40:00+00:00,0.0009333523473752899
2022-04-20 07:45:00+00:00,0.0007998945594688358
2022-04-20 07:50:00+00:00,0.0006386461668670518
2022-04-20 07:55:00+00:00,0.0005675026853700312
2022-04-20 08:00:00+00:00,0.0006637967087272433
2022-04-20 08:05:00+00:00,0.0008110994125218252
2022-04-20 08:10:00+00:00,0.0008569947041596709
2022-04-20 08:15:00+00:00,0.0008367010462819502
2022-04-20 08:20:00+00:00,0.0006915144395275973
2022-04-20 08:25:00+00:00,0.0008598032582290767
2022-04-20 08:30:00+00:00,0.001000372660383352
2022-04-20 08:35:00+00:00,0.001147757906432606
2022-04-20 08:40:00+00:00,0.0031154809151102162
2022-04-20 08:45:00+00:00,0.002999259039223664
2022-04-20 08:50:00+00:00,0.003226834078003427
2022-04-20 08:55:00+00:00,0.003952479436058385
2022-04-20 09:00:00+00:00,0.003669908257129725
2022-04-20 09:05:00+00:00,0.0037831766116201556
2022-04-20 09:10:00+00:00,0.0035936588109302067
2022-04-20 09:15:00+00:00,0.0041218487163920126
2022-04-20 09:20:00+00:00,0.0025920355182362264
2022-04-20 09:25:00+00:00,0.0013370147707084212
2022-04-20 09:30:00+00:00,0.0006431292248170054
2022-04-20 09:35:00+00:00,0.0018374780507321754
2022-04-20 09:40:00+00:00,0.001765740653132647
2022-04-20 09:45:00+00:00,0.004598712296409916
2022-04-20 09:50:00+00:00,0.004647694394207295
2022-04-20 09:55:00+00:00,0.004003711378649315
2022-04-20 10:00:00+00:00,0.005743273825310949
2022-04-20 10:05:00+00:00,0.005576063525902927
2022-04-20 10:10:00+00:00,0.0051612793111366585
2022-04-20 10:15:00+00:00,0.0036626135721336906
2022-04-20 10:20:00+00:00,0.0035101158959928345
2022-04-20 10:25:00+00:00,0.005156966312204923
2022-04-20 10:30:00+00:00,0.005528119191839371
2022-04-20 10:35:00+00:00,0.0031964236360663752
2022-04-20 10:40:00+00:00,0.0012890992365615951
2022-04-20 10:45:00+00:00,0.00047432635331027287
2022-04-20 10:50:00+00:00,0.00015151558162372207
2022-04-20 10:55:00+00:00,0.00026959776760645973
2022-04-20 11:00:00+00:00,0.00039372410006396723
2022-04-20 11:05:00+00:00,0.0002784033554760769
2022-04-20 11:10:00+00:00,0.00016107532937765476
2022-04-20 11:15:00+00:00,0.00011620812705362252
2022-04-20 11:20:00+00:00,7.126364109765352e-05
2022-04-20 11:25:00+00:00,7.919858813507788e-05
2022-04-20 11:30:00+00:00,9.083939755768338e-05
2022-04-20 11:35:00+00:00,9.36285380740614e-05
2022-04-20 11:40:00+00:00,8.668667274369233e-05
2022-04-20 11:45:00+00:00,8.262757749354777e-05
2022-04-20 11:50:00+00:00,6.541294591781051e-05
2022-04-20 11:55:00+00:00,8.974713510877953e-05
2022-04-20 12:00:00+00:00,0.00027968935140978453
2022-04-20 12:05:00+00:00,0.0003363759883747248
2022-04-20 12:10:00+00:00,0.0002707059078671421
2022-04-20 12:15:00+00:00,0.00027282478038465416
2022-04-20 12:20:00+00:00,0.00036609864995516416
2022-04-20 12:25:00+00:00,0.000667657037325092
2022-04-20 12:30:00+00:00,0.00030371597593492925
2022-04-20 12:35:00+00:00,9.995257593113232e-05
2022-04-20 12:40:00+00:00,9.587171076388692e-05
2022-04-20 12:45:00+00:00,0.00011308638780457365
2022-04-20 12:50:00+00:00,0.00010067376033488871
2022-04-20 12:55:00+00:00,5.6507267579143914e-05
2022-04-20 13:00:00+00:00,4.6130854652454975e-05
2022-04-20 13:05:00+00:00,5.19767051581884e-05
2022-04-20 13:10:00+00:00,0.00013226723422595567
2022-04-21 03:30:00+00:00,0.00010986471445101407
2022-04-21 03:35:00+00:00,0.00010354112509765113
2022-04-21 03:40:00+00:00,7.309207491728045e-05
2022-04-21 03:45:00+00:00,5.778630923291532e-05
2022-04-21 03:50:00+00:00,5.8615092081348514e-05
2022-04-21 03:55:00+00:00,5.7720237782354234e-05
2022-04-21 04:00:00+00:00,4.956841516126683e-05
2022-04-21 04:05:00+00:00,3.596858699125997e-05
2022-04-21 04:10:00+00:00,2.8039325928118496e-05
2022-04-21 04:15:00+00:00,2.851975940365203e-05
2022-04-21 04:20:00+00:00,2.386376728036011e-05
2022-04-21 04:25:00+00:00,1.6468653026174286e-05
2022-04-21 04:30:00+00:00,1.4750339884807305e-05
2022-04-21 04:35:00+00:00,1.6120956453230684e-05
2022-04-21 04:40:00+00:00,1.6359689896192417e-05
2022-04-21 04:45:00+00:00,1.916229602786912e-05
2022-04-21 04:50:00+00:00,4.237592477562099e-05
2022-04-21 04:55:00+00:00,6.42710993261652e-05
2022-04-21 05:00:00+00:00,4.77289941698542e-05
2022-04-21 05:05:00+00:00,7.849185300999085e-05
2022-04-21 05:10:00+00:00,9.780902694973365e-05
2022-04-21 05:15:00+00:00,0.00011624953263243602
2022-04-21 05:20:00+00:00,7.062294714043095e-05
2022-04-21 05:25:00+00:00,5.412079643436851e-05
2022-04-21 05:30:00+00:00,6.483514310663486e-05
2022-04-21 05:35:00+00:00,4.412929162905715e-05
2022-04-21 05:40:00+00:00,2.5335609539356933e-05
2022-04-21 05:45:00+00:00,1.9962392237951235e-05
2022-04-21 05:50:00+00:00,1.9928349710573423e-05
2022-04-21 05:55:00+00:00,2.2961871906299546e-05
2022-04-21 06:00:00+00:00,2.4814194350528987e-05
2022-04-21 06:05:00+00:00,2.5651845437101703e-05
2022-04-21 06:10:00+00:00,2.108818769726896e-05
2022-04-21 06:15:00+00:00,2.0548752843334094e-05
2022-04-21 06:20:00+00:00,2.0926408695457098e-05
2022-04-21 06:25:00+00:00,1.9257469399467472e-05
2022-04-21 06:30:00+00:00,2.291507847085074e-05
2022-04-21 06:35:00+00:00,2.603356514565138e-05
2022-04-21 06:40:00+00:00,2.6769432485615856e-05
2022-04-21 06:45:00+00:00,2.551125722002838e-05
2022-04-21 06:50:00+00:00,2.324474489934502e-05
2022-04-21 06:55:00+00:00,2.0919729310730782e-05
2022-04-21 07:00:00+00:00,2.818384972164116e-05
2022-04-21 07:05:00+00:00,4.4761210761783264e-05
2022-04-21 07:10:00+00:00,3.8195641864641423e-05
2022-04-21 07:15:00+00:00,2.4468121262108943e-05
2022-04-21 07:20:00+00:00,1.8635093035963692e-05
2022-04-21 07:25:00+00:00,1.9805239753111974e-05
2022-04-21 07:30:00+00:00,1.9030978627727824e-05
2022-04-21 07:35:00+00:00,2.1027450559915404e-05
2022-04-21 07:40:00+00:00,2.8752045225055585e-05
2022-04-21 07:45:00+00:00,2.937294481851254e-05
2022-04-21 07:50:00+00:00,3.8479462640727576e-05
2022-04-21 07:55:00+00:00,4.8922564209120156e-05
2022-04-21 08:00:00+00:00,3.877555059193865e-05
2022-04-21 08:05:00+00:00,5.3507394676683304e-05
2022-04-21 08:10:00+00:00,4.142065871118899e-05
2022-04-21 08:15:00+00:00,2.9489203497129238e-05
2022-04-21 08:20:00+00:00,4.3021060036895316e-05
2022-04-21 08:25:00+00:00,2.8698188127843143e-05
2022-04-21 08:30:00+00:00,3.46941247347e-05
2022-04-21 08:35:00+00:00,5.0083977822215404e-05
2022-04-21 08:40:00+00:00,8.67145818279731e-05
2022-04-21 08:45:00+00:00,8.563105775499471e-05
2022-04-21 08:50:00+00:00,8.820530945641935e-05
2022-04-21 08:55:00+00:00,0.00010852409383946569
2022-04-21 09:00:00+00:00,0.00016579239003171355
2022-04-21 09:05:00+00:00,0.00017353125219189965
2022-04-21 09:10:00+00:00,0.000232891070833555
2022-04-21 09:15:00+00:00,0.0003076114818769876
2022-04-21 09:20:00+00:00,0.00039590822463050104
2022-04-21 09:25:00+00:00,0.0003454611163057257
2022-04-21 09:30:00+00:00,0.00030297185193533263
2022-04-21 09:35:00+00:00,0.0003644784469856574
2022-04-21 09:40:00+00:00,0.00031471986571329617
2022-04-21 09:45:00+00:00,0.0002182850335957111
2022-04-21 09:50:00+00:00,0.00017756885190309127
2022-04-21 09:55:00+00:00,0.00023074510308482169
2022-04-21 10:00:00+00:00,0.00018972075701381512
2022-04-21 10:05:00+00:00,0.00012321767775319906
2022-04-21 10:10:00+00:00,0.00023714350884104326
2022-04-21 10:15:00+00:00,0.0003463579167242546
2022-04-21 10:20:00+00:00,0.00019410416552768323
2022-04-21 10:25:00+00:00,0.00016889125965434388
2022-04-21 10:30:00+00:00,0.00020942773506365137
2022-04-21 10:35:00+00:00,0.0001398310431830263
2022-04-21 10:40:00+00:00,0.00010082358632522655
2022-04-21 10:45:00+00:00,8.616053037294149e-05
2022-04-21 10:50:00+00:00,8.035809524779521e-05
2022-04-21 10:55:00+00:00,7.587193561097348e-05
2022-04-21 11:00:00+00:00,8.115286933777008e-05
2022-04-21 11:05:00+00:00,9.470089350757423e-05
2022-04-21 11:10:00+00:00,0.00013125990967331348
2022-04-21 11:15:00+00:00,0.0001509124517490272
2022-04-21 11:20:00+00:00,7.948300592381848e-05
2022-04-21 11:25:00+00:00,6.770530081218121e-05
2022-04-21 11:30:00+00:00,4.3466738298935375e-05
2022-04-21 11:35:00+00:00,4.038849807469987e-05
2022-04-21 11:40:00+00:00,3.733296461583809e-05
2022-04-21 11:45:00+00:00,3.3953967771190346e-05
2022-04-21 11:50:00+00:00,2.5532396701170176e-05
2022-04-21 11:55:00+00:00,3.418386697881407e-05
2022-04-21 12:00:00+00:00,2.644574103903647e-05
2022-04-21 12:05:00+00:00,2.2541318900801982e-05
2022-04-21 12:10:00+00:00,1.6076418984350314e-05
2022-04-21 12:15:00+00:00,2.4270829462564548e-05
2022-04-21 12:20:00+00:00,2.2357318031187888e-05
2022-04-21 12:25:00+00:00,2.9458213377733032e-05
2022-04-21 12:30:00+00:00,4.391648682123455e-05
2022-04-21 12:35:00+00:00,5.0402786036824635e-05
2022-04-21 12:40:00+00:00,5.8365286662520376e-05
2022-04-21 12:45:00+00:00,4.795799482702508e-05
2022-04-21 12:50:00+00:00,5.312492990087929e-05
2022-04-22 03:55:00+00:00,8.89186627185762e-05
2022-04-22 04:00:00+00:00,5.659802218083459e-05
2022-04-22 04:05:00+00:00,5.613873677711684e-05
2022-04-22 04:10:00+00:00,7.191773508979174e-05
2022-04-22 04:15:00+00:00,0.00028522671748584235
2022-04-22 04:20:00+00:00,0.00030404739453337163
2022-04-22 04:25:00+00:00,0.000190640920585363
2022-04-22 04:30:00+00:00,0.00012009241232282225
2022-04-22 04:35:00+00:00,0.0001251007994667782
2022-04-22 04:40:00+00:00,0.0005046375638206315
2022-04-22 04:45:00+00:00,0.0004736323257600002
2022-04-22 04:50:00+00:00,0.00029252779412405677
2022-04-22 04:55:00+00:00,0.0002120142725496271
2022-04-22 05:00:00+00:00,0.0002930374217852798
2022-04-22 05:05:00+00:00,0.0002971472981463582
2022-04-22 05:10:00+00:00,0.00017251723510476965
2022-04-22 05:15:00+00:00,0.00011456054527780316
2022-04-22 05:20:00+00:00,5.461659168983309e-05
2022-04-22 05:25:00+00:00,6.166710166208831e-05
2022-04-22 05:30:00+00:00,7.001201026651418e-05
2022-04-22 05:35:00+00:00,0.00028620835859252696
2022-04-22 05:40:00+00:00,0.0002835984070316489
2022-04-22 05:45:00+00:00,0.0003455544849874141
2022-04-22 05:50:00+00:00,0.00026561977042426153
2022-04-22 05:55:00+00:00,0.0002801350574044103
2022-04-22 06:00:00+00:00,0.0002480393365699807
2022-04-22 06:05:00+00:00,0.00013693170682328729
2022-04-22 06:10:00+00:00,0.0001345698672680068
2022-04-22 06:15:00+00:00,9.706401643688265e-05
2022-04-22 06:20:00+00:00,9.98931350985022e-05
2022-04-22 06:25:00+00:00,6.716219071903027e-05
2022-04-22 06:30:00+00:00,0.00030526221223850877
2022-04-22 06:35:00+00:00,0.0003340620577570388
2022-04-22 06:40:00+00:00,0.0002567450045858726
2022-04-22 06:45:00+00:00,0.0003419599395649661
2022-04-22 06:50:00+00:00,0.0006517789178989219
2022-04-22 06:55:00+00:00,0.00066321890825352
2022-04-22 07:00:00+00:00,0.0006163795895707993
2022-04-22 07:05:00+00:00,0.0007387332949501934
2022-04-22 07:10:00+00:00,0.0007364180608021159
2022-04-22 07:15:00+00:00,0.0007061537058521868
2022-04-22 07:20:00+00:00,0.0006761402790157878
2022-04-22 07:25:00+00:00,0.0007636878828304611
2022-04-22 07:30:00+00:00,0.00047394262490657244
2022-04-22 07:35:00+00:00,0.0006322805676211966
2022-04-22 07:40:00+00:00,0.0005956850753323443
2022-04-22 07:45:00+00:00,0.0004205819534919493
2022-04-22 07:50:00+00:00,0.0004050460228442042
2022-04-22 07:55:00+00:00,0.0004375556938672654
2022-04-22 08:00:00+00:00,0.0003996362092761271
2022-04-22 08:05:00+00:00,0.00022763109368085295
2022-04-22 08:10:00+00:00,0.0002678103618024726
2022-04-22 08:15:00+00:00,0.00021949157541140552
2022-04-22 08:20:00+00:00,0.00018242629162642631
2022-04-22 08:25:00+00:00,0.00012103032580110896
2022-04-22 08:30:00+00:00,0.00010336461131956885
2022-04-22 08:35:00+00:00,0.00010767526334940817
2022-04-22 08:40:00+00:00,6.07932956682378e-05
2022-04-22 08:45:00+00:00,8.258376727002042e-05
2022-04-22 08:50:00+00:00,0.00012132597450046018
2022-04-22 08:55:00+00:00,0.00011592387040335229
2022-04-22 09:00:00+00:00,0.00027895098981505466
2022-04-22 09:05:00+00:00,0.00039118697518393866
2022-04-22 09:10:00+00:00,0.00043370441657274427
2022-04-22 09:15:00+00:00,0.0003474817112512386
2022-04-22 09:20:00+00:00,0.000688488729234307
2022-04-22 09:25:00+00:00,0.0006937825731224506
2022-04-22 09:30:00+00:00,0.0005506809103728256
2022-04-22 09:35:00+00:00,0.0003275654675893396
2022-04-22 09:40:00+00:00,0.00042166130552915687
2022-04-22 09:45:00+00:00,0.0004358352864402702
2022-04-22 09:50:00+00:00,0.00021372828259279245
2022-04-22 09:55:00+00:00,0.00022783620653851012
2022-04-22 10:00:00+00:00,0.00020714639455454218
2022-04-22 10:05:00+00:00,0.0002660019036633966
2022-04-22 10:10:00+00:00,0.00023290312627909305
2022-04-22 10:15:00+00:00,7.655161065817502e-05
2022-04-22 10:20:00+00:00,9.168318898259293e-05
2022-04-22 10:25:00+00:00,8.280739678941762e-05
2022-04-22 10:30:00+00:00,6.339687340120744e-05
2022-04-22 10:35:00+00:00,9.982434272135582e-05
2022-04-22 10:40:00+00:00,0.00012914574891069333
2022-04-22 10:45:00+00:00,0.00020110984593829079
2022-04-22 10:50:00+00:00,0.0002442058019730456
2022-04-22 10:55:00+00:00,0.00024727093504850196
2022-04-22 11:00:00+00:00,0.00023183856536363316
2022-04-22 11:05:00+00:00,0.00022867534750249007
2022-04-22 11:10:00+00:00,0.0002004758986926855
2022-04-22 11:15:00+00:00,8.02292582177373e-05
2022-04-22 11:20:00+00:00,5.082901820063942e-05
2022-04-22 11:25:00+00:00,7.703280239104963e-05
2022-04-22 11:30:00+00:00,0.00012323021270371987
2022-04-22 11:35:00+00:00,0.00019405619758469105
2022-04-22 11:40:00+00:00,0.00019177933823432056
2022-04-22 11:45:00+00:00,0.00025282809647620753
2022-04-22 11:50:00+00:00,0.00045629683865613664
2022-04-22 11:55:00+00:00,0.0006225886321176159
2022-04-22 12:00:00+00:00,0.0004622080263401055
2022-04-22 12:05:00+00:00,0.0005228021638223018
2022-04-22 12:10:00+00:00,0.0003567178395141067
2022-04-22 12:15:00+00:00,0.00031469153785888517
2022-04-22 12:20:00+00:00,0.00033370673051326513
2022-04-22 12:25:00+00:00,0.00045543545534617057
2022-04-22 12:30:00+00:00,0.0005177992547047984
2022-04-22 12:35:00+00:00,0.0005120437807020318
2022-04-22 12:40:00+00:00,0.0003872898052127466
2022-04-22 12:45:00+00:00,0.0005023358609721446
2022-04-22 12:50:00+00:00,0.0003161797002146336
2022-04-22 12:55:00+00:00,0.0002552861363895337
2022-04-22 13:00:00+00:00,0.000267874169152528
2022-04-22 13:05:00+00:00,0.00020380184927126782
2022-04-22 13:10:00+00:00,0.00018336531010171154
2022-04-22 13:15:00+00:00,0.00019612247295932913
2022-04-22 13:20:00+00:00,0.00011825110079569918
2022-04-23 03:45:00+00:00,0.0003680124048672556
2022-04-23 03:50:00+00:00,0.00026700736626727675
2022-04-23 03:55:00+00:00,0.0001222319548106431
2022-04-23 04:00:00+00:00,7.743164451968788e-05
2022-04-23 04:05:00+00:00,7.450068171996671e-05
2022-04-23 04:10:00+00:00,7.28561487738776e-05
2022-04-23 04:15:00+00:00,7.145016373447386e-05
2022-04-23 04:20:00+00:00,7.015649725761017e-05
2022-04-23 04:25:00+00:00,6.732384997620633e-05
2022-04-23 04:30:00+00:00,8.202428306581818e-05
2022-04-23 04:35:00+00:00,9.890450037283899e-05
2022-04-23 04:40:00+00:00,0.00010763056222064654
2022-04-23 04:45:00+00:00,0.00010228680330951059
2022-04-23 04:50:00+00:00,0.00010647072914615515
2022-04-23 04:55:00+00:00,8.747280981400354e-05
2022-04-23 05:00:00+00:00,4.535724252470574e-05
2022-04-23 05:05:00+00:00,3.665222170496948e-05
2022-04-23 05:10:00+00:00,3.08761904165492e-05
2022-04-23 05:15:00+00:00,3.3112204322081055e-05
2022-04-23 05:20:00+00:00,5.4149719844373094e-05
2022-04-23 05:25:00+00:00,5.687959358137248e-05
2022-04-23 05:30:00+00:00,4.692507421679369e-05
2022-04-23 05:35:00+00:00,3.093929945447553e-05
2022-04-23 05:40:00+00:00,2.6765068820643498e-05
2022-04-23 05:45:00+00:00,2.15818409680462e-05
2022-04-23 05:50:00+00:00,2.1297572908366025e-05
2022-04-23 05:55:00+00:00,2.307685196214606e-05
2022-04-23 06:00:00+00:00,2.1779266616490447e-05
2022-04-23 06:05:00+00:00,1.8809581728484308e-05
2022-04-23 06:10:00+00:00,2.3378227303291144e-05
2022-04-23 06:15:00+00:00,3.356052163399085e-05
2022-04-23 06:20:00+00:00,5.121194013755274e-05
2022-04-23 06:25:00+00:00,4.6837886950035504e-05
2022-04-23 06:30:00+00:00,4.020034943522393e-05
2022-04-23 06:35:00+00:00,4.676385983555448e-05
2022-04-23 06:40:00+00:00,4.768138870229218e-05
2022-04-23 06:45:00+00:00,5.560657948514624e-05
2022-04-23 06:50:00+00:00,6.709528017989362e-05
2022-04-23 06:55:00+00:00,5.92842608086688e-05
2022-04-23 07:00:00+00:00,5.788424038338944e-05
2022-04-23 07:05:00+00:00,7.282020274046761e-05
2022-04-23 07:10:00+00:00,6.688730764607684e-05
2022-04-23 07:15:00+00:00,7.34322707279224e-05
2022-04-23 07:20:00+00:00,9.453962117114907e-05
2022-04-23 07:25:00+00:00,0.00010166306734969587
2022-04-23 07:30:00+00:00,0.00011267359635401978
2022-04-23 07:35:00+00:00,0.00010953854558263795
2022-04-23 07:40:00+00:00,0.00010689728457839887
2022-04-23 07:45:00+00:00,0.00011573305625693596
2022-04-23 07:50:00+00:00,7.003942470929282e-05
2022-04-23 07:55:00+00:00,5.64125960582384e-05
2022-04-23 08:00:00+00:00,8.264677220172191e-05
2022-04-23 08:05:00+00:00,9.543150534416486e-05
2022-04-23 08:10:00+00:00,8.785027972264977e-05
2022-04-23 08:15:00+00:00,9.107097407979089e-05
2022-04-23 08:20:00+00:00,0.0002432481533497183
2022-04-23 08:25:00+00:00,0.0004308465545307202
2022-04-23 08:30:00+00:00,0.00036068378851754405
2022-04-23 08:35:00+00:00,0.0004537327662120661
2022-04-23 08:40:00+00:00,0.0006087312627621917
2022-04-23 08:45:00+00:00,0.0007009588818396831
2022-04-23 08:50:00+00:00,0.0003837744194299011
2022-04-23 08:55:00+00:00,0.000522221522787407
2022-04-23 09:00:00+00:00,0.0005362933495237009
2022-04-23 09:05:00+00:00,0.00049688426092432
2022-04-23 09:10:00+00:00,0.0003009189392586831
2022-04-23 09:15:00+00:00,0.0003409480458111757
2022-04-23 09:20:00+00:00,0.00033731135844098
2022-04-23 09:25:00+00:00,0.00027976238475099536
2022-04-23 09:30:00+00:00,0.0002703410844789956
2022-04-23 09:35:00+00:00,0.0001774955558486487
2022-04-23 09:40:00+00:00,0.00016220619119014146
2022-04-23 09:45:00+00:00,0.0001691946366594352
2022-04-23 09:50:00+00:00,5.0198777659824465e-05
2022-04-23 09:55:00+00:00,2.9491943876837413e-05
2022-04-23 10:00:00+00:00,2.2312154400939004e-05
2022-04-23 10:05:00+00:00,3.0132200510899245e-05
2022-04-23 10:10:00+00:00,2.4935489590326645e-05
2022-04-23 10:15:00+00:00,2.0164480479115044e-05
2022-04-23 10:20:00+00:00,2.8167977437628035e-05
2022-04-23 10:25:00+00:00,3.0603700525101196e-05
2022-04-23 10:30:00+00:00,2.8047831283766003e-05
2022-04-23 10:35:00+00:00,3.150837767453049e-05
2022-04-23 10:40:00+00:00,3.217816945078097e-05
2022-04-23 10:45:00+00:00,3.315445773031545e-05
2022-04-23 10:50:00+00:00,3.0405023970225996e-05
2022-04-23 10:55:00+00:00,1.9643636837995337e-05
2022-04-23 11:00:00+00:00,1.5726863441867025e-05
2022-04-23 11:05:00+00:00,1.0806496672187694e-05
2022-04-23 11:10:00+00:00,1.5139968171177086e-05
2022-04-23 11:15:00+00:00,2.4129229964368022e-05
2022-04-23 11:20:00+00:00,2.9894365619130632e-05
2022-04-23 11:25:00+00:00,2.4679749114663434e-05
2022-04-23 11:30:00+00:00,1.349497652525726e-05
2022-04-23 11:35:00+00:00,2.0552728404845842e-05
2022-04-23 11:40:00+00:00,2.460594587474795e-05
2022-04-23 11:45:00+00:00,1.9750302185047736e-05
2022-04-23 11:50:00+00:00,2.3791538407054498e-05
2022-04-23 11:55:00+00:00,2.6938222185292258e-05
2022-04-23 12:00:00+00:00,2.6682064783434198e-05
2022-04-23 12:05:00+00:00,2.5026039856172355e-05
2022-04-23 12:10:00+00:00,2.4013052618243193e-05
2022-04-23 12:15:00+00:00,2.001131601149379e-05
2022-04-23 12:20:00+00:00,2.586153240378823e-05
2022-04-23 12:25:00+00:00,4.5333300479562206e-05
2022-04-23 12:30:00+00:00,4.64567029689242e-05
2022-04-23 12:35:00+00:00,4.4874361742788886e-05
2022-04-23 12:40:00+00:00,3.823766939692338e-05
2022-04-23 12:45:00+00:00,2.4818166957439785e-05
2022-04-23 12:50:00+00:00,1.4300543732863955e-05
2022-04-23 12:55:00+00:00,3.1704678630773796e-05
2022-04-23 13:00:00+00:00,3.859804647705272e-05
2022-04-23 13:05:00+00:00,2.447244030031508e-05
2022-04-23 13:10:00+00:00,5.4056267097499024e-05
2022-04-23 13:15:00+00:00,0.00011780220771501927
2022-04-24 04:00:00+00:00,0.00012010449932755082
2022-04-24 04:05:00+00:00,0.00013021052598581574
2022-04-24 04:10:00+00:00,0.0001791128495625215
2022-04-24 04:15:00+00:00,0.00029097493692995544
2022-04-24 04:20:00+00:00,0.000262121517278076
2022-04-24 04:25:00+00:00,0.0002098037202404422
2022-04-24 04:30:00+00:00,0.00017654075046578323
2022-04-24 04:35:00+00:00,0.0001473281788983092
2022-04-24 04:40:00+00:00,8.14672990416496e-05
2022-04-24 04:45:00+00:00,9.468256427522373e-05
2022-04-24 04:50:00+00:00,0.00012292710286215418
2022-04-24 04:55:00+00:00,7.074031092316848e-05
2022-04-24 05:00:00+00:00,8.222482275742086e-05
2022-04-24 05:05:00+00:00,8.24555722443399e-05
2022-04-24 05:10:00+00:00,0.00015022840336236185
2022-04-24 05:15:00+00:00,0.00019794606995534594
2022-04-24 05:20:00+00:00,0.0002615391662452995
2022-04-24 05:25:00+00:00,0.00016410231838874542
2022-04-24 05:30:00+00:00,9.243492670885908e-05
2022-04-24 05:35:00+00:00,0.00011258390514515095
2022-04-24 05:40:00+00:00,8.770525686853225e-05
2022-04-24 05:45:00+00:00,7.383219127080949e-05
2022-04-24 05:50:00+00:00,7.118969302295945e-05
2022-04-24 05:55:00+00:00,6.831829618602974e-05
2022-04-24 06:00:00+00:00,7.072698723258188e-05
2022-04-24 06:05:00+00:00,6.834178621155818e-05
2022-04-24 06:10:00+00:00,0.0001559647758599257
2022-04-24 06:15:00+00:00,0.0002150947082490518
2022-04-24 06:20:00+00:00,0.00018426301373427535
2022-04-24 06:25:00+00:00,0.0001583759832843062
2022-04-24 06:30:00+00:00,0.00019101356874151905
2022-04-24 06:35:00+00:00,0.00025876982048448943
2022-04-24 06:40:00+00:00,0.0001546211220390417
2022-04-24 06:45:00+00:00,0.00010851631374544555
2022-04-24 06:50:00+00:00,0.00012418244109834413
2022-04-24 06:55:00+00:00,0.00021693475223493198
2022-04-24 07:00:00+00:00,0.0002466711600940859
2022-04-24 07:05:00+00:00,0.0002068393451426627
2022-04-24 07:10:00+00:00,0.00023425607151157527
2022-04-24 07:15:00+00:00,0.00027915673088683366
2022-04-24 07:20:00+00:00,0.0001814319406997635
2022-04-24 07:25:00+00:00,0.00012120538525089807
2022-04-24 07:30:00+00:00,8.09405581582759e-05
2022-04-24 07:35:00+00:00,0.0001032476928502642
2022-04-24 07:40:00+00:00,0.00011994090414357212
2022-04-24 07:45:00+00:00,0.00011140932363058128
2022-04-24 07:50:00+00:00,7.762507896653195e-05
2022-04-24 07:55:00+00:00,0.00011813152425149132
2022-04-24 08:00:00+00:00,6.146092461053738e-05
2022-04-24 08:05:00+00:00,5.038320211958854e-05
2022-04-24 08:10:00+00:00,5.407163123004328e-05
2022-04-24 08:15:00+00:00,4.687697360722374e-05
2022-04-24 08:20:00+00:00,4.3689222422817396e-05
2022-04-24 08:25:00+00:00,9.140124123847492e-05
2022-04-24 08:30:00+00:00,0.0005727236405975211
2022-04-24 08:35:00+00:00,0.000342985525014933
2022-04-24 08:40:00+00:00,0.00021576408051696643
2022-04-24 08:45:00+00:00,0.00015995272923992614
2022-04-24 08:50:00+00:00,0.0001363539221589849
2022-04-24 08:55:00+00:00,0.00011670203093049075
2022-04-24 09:00:00+00:00,0.00014123008821045077
2022-04-24 09:05:00+00:00,0.0001324362596869412
2022-04-24 09:10:00+00:00,5.931913856084356e-05
2022-04-24 09:15:00+00:00,9.462619521405949e-05
2022-04-24 09:20:00+00:00,0.00010436564169338079
2022-04-24 09:25:00+00:00,0.0001221176377570646
2022-04-24 09:30:00+00:00,0.00012729264105607177
2022-04-24 09:35:00+00:00,0.00011787702187058521
2022-04-24 09:40:00+00:00,0.00022981011012170374
2022-04-24 09:45:00+00:00,0.00015710691510016688
2022-04-24 09:50:00+00:00,0.00015487101248397645
2022-04-24 09:55:00+00:00,0.00011274789025867931
2022-04-24 10:00:00+00:00,0.00010964955416178685
2022-04-24 10:05:00+00:00,8.956199902948966e-05
2022-04-24 10:10:00+00:00,9.179344817562699e-05
2022-04-24 10:15:00+00:00,9.203672697750681e-05
2022-04-24 10:20:00+00:00,8.27131299462016e-05
2022-04-24 10:25:00+00:00,8.652476686374601e-05
2022-04-24 10:30:00+00:00,8.807108620139352e-05
2022-04-24 10:35:00+00:00,6.864834678501995e-05
2022-04-24 10:40:00+00:00,5.627963604830309e-05
2022-04-24 10:45:00+00:00,7.04869245451863e-05
2022-04-24 10:50:00+00:00,0.00017261023565550337
2022-04-24 10:55:00+00:00,0.0001554607787589694
2022-04-24 11:00:00+00:00,0.00012938329266224736
2022-04-24 11:05:00+00:00,0.00011523146992937885
2022-04-24 11:10:00+00:00,0.00015047060668640878
2022-04-24 11:15:00+00:00,0.0001225676161523952
2022-04-24 11:20:00+00:00,0.00012096391923839687
2022-04-24 11:25:00+00:00,0.0001422945418174846
2022-04-24 11:30:00+00:00,7.886496574008208e-05
2022-04-24 11:35:00+00:00,7.928284620799725e-05
2022-04-24 11:40:00+00:00,7.387464789268746e-05
2022-04-24 11:45:00+00:00,7.805444811878186e-05
2022-04-24 11:50:00+00:00,7.844971895088002e-05
2022-04-24 11:55:00+00:00,8.722431392391547e-05
2022-04-24 12:00:00+00:00,7.148980163673816e-05
2022-04-24 12:05:00+00:00,7.044291888152945e-05
2022-04-24 12:10:00+00:00,7.328739819993993e-05
2022-04-24 12:15:00+00:00,7.731902656870238e-05
2022-04-24 12:20:00+00:00,8.092609872317303e-05
2022-04-24 12:25:00+00:00,7.810248930624253e-05
2022-04-24 12:30:00+00:00,7.754381663938558e-05
2022-04-24 12:35:00+00:00,8.881620246938154e-05
2022-04-24 12:40:00+00:00,7.786613753986199e-05
2022-04-24 12:45:00+00:00,5.937246801316748e-05
2022-04-24 12:50:00+00:00,5.141397235085454e-05
2022-04-24 12:55:00+00:00,6.64610045972092e-05
2022-04-25 03:45:00+00:00,0.00014627032362999048
2022-04-25 03:50:00+00:00,0.00013135646015559715
2022-04-25 03:55:00+00:00,7.185725109695094e-05
2022-04-25 04:00:00+00:00,9.51432931441466e-05
2022-04-25 04:05:00+00:00,7.670167741847438e-05
2022-04-25 04:10:00+00:00,9.947073751453895e-05
2022-04-25 04:15:00+00:00,0.0001035623954625072
2022-04-25 04:20:00+00:00,0.00012495736440012737
2022-04-25 04:25:00+00:00,0.00012262430884033647
2022-04-25 04:30:00+00:00,0.00010667629698441798
2022-04-25 04:35:00+00:00,8.582412034383216e-05
2022-04-25 04:40:00+00:00,5.099382955625827e-05
2022-04-25 04:45:00+00:00,5.489016047256298e-05
2022-04-25 04:50:00+00:00,4.742636430480684e-05
2022-04-25 04:55:00+00:00,4.5641010973117115e-05
2022-04-25 05:00:00+00:00,3.928718678782356e-05
2022-04-25 05:05:00+00:00,4.181278155468753e-05
2022-04-25 05:10:00+00:00,3.734776289582534e-05
2022-04-25 05:15:00+00:00,3.629746121560195e-05
2022-04-25 05:20:00+00:00,3.726101752639521e-05
2022-04-25 05:25:00+00:00,3.865521555798645e-05
2022-04-25 05:30:00+00:00,3.939608254200262e-05
2022-04-25 05:35:00+00:00,3.892175613214012e-05
2022-04-25 05:40:00+00:00,3.3638614931279087e-05
2022-04-25 05:45:00+00:00,2.706155268801008e-05
2022-04-25 05:50:00+00:00,3.2045335084433375e-05
2022-04-25 05:55:00+00:00,3.8014010726521815e-05
2022-04-25 06:00:00+00:00,4.722825417894191e-05
2022-04-25 06:05:00+00:00,4.055291760750966e-05
2022-04-25 06:10:00+00:00,3.736599836611122e-05
2022-04-25 06:15:00+00:00,3.0268384927008524e-05
2022-04-25 06:20:00+00:00,3.063013499644679e-05
2022-04-25 06:25:00+00:00,4.335699174298782e-05
2022-04-25 06:30:00+00:00,6.180540637534946e-05
2022-04-25 06:35:00+00:00,5.241548716152997e-05
2022-04-25 06:40:00+00:00,4.168731192402243e-05
2022-04-25 06:45:00+00:00,4.275923781330204e-05
2022-04-25 06:50:00+00:00,4.590188877443954e-05
2022-04-25 06:55:00+00:00,4.090651847696833e-05
2022-04-25 07:00:00+00:00,3.403091108368275e-05
2022-04-25 07:05:00+00:00,3.0199099396903512e-05
2022-04-25 07:10:00+00:00,2.8302860896652795e-05
2022-04-25 07:15:00+00:00,9.827735111904582e-05
2022-04-25 07:20:00+00:00,0.0002996195156992856
2022-04-25 07:25:00+00:00,0.0014254764364278248
2022-04-25 07:30:00+00:00,0.0033294987666693788
2022-04-25 07:35:00+00:00,0.005842778263198482
2022-04-25 07:40:00+00:00,0.008379245321387417
2022-04-25 07:45:00+00:00,0.01093111515559042
2022-04-25 07:50:00+00:00,0.012872931479077932
2022-04-25 07:55:00+00:00,0.013611257924501336
2022-04-25 08:00:00+00:00,0.014014403043115024
2022-04-25 08:05:00+00:00,0.014264908158343616
2022-04-25 08:10:00+00:00,0.014322933289353594
2022-04-25 08:15:00+00:00,0.014609647761678566
2022-04-25 08:20:00+00:00,0.014641852291116
2022-04-25 08:25:00+00:00,0.01471103924283445
2022-04-25 08:30:00+00:00,0.014682361473462087
2022-04-25 08:35:00+00:00,0.014642021265572973
2022-04-25 08:40:00+00:00,0.014662469402653679
2022-04-25 08:45:00+00:00,0.014691115043711428
2022-04-25 08:50:00+00:00,0.014526572202326652
2022-04-25 08:55:00+00:00,0.014348466541302273
2022-04-25 09:00:00+00:00,0.014252465562095869
2022-04-25 09:05:00+00:00,0.013853467906939303
2022-04-25 09:10:00+00:00,0.01344385250821012
2022-04-25 09:15:00+00:00,0.013071769508485404
2022-04-25 09:20:00+00:00,0.01290008675673015
2022-04-25 09:25:00+00:00,0.012368581552622136
2022-04-25 09:30:00+00:00,0.010028521314646151
2022-04-25 09:35:00+00:00,0.007129592472800809
2022-04-25 09:40:00+00:00,0.00443012903630494
2022-04-25 09:45:00+00:00,0.0022884829561299466
2022-04-25 09:50:00+00:00,0.0009534303386519083
2022-04-25 09:55:00+00:00,0.00011325172760360247
2022-04-25 10:00:00+00:00,0.00011922073040657722
2022-04-25 10:05:00+00:00,0.00012790493915609577
2022-04-25 10:10:00+00:00,0.000100715852769788
2022-04-25 10:15:00+00:00,8.198739047630483e-05
2022-04-25 10:20:00+00:00,7.723281398951258e-05
2022-04-25 10:25:00+00:00,0.00011918550007448877
2022-04-25 10:30:00+00:00,0.0001608638059631168
2022-04-25 10:35:00+00:00,0.0001783770996064943
2022-04-25 10:40:00+00:00,0.0001843311569087811
2022-04-25 10:45:00+00:00,0.00019381152339522018
2022-04-25 10:50:00+00:00,0.00024244536138155891
2022-04-25 10:55:00+00:00,0.00025217209543161053
2022-04-25 11:00:00+00:00,0.00024966318017141426
2022-04-25 11:05:00+00:00,0.00027743924865953034
2022-04-25 11:10:00+00:00,0.0002775550999878958
2022-04-25 11:15:00+00:00,0.0002547537300721787
2022-04-25 11:20:00+00:00,0.00022881836327328558
2022-04-25 11:25:00+00:00,0.0001870768360065609
2022-04-25 11:30:00+00:00,0.0001644660472152802
2022-04-25 11:35:00+00:00,0.0002066054333386561
2022-04-25 11:40:00+00:00,0.0001485261606730573
2022-04-25 11:45:00+00:00,0.00022027298723791848
2022-04-25 11:50:00+00:00,0.000400217721454564
2022-04-25 11:55:00+00:00,0.00044706918032245534
2022-04-25 12:00:00+00:00,0.00035860676797471385
2022-04-25 12:05:00+00:00,0.0003725425694382884
2022-04-25 12:10:00+00:00,0.0006040450659244687
2022-04-25 12:15:00+00:00,0.0007862956739618867
2022-04-25 12:20:00+00:00,0.0009956745213764813
2022-04-25 12:25:00+00:00,0.001341818540933784
2022-04-25 12:30:00+00:00,0.0013572865880570508
2022-04-25 12:35:00+00:00,0.001143494852761814
2022-04-25 12:40:00+00:00,0.0009007988942116069
2022-04-25 12:45:00+00:00,0.0007631072684301576
2022-04-25 12:50:00+00:00,0.0005105232401723832
2022-04-25 12:55:00+00:00,0.0004177260816315593
2022-04-25 13:00:00+00:00,0.0002788465248544531
2022-04-25 13:05:00+00:00,0.00029418915516384617
2022-04-25 13:10:00+00:00,0.0003332722062786384
2022-04-26 03:20:00+00:00,0.00038262983974847984
2022-04-26 03:25:00+00:00,0.0002503636618752341
2022-04-26 03:30:00+00:00,0.0006689806765576091
2022-04-26 03:35:00+00:00,0.0009477365239156936
2022-04-26 03:40:00+00:00,0.0008720073200660058
2022-04-26 03:45:00+00:00,0.0008684835231264296
2022-04-26 03:50:00+00:00,0.0006793406316803
2022-04-26 03:55:00+00:00,0.0004757600627832496
2022-04-26 04:00:00+00:00,0.00022868637897003908
2022-04-26 04:05:00+00:00,0.00021852955419116827
2022-04-26 04:10:00+00:00,0.00019995650682996363
2022-04-26 04:15:00+00:00,0.00018134552470746118
2022-04-26 04:20:00+00:00,0.0001533160442130315
2022-04-26 04:25:00+00:00,0.00013807395170878264
2022-04-26 04:30:00+00:00,0.0001530085333643073
2022-04-26 04:35:00+00:00,0.00017358407166046503
2022-04-26 04:40:00+00:00,0.00018039063800648675
2022-04-26 04:45:00+00:00,0.00015890449612379794
2022-04-26 04:50:00+00:00,0.00015302138876425507
2022-04-26 04:55:00+00:00,0.00015063073872301753
2022-04-26 05:00:00+00:00,0.00014247552603055807
2022-04-26 05:05:00+00:00,0.00010367370909097707
2022-04-26 05:10:00+00:00,0.00011493201524570351
2022-04-26 05:15:00+00:00,9.135559422330469e-05
2022-04-26 05:20:00+00:00,9.271426911452901e-05
2022-04-26 05:25:00+00:00,8.21668455345078e-05
2022-04-26 05:30:00+00:00,4.339562099175666e-05
2022-04-26 05:35:00+00:00,8.575195692921947e-05
2022-04-26 05:40:00+00:00,0.00010630173726917098
2022-04-26 05:45:00+00:00,0.00012536464365763708
2022-04-26 05:50:00+00:00,0.00011341518931156016
2022-04-26 05:55:00+00:00,0.0001235413636151778
2022-04-26 06:00:00+00:00,0.00013672829664413696
2022-04-26 06:05:00+00:00,0.0002022832887670945
2022-04-26 06:10:00+00:00,0.00024157623590489332
2022-04-26 06:15:00+00:00,0.0002625139984558498
2022-04-26 06:20:00+00:00,0.0006178737342601117
2022-04-26 06:25:00+00:00,0.0005174260466491966
2022-04-26 06:30:00+00:00,0.00033886327666087586
2022-04-26 06:35:00+00:00,0.0002978845609047588
2022-04-26 06:40:00+00:00,0.00025402858385068075
2022-04-26 06:45:00+00:00,0.00023243395484805128
2022-04-26 06:50:00+00:00,0.0001980208752993912
2022-04-26 06:55:00+00:00,0.00017005845910825714
2022-04-26 07:00:00+00:00,0.00016221796757784636
2022-04-26 07:05:00+00:00,0.00013163290156937644
2022-04-26 07:10:00+00:00,0.00011047382887595179
2022-04-26 07:15:00+00:00,0.00023834880376554077
2022-04-26 07:20:00+00:00,7.435210918922711e-05
2022-04-26 07:25:00+00:00,4.617471304947472e-05
2022-04-26 07:30:00+00:00,4.804871220075137e-05
2022-04-26 07:35:00+00:00,5.4107465884144945e-05
2022-04-26 07:40:00+00:00,5.0277270350624e-05
2022-04-26 07:45:00+00:00,3.672093226404142e-05
2022-04-26 07:50:00+00:00,2.3204575322756686e-05
2022-04-26 07:55:00+00:00,4.3149927987233934e-05
2022-04-26 08:00:00+00:00,4.6945249473970154e-05
2022-04-26 08:05:00+00:00,4.0081365502586115e-05
2022-04-26 08:10:00+00:00,2.4708795478887044e-05
2022-04-26 08:15:00+00:00,2.588288690758953e-05
2022-04-26 08:20:00+00:00,3.0313571547918876e-05
2022-04-26 08:25:00+00:00,1.771195467952303e-05
2022-04-26 08:30:00+00:00,3.959786924230729e-05
2022-04-26 08:35:00+00:00,5.095242917949484e-05
2022-04-26 08:40:00+00:00,4.934727547478822e-05
2022-04-26 08:45:00+00:00,4.07625857294646e-05
2022-04-26 08:50:00+00:00,4.215614075616776e-05
2022-04-26 08:55:00+00:00,5.6487947285443503e-05
2022-04-26 09:00:00+00:00,6.601583410274909e-05
2022-04-26 09:05:00+00:00,6.301408038101353e-05
2022-04-26 09:10:00+00:00,6.683117288078785e-05
2022-04-26 09:15:00+00:00,7.829488950910195e-05
2022-04-26 09:20:00+00:00,6.229829980277125e-05
2022-04-26 09:25:00+00:00,8.9740995457097e-05
2022-04-26 09:30:00+00:00,0.00014327207975408252
2022-04-26 09:35:00+00:00,0.00013273374333764914
2022-04-26 09:40:00+00:00,0.00010419359509240528
2022-04-26 09:45:00+00:00,7.824752030282544e-05
2022-04-26 09:50:00+00:00,0.00010160986644071388
2022-04-26 09:55:00+00:00,0.00015004313363232793
2022-04-26 10:00:00+00:00,0.0001434511438195887
2022-04-26 10:05:00+00:00,0.00013542497098891594
2022-04-26 10:10:00+00:00,0.00013638952368114847
2022-04-26 10:15:00+00:00,0.00019484495019375013
2022-04-26 10:20:00+00:00,0.00021282888202882026
2022-04-26 10:25:00+00:00,0.00020863410464138195
2022-04-26 10:30:00+00:00,0.00020084362262122931
2022-04-26 10:35:00+00:00,0.0001881650436923972
2022-04-26 10:40:00+00:00,0.0002146841154169569
2022-04-26 10:45:00+00:00,0.00024053950954409204
2022-04-26 10:50:00+00:00,0.00025905459539425955
2022-04-26 10:55:00+00:00,0.00020029904374190683
2022-04-26 11:00:00+00:00,0.00018667453718521236
2022-04-26 11:05:00+00:00,0.0001683825683070335
2022-04-26 11:10:00+00:00,0.00017353090769883455
2022-04-26 11:15:00+00:00,0.00020713154052200394
2022-04-26 11:20:00+00:00,0.0002260026870018157
2022-04-26 11:25:00+00:00,0.000202801723886353
2022-04-26 11:30:00+00:00,0.00024224764873722297
2022-04-26 11:35:00+00:00,0.00028534098809979646
2022-04-26 11:40:00+00:00,0.00018437452670798634
2022-04-26 11:45:00+00:00,0.00022373047592036274
2022-04-26 11:50:00+00:00,0.0004163269820416732
2022-04-26 11:55:00+00:00,0.0003877398346421941
2022-04-26 12:00:00+00:00,0.00032835574970075857
2022-04-26 12:05:00+00:00,0.00038862777768752473
2022-04-26 12:10:00+00:00,0.0005794653734488656
2022-04-26 12:15:00+00:00,0.0007328684167672124
2022-04-26 12:20:00+00:00,0.0009309721022535648
2022-04-26 12:25:00+00:00,0.0009499533594981564
2022-04-26 12:30:00+00:00,0.000652538711179137
2022-04-26 12:35:00+00:00,0.0004955520585186026
2022-04-26 12:40:00+00:00,0.00034627069667687605
2022-04-26 12:45:00+00:00,0.00034737393478658104
2022-04-26 12:50:00+00:00,0.0002502338725674585
2022-04-26 12:55:00+00:00,0.0002258684471856281
2022-04-27 03:15:00+00:00,0.0005026259824101461
2022-04-27 03:20:00+00:00,8.629782472077464e-05
2022-04-27 03:25:00+00:00,6.668901739941387e-05
2022-04-27 03:30:00+00:00,0.00036473655363996384
2022-04-27 03:35:00+00:00,0.0004390231632164993
2022-04-27 03:40:00+00:00,0.000411442384726338
2022-04-27 03:45:00+00:00,0.0003968965089203311
2022-04-27 03:50:00+00:00,0.0003099962308879593
2022-04-27 03:55:00+00:00,0.00025967838764880813
2022-04-27 04:00:00+00:00,0.00011864580891740348
2022-04-27 04:05:00+00:00,9.823364699839752e-05
2022-04-27 04:10:00+00:00,9.058896077840756e-05
2022-04-27 04:15:00+00:00,8.632532051620999e-05
2022-04-27 04:20:00+00:00,7.910756243818758e-05
2022-04-27 04:25:00+00:00,7.20137243791843e-05
2022-04-27 04:30:00+00:00,7.22320993474432e-05
2022-04-27 04:35:00+00:00,7.765959988222336e-05
2022-04-27 04:40:00+00:00,7.71269632220663e-05
2022-04-27 04:45:00+00:00,7.993976869070013e-05
2022-04-27 04:50:00+00:00,7.054502590112395e-05
2022-04-27 04:55:00+00:00,7.055174866687105e-05
2022-04-27 05:00:00+00:00,7.084762293343374e-05
2022-04-27 05:05:00+00:00,6.88779001083736e-05
2022-04-27 05:10:00+00:00,6.30708410497411e-05
2022-04-27 05:15:00+00:00,0.00043706967602088884
2022-04-27 05:20:00+00:00,0.0013799317993134627
2022-04-27 05:25:00+00:00,0.002928501120529251
2022-04-27 05:30:00+00:00,0.004736012751215499
2022-04-27 05:35:00+00:00,0.006771578290362286
2022-04-27 05:40:00+00:00,0.008442233806920725
2022-04-27 05:45:00+00:00,0.009391174731276063
2022-04-27 05:50:00+00:00,0.01018940260375573
2022-04-27 05:55:00+00:00,0.010862609421172065
2022-04-27 06:00:00+00:00,0.011329190541381172
2022-04-27 06:05:00+00:00,0.011742335538717261
2022-04-27 06:10:00+00:00,0.012057066842587255
2022-04-27 06:15:00+00:00,0.012287714804391264
2022-04-27 06:20:00+00:00,0.012490495093926864
2022-04-27 06:25:00+00:00,0.012645278651955253
2022-04-27 06:30:00+00:00,0.012828907496185937
2022-04-27 06:35:00+00:00,0.013044235725692143
2022-04-27 06:40:00+00:00,0.01320511419315912
2022-04-27 06:45:00+00:00,0.01316274258766432
2022-04-27 06:50:00+00:00,0.013201551834862007
2022-04-27 06:55:00+00:00,0.01326690575892721
2022-04-27 07:00:00+00:00,0.013271764787814659
2022-04-27 07:05:00+00:00,0.013293104928973794
2022-04-27 07:10:00+00:00,0.013186778424241683
2022-04-27 07:15:00+00:00,0.013225506977942303
2022-04-27 07:20:00+00:00,0.013205465769573883
2022-04-27 07:25:00+00:00,0.013243251091792526
2022-04-27 07:30:00+00:00,0.013273859145106488
2022-04-27 07:35:00+00:00,0.013344167537464131
2022-04-27 07:40:00+00:00,0.013282485252564542
2022-04-27 07:45:00+00:00,0.013192497703168667
2022-04-27 07:50:00+00:00,0.011077149288808374
2022-04-27 07:55:00+00:00,0.008500043693670955
2022-04-27 08:00:00+00:00,0.005451122381039747
2022-04-27 08:05:00+00:00,0.0030331746300203775
2022-04-27 08:10:00+00:00,0.0015385125503841078
2022-04-27 08:15:00+00:00,0.000290326916383865
2022-04-27 08:20:00+00:00,0.00010442278356337919
2022-04-27 08:25:00+00:00,6.818907158576265e-05
2022-04-27 08:30:00+00:00,5.990283001601039e-05
2022-04-27 08:35:00+00:00,2.7855562602427753e-05
2022-04-27 08:40:00+00:00,1.807233755278249e-05
2022-04-27 08:45:00+00:00,2.3149296304894108e-05
2022-04-27 08:50:00+00:00,4.5984249862936465e-05
2022-04-27 08:55:00+00:00,6.273004999562859e-05
2022-04-27 09:00:00+00:00,4.687316881601797e-05
2022-04-27 09:05:00+00:00,2.4893063873115873e-05
2022-04-27 09:10:00+00:00,2.3416503659406052e-05
2022-04-27 09:15:00+00:00,2.4277061698055635e-05
2022-04-27 09:20:00+00:00,4.028964237884686e-05
2022-04-27 09:25:00+00:00,3.971067891508449e-05
2022-04-27 09:30:00+00:00,4.917088287283913e-05
2022-04-27 09:35:00+00:00,4.0720441314374404e-05
2022-04-27 09:40:00+00:00,2.556196498443546e-05
2022-04-27 09:45:00+00:00,4.261210984748613e-05
2022-04-27 09:50:00+00:00,3.458627648426918e-05
2022-04-27 09:55:00+00:00,3.972008830292944e-05
2022-04-27 10:00:00+00:00,3.800090773822999e-05
2022-04-27 10:05:00+00:00,3.626776397145371e-05
2022-04-27 10:10:00+00:00,4.2828017043643885e-05
2022-04-27 10:15:00+00:00,4.314306950196138e-05
2022-04-27 10:20:00+00:00,4.641337841184393e-05
2022-04-27 10:25:00+00:00,5.469192161962409e-05
2022-04-27 10:30:00+00:00,5.597993378290186e-05
2022-04-27 10:35:00+00:00,8.496622519158342e-05
2022-04-27 10:40:00+00:00,7.934089070035772e-05
2022-04-27 10:45:00+00:00,9.243912965365953e-05
2022-04-27 10:50:00+00:00,8.955803595601055e-05
2022-04-27 10:55:00+00:00,9.911892488396878e-05
2022-04-27 11:00:00+00:00,9.81841509127995e-05
2022-04-27 11:05:00+00:00,6.049083643378234e-05
2022-04-27 11:10:00+00:00,7.162554629655754e-05
2022-04-27 11:15:00+00:00,9.882149109803426e-05
2022-04-27 11:20:00+00:00,9.220124267645735e-05
2022-04-27 11:25:00+00:00,6.60343590484895e-05
2022-04-27 11:30:00+00:00,0.00011209540475232853
2022-04-27 11:35:00+00:00,0.00016192487755785337
2022-04-27 11:40:00+00:00,0.00012308516577072654
2022-04-27 11:45:00+00:00,0.00029776338860532163
2022-04-27 11:50:00+00:00,0.00042300172456085435
2022-04-27 11:55:00+00:00,0.0003976102169109608
2022-04-27 12:00:00+00:00,0.0003861335488285935
2022-04-27 12:05:00+00:00,0.0005151351295059784
2022-04-27 12:10:00+00:00,0.0005481831502844181
2022-04-27 12:15:00+00:00,0.0006819871055808498
2022-04-27 12:20:00+00:00,0.0008453284833167699
2022-04-27 12:25:00+00:00,0.0010788602352599782
2022-04-27 12:30:00+00:00,0.0008957872590119914
2022-04-27 12:35:00+00:00,0.0008368161461547017
2022-04-27 12:40:00+00:00,0.0006662052336504683
2022-04-27 12:45:00+00:00,0.0004991675219594618
2022-04-27 12:50:00+00:00,0.00040984914034783746
2022-04-27 12:55:00+00:00,0.00028709527434707616
2022-04-27 13:00:00+00:00,0.00020866306745861895
2022-04-27 13:05:00+00:00,0.00020101164158706588
2022-04-27 13:10:00+00:00,0.00030506401552700245
2022-04-27 13:15:00+00:00,0.00024817403207550337
2022-04-28 03:35:00+00:00,0.0007761164191201716
2022-04-28 03:40:00+00:00,0.0006531426769794795
2022-04-28 03:45:00+00:00,0.000486233120764606
2022-04-28 03:50:00+00:00,0.00031417698277438503
2022-04-28 03:55:00+00:00,0.00022817414985135804
2022-04-28 04:00:00+00:00,8.146166937355028e-05
2022-04-28 04:05:00+00:00,5.244264809982884e-05
2022-04-28 04:10:00+00:00,4.113524211225452e-05
2022-04-28 04:15:00+00:00,3.97141578148015e-05
2022-04-28 04:20:00+00:00,3.505173608998287e-05
2022-04-28 04:25:00+00:00,3.1493700364329484e-05
2022-04-28 04:30:00+00:00,2.9738614326122537e-05
2022-04-28 04:35:00+00:00,3.9307103638329996e-05
2022-04-28 04:40:00+00:00,3.3055517995230186e-05
2022-04-28 04:45:00+00:00,3.4021552318700255e-05
2022-04-28 04:50:00+00:00,3.469329488161227e-05
2022-04-28 04:55:00+00:00,3.662826497899274e-05
2022-04-28 05:00:00+00:00,4.192791406321803e-05
2022-04-28 05:05:00+00:00,2.651165752547348e-05
2022-04-28 05:10:00+00:00,3.044168300846125e-05
2022-04-28 05:15:00+00:00,3.4499854255515646e-05
2022-04-28 05:20:00+00:00,4.039612455731304e-05
2022-04-28 05:25:00+00:00,3.926840562835575e-05
2022-04-28 05:30:00+00:00,3.92659411889926e-05
2022-04-28 05:35:00+00:00,3.685932195981599e-05
2022-04-28 05:40:00+00:00,3.268234460405453e-05
2022-04-28 05:45:00+00:00,3.562915793319117e-05
2022-04-28 05:50:00+00:00,4.767761093495799e-05
2022-04-28 05:55:00+00:00,4.8371729702862745e-05
2022-04-28 06:00:00+00:00,5.0655017026397716e-05
2022-04-28 06:05:00+00:00,7.614583189733044e-05
2022-04-28 06:10:00+00:00,7.964904180801394e-05
2022-04-28 06:15:00+00:00,7.312702207273179e-05
2022-04-28 06:20:00+00:00,6.956214503122432e-05
2022-04-28 06:25:00+00:00,6.76579246870722e-05
2022-04-28 06:30:00+00:00,5.4406870103630246e-05
2022-04-28 06:35:00+00:00,5.652426928908299e-05
2022-04-28 06:40:00+00:00,5.479957743973173e-05
2022-04-28 06:45:00+00:00,5.172453769768887e-05
2022-04-28 06:50:00+00:00,5.42721572144543e-05
2022-04-28 06:55:00+00:00,6.557111208916626e-05
2022-04-28 07:00:00+00:00,6.228678075345819e-05
2022-04-28 07:05:00+00:00,5.226880860716398e-05
2022-04-28 07:10:00+00:00,4.805572722258206e-05
2022-04-28 07:15:00+00:00,3.2715425478490515e-05
2022-04-28 07:20:00+00:00,2.8027995366739804e-05
2022-04-28 07:25:00+00:00,3.052556547860228e-05
2022-04-28 07:30:00+00:00,2.6747596269120494e-05
2022-04-28 07:35:00+00:00,1.8267201026085084e-05
2022-04-28 07:40:00+00:00,2.767232639183761e-05
2022-04-28 07:45:00+00:00,2.737157264264563e-05
2022-04-28 07:50:00+00:00,3.47018382421309e-05
2022-04-28 07:55:00+00:00,2.3811767385636375e-05
2022-04-28 08:00:00+00:00,2.5377820313400524e-05
2022-04-28 08:05:00+00:00,2.775693944929687e-05
2022-04-28 08:10:00+00:00,2.6620544136480095e-05
2022-04-28 08:15:00+00:00,6.0039457555366316e-05
2022-04-28 08:20:00+00:00,0.00012763323607426042
2022-04-28 08:25:00+00:00,0.00012115056635018556
2022-04-28 08:30:00+00:00,0.00015962738302357582
2022-04-28 08:35:00+00:00,0.0003363377017706712
2022-04-28 08:40:00+00:00,0.0002922201068899702
2022-04-28 08:45:00+00:00,0.00027876673605121673
2022-04-28 08:50:00+00:00,0.0002933409847003527
2022-04-28 08:55:00+00:00,0.00034447333937656497
2022-04-28 09:00:00+00:00,0.00013626248144194388
2022-04-28 09:05:00+00:00,8.567256430225957e-05
2022-04-28 09:10:00+00:00,0.00010641453288458501
2022-04-28 09:15:00+00:00,0.00013413079128519296
2022-04-28 09:20:00+00:00,0.00010192102092976414
2022-04-28 09:25:00+00:00,0.00010831817818970484
2022-04-28 09:30:00+00:00,0.00013666254985813766
2022-04-28 09:35:00+00:00,0.0004423925333490413
2022-04-28 09:40:00+00:00,0.00048457523915516984
2022-04-28 09:45:00+00:00,0.0005692812860156829
2022-04-28 09:50:00+00:00,0.0005508151973242134
2022-04-28 09:55:00+00:00,0.0006541301293753626
2022-04-28 10:00:00+00:00,0.00024322821906916408
2022-04-28 10:05:00+00:00,0.00017757313328000055
2022-04-28 10:10:00+00:00,0.00014110802932844476
2022-04-28 10:15:00+00:00,0.00013322351409670048
2022-04-28 10:20:00+00:00,0.0002687443382240501
2022-04-28 10:25:00+00:00,0.0002754069729126759
2022-04-28 10:30:00+00:00,0.00023630474908330017
2022-04-28 10:35:00+00:00,0.0002070660066555043
2022-04-28 10:40:00+00:00,0.00020471257846179164
2022-04-28 10:45:00+00:00,0.0004275423757612934
2022-04-28 10:50:00+00:00,4.204343195982337e-05
2022-04-28 10:55:00+00:00,3.923694174662621e-05
2022-04-28 11:00:00+00:00,3.6703100735814246e-05
2022-04-28 11:05:00+00:00,4.402187949230154e-05
2022-04-28 11:10:00+00:00,8.293876785575703e-05
2022-04-28 11:15:00+00:00,9.421941457616378e-05
2022-04-28 11:20:00+00:00,0.0001321420805632542
2022-04-28 11:25:00+00:00,0.00016000378636600745
2022-04-28 11:30:00+00:00,0.0002580775548571867
2022-04-28 11:35:00+00:00,0.0002948554609526657
2022-04-28 11:40:00+00:00,0.0002771143929187196
2022-04-28 11:45:00+00:00,0.0003341128230451374
2022-04-28 11:50:00+00:00,0.0005152709105725238
2022-04-28 11:55:00+00:00,0.0003208637327264177
2022-04-28 12:00:00+00:00,0.00036513011637711446
2022-04-28 12:05:00+00:00,0.00037122183330457826
2022-04-28 12:10:00+00:00,0.00022613217173971762
2022-04-28 12:15:00+00:00,0.00028820642490365376
2022-04-28 12:20:00+00:00,0.0002604591343973241
2022-04-28 12:25:00+00:00,0.00023147201088399546
2022-04-28 12:30:00+00:00,0.00019767550246791465
2022-04-28 12:35:00+00:00,0.00019353600132517764
2022-04-28 12:40:00+00:00,4.622104568063978e-05
2022-04-28 12:45:00+00:00,3.792515435859035e-05
2022-04-28 12:50:00+00:00,3.7776421073373955e-05
2022-04-28 12:55:00+00:00,5.0071429517860564e-05
2022-04-28 13:00:00+00:00,7.828595439445515e-05
2022-04-28 13:05:00+00:00,0.00011310506117289412
